#ifdef OLED_GR

#include "OLEDDisplayFontsGR.h"

// CP-1253 layout, except Ώ at 0xAA so 0xBF stays ¿. ASCII from upstream ArialMT_Plain_*, Greek rendered from Liberation Sans.
const uint8_t ArialMT_Plain_10_GR[] PROGMEM = {
    0x0A, // Width: 10
    0x0D, // Height: 13
    0x20, // First Char: 32
    0xE0, // Numbers of Chars: 224

    // Jump Table:
    0xFF, 0xFF, 0x00, 0x03, // 32:65535
    0x00, 0x00, 0x04, 0x03, // 33:0 !
    0x00, 0x04, 0x05, 0x04, // 34:4 "
    0x00, 0x09, 0x09, 0x06, // 35:9 #
    0x00, 0x12, 0x0A, 0x06, // 36:18 $
    0x00, 0x1C, 0x10, 0x09, // 37:28 %
    0x00, 0x2C, 0x0E, 0x07, // 38:44 &
    0x00, 0x3A, 0x01, 0x02, // 39:58 '
    0x00, 0x3B, 0x06, 0x03, // 40:59 (
    0x00, 0x41, 0x06, 0x03, // 41:65 )
    0x00, 0x47, 0x05, 0x04, // 42:71 *
    0x00, 0x4C, 0x09, 0x06, // 43:76 +
    0x00, 0x55, 0x04, 0x03, // 44:85 ,
    0x00, 0x59, 0x03, 0x03, // 45:89 -
    0x00, 0x5C, 0x04, 0x03, // 46:92 .
    0x00, 0x60, 0x05, 0x03, // 47:96 /
    0x00, 0x65, 0x0A, 0x06, // 48:101 0
    0x00, 0x6F, 0x08, 0x06, // 49:111 1
    0x00, 0x77, 0x0A, 0x06, // 50:119 2
    0x00, 0x81, 0x0A, 0x06, // 51:129 3
    0x00, 0x8B, 0x0B, 0x06, // 52:139 4
    0x00, 0x96, 0x0A, 0x06, // 53:150 5
    0x00, 0xA0, 0x0A, 0x06, // 54:160 6
    0x00, 0xAA, 0x09, 0x06, // 55:170 7
    0x00, 0xB3, 0x0A, 0x06, // 56:179 8
    0x00, 0xBD, 0x0A, 0x06, // 57:189 9
    0x00, 0xC7, 0x04, 0x03, // 58:199 :
    0x00, 0xCB, 0x04, 0x03, // 59:203 ;
    0x00, 0xCF, 0x0A, 0x06, // 60:207 <
    0x00, 0xD9, 0x09, 0x06, // 61:217 =
    0x00, 0xE2, 0x09, 0x06, // 62:226 >
    0x00, 0xEB, 0x0B, 0x06, // 63:235 ?
    0x00, 0xF6, 0x14, 0x0A, // 64:246 @
    0x01, 0x0A, 0x0E, 0x07, // 65:266 A
    0x01, 0x18, 0x0C, 0x07, // 66:280 B
    0x01, 0x24, 0x0C, 0x07, // 67:292 C
    0x01, 0x30, 0x0B, 0x07, // 68:304 D
    0x01, 0x3B, 0x0C, 0x07, // 69:315 E
    0x01, 0x47, 0x09, 0x06, // 70:327 F
    0x01, 0x50, 0x0D, 0x08, // 71:336 G
    0x01, 0x5D, 0x0C, 0x07, // 72:349 H
    0x01, 0x69, 0x04, 0x03, // 73:361 I
    0x01, 0x6D, 0x08, 0x05, // 74:365 J
    0x01, 0x75, 0x0E, 0x07, // 75:373 K
    0x01, 0x83, 0x0C, 0x06, // 76:387 L
    0x01, 0x8F, 0x10, 0x08, // 77:399 M
    0x01, 0x9F, 0x0C, 0x07, // 78:415 N
    0x01, 0xAB, 0x0E, 0x08, // 79:427 O
    0x01, 0xB9, 0x0B, 0x07, // 80:441 P
    0x01, 0xC4, 0x0E, 0x08, // 81:452 Q
    0x01, 0xD2, 0x0C, 0x07, // 82:466 R
    0x01, 0xDE, 0x0C, 0x07, // 83:478 S
    0x01, 0xEA, 0x0B, 0x06, // 84:490 T
    0x01, 0xF5, 0x0C, 0x07, // 85:501 U
    0x02, 0x01, 0x0D, 0x07, // 86:513 V
    0x02, 0x0E, 0x11, 0x09, // 87:526 W
    0x02, 0x1F, 0x0E, 0x07, // 88:543 X
    0x02, 0x2D, 0x0D, 0x07, // 89:557 Y
    0x02, 0x3A, 0x0C, 0x06, // 90:570 Z
    0x02, 0x46, 0x06, 0x03, // 91:582 [
    0x02, 0x4C, 0x06, 0x03, // 92:588
    0x02, 0x52, 0x04, 0x03, // 93:594 ]
    0x02, 0x56, 0x09, 0x05, // 94:598 ^
    0x02, 0x5F, 0x0C, 0x06, // 95:607 _
    0x02, 0x6B, 0x03, 0x03, // 96:619 `
    0x02, 0x6E, 0x0A, 0x06, // 97:622 a
    0x02, 0x78, 0x0A, 0x06, // 98:632 b
    0x02, 0x82, 0x0A, 0x05, // 99:642 c
    0x02, 0x8C, 0x0A, 0x06, // 100:652 d
    0x02, 0x96, 0x0A, 0x06, // 101:662 e
    0x02, 0xA0, 0x05, 0x03, // 102:672 f
    0x02, 0xA5, 0x0A, 0x06, // 103:677 g
    0x02, 0xAF, 0x0A, 0x06, // 104:687 h
    0x02, 0xB9, 0x04, 0x02, // 105:697 i
    0x02, 0xBD, 0x04, 0x02, // 106:701 j
    0x02, 0xC1, 0x08, 0x05, // 107:705 k
    0x02, 0xC9, 0x04, 0x02, // 108:713 l
    0x02, 0xCD, 0x10, 0x08, // 109:717 m
    0x02, 0xDD, 0x0A, 0x06, // 110:733 n
    0x02, 0xE7, 0x0A, 0x06, // 111:743 o
    0x02, 0xF1, 0x0A, 0x06, // 112:753 p
    0x02, 0xFB, 0x0A, 0x06, // 113:763 q
    0x03, 0x05, 0x05, 0x03, // 114:773 r
    0x03, 0x0A, 0x08, 0x05, // 115:778 s
    0x03, 0x12, 0x06, 0x03, // 116:786 t
    0x03, 0x18, 0x0A, 0x06, // 117:792 u
    0x03, 0x22, 0x09, 0x05, // 118:802 v
    0x03, 0x2B, 0x0E, 0x07, // 119:811 w
    0x03, 0x39, 0x0A, 0x05, // 120:825 x
    0x03, 0x43, 0x09, 0x05, // 121:835 y
    0x03, 0x4C, 0x0A, 0x05, // 122:844 z
    0x03, 0x56, 0x06, 0x03, // 123:854 {
    0x03, 0x5C, 0x04, 0x03, // 124:860 |
    0x03, 0x60, 0x05, 0x03, // 125:864 }
    0x03, 0x65, 0x09, 0x06, // 126:869 ~
    0xFF, 0xFF, 0x00, 0x00, // 127:65535
    0xFF, 0xFF, 0x00, 0x0A, // 128:65535
    0xFF, 0xFF, 0x00, 0x0A, // 129:65535
    0xFF, 0xFF, 0x00, 0x0A, // 130:65535
    0xFF, 0xFF, 0x00, 0x0A, // 131:65535
    0xFF, 0xFF, 0x00, 0x0A, // 132:65535
    0xFF, 0xFF, 0x00, 0x0A, // 133:65535
    0xFF, 0xFF, 0x00, 0x0A, // 134:65535
    0xFF, 0xFF, 0x00, 0x0A, // 135:65535
    0xFF, 0xFF, 0x00, 0x0A, // 136:65535
    0xFF, 0xFF, 0x00, 0x0A, // 137:65535
    0xFF, 0xFF, 0x00, 0x0A, // 138:65535
    0xFF, 0xFF, 0x00, 0x0A, // 139:65535
    0xFF, 0xFF, 0x00, 0x0A, // 140:65535
    0xFF, 0xFF, 0x00, 0x0A, // 141:65535
    0xFF, 0xFF, 0x00, 0x0A, // 142:65535
    0xFF, 0xFF, 0x00, 0x0A, // 143:65535
    0xFF, 0xFF, 0x00, 0x0A, // 144:65535
    0xFF, 0xFF, 0x00, 0x0A, // 145:65535
    0xFF, 0xFF, 0x00, 0x0A, // 146:65535
    0xFF, 0xFF, 0x00, 0x0A, // 147:65535
    0xFF, 0xFF, 0x00, 0x0A, // 148:65535
    0xFF, 0xFF, 0x00, 0x0A, // 149:65535
    0xFF, 0xFF, 0x00, 0x0A, // 150:65535
    0xFF, 0xFF, 0x00, 0x0A, // 151:65535
    0xFF, 0xFF, 0x00, 0x0A, // 152:65535
    0xFF, 0xFF, 0x00, 0x0A, // 153:65535
    0xFF, 0xFF, 0x00, 0x0A, // 154:65535
    0xFF, 0xFF, 0x00, 0x0A, // 155:65535
    0xFF, 0xFF, 0x00, 0x0A, // 156:65535
    0xFF, 0xFF, 0x00, 0x0A, // 157:65535
    0xFF, 0xFF, 0x00, 0x0A, // 158:65535
    0xFF, 0xFF, 0x00, 0x0A, // 159:65535
    0xFF, 0xFF, 0x00, 0x03, // 160:65535
    0x03, 0x6E, 0x05, 0x03, // 161:878 ΅
    0x03, 0x73, 0x0E, 0x07, // 162:883 Ά
    0x03, 0x81, 0x0C, 0x06, // 163:897 £
    0x03, 0x8D, 0x0A, 0x06, // 164:909 ¤
    0x03, 0x97, 0x0A, 0x06, // 165:919 ¥
    0x03, 0xA1, 0x04, 0x03, // 166:929 ¦
    0x03, 0xA5, 0x0A, 0x06, // 167:933 §
    0x03, 0xAF, 0x05, 0x03, // 168:943 ¨
    0x03, 0xB4, 0x0D, 0x07, // 169:948 ©
    0x03, 0xC1, 0x0E, 0x08, // 170:961 Ώ
    0x03, 0xCF, 0x0A, 0x06, // 171:975 «
    0x03, 0xD9, 0x09, 0x06, // 172:985 ¬
    0x03, 0xE2, 0x03, 0x03, // 173:994
    0x03, 0xE5, 0x0D, 0x07, // 174:997 ®
    0x03, 0xF2, 0x0B, 0x06, // 175:1010 ¯
    0x03, 0xFD, 0x07, 0x04, // 176:1021 °
    0x04, 0x04, 0x0A, 0x05, // 177:1028 ±
    0x04, 0x0E, 0x05, 0x03, // 178:1038 ²
    0x04, 0x13, 0x05, 0x03, // 179:1043 ³
    0x04, 0x18, 0x03, 0x03, // 180:1048 ΄
    0x04, 0x1B, 0x0A, 0x06, // 181:1051 µ
    0x04, 0x25, 0x09, 0x05, // 182:1061 ¶
    0x04, 0x2E, 0x03, 0x03, // 183:1070 ·
    0x04, 0x31, 0x0E, 0x08, // 184:1073 Έ
    0x04, 0x3F, 0x0C, 0x08, // 185:1087 Ή
    0x04, 0x4B, 0x04, 0x04, // 186:1099 Ί
    0x04, 0x4F, 0x0A, 0x06, // 187:1103 »
    0x04, 0x59, 0x0D, 0x08, // 188:1113 Ό
    0x04, 0x66, 0x10, 0x08, // 189:1126 ½
    0x04, 0x76, 0x0D, 0x09, // 190:1142 Ύ
    0x04, 0x83, 0x0A, 0x06, // 191:1155 ¿
    0x04, 0x8D, 0x05, 0x02, // 192:1165 ΐ
    0x04, 0x92, 0x0E, 0x07, // 193:1170 Α
    0x04, 0xA0, 0x0C, 0x07, // 194:1184 Β
    0x04, 0xAC, 0x0B, 0x06, // 195:1196 Γ
    0x04, 0xB7, 0x0E, 0x07, // 196:1207 Δ
    0x04, 0xC5, 0x0E, 0x07, // 197:1221 Ε
    0x04, 0xD3, 0x0C, 0x06, // 198:1235 Ζ
    0x04, 0xDF, 0x0C, 0x07, // 199:1247 Η
    0x04, 0xEB, 0x0F, 0x08, // 200:1259 Θ
    0x04, 0xFA, 0x04, 0x03, // 201:1274 Ι
    0x04, 0xFE, 0x0C, 0x07, // 202:1278 Κ
    0x05, 0x0A, 0x0E, 0x07, // 203:1290 Λ
    0x05, 0x18, 0x10, 0x08, // 204:1304 Μ
    0x05, 0x28, 0x0C, 0x07, // 205:1320 Ν
    0x05, 0x34, 0x0E, 0x07, // 206:1332 Ξ
    0x05, 0x42, 0x0F, 0x08, // 207:1346 Ο
    0x05, 0x51, 0x0C, 0x07, // 208:1361 Π
    0x05, 0x5D, 0x0B, 0x07, // 209:1373 Ρ
    0xFF, 0xFF, 0x00, 0x08, // 210:65535
    0x05, 0x68, 0x0C, 0x06, // 211:1384 Σ
    0x05, 0x74, 0x0D, 0x06, // 212:1396 Τ
    0x05, 0x81, 0x0B, 0x07, // 213:1409 Υ
    0x05, 0x8C, 0x0D, 0x08, // 214:1420 Φ
    0x05, 0x99, 0x0C, 0x07, // 215:1433 Χ
    0x05, 0xA5, 0x0B, 0x08, // 216:1445 Ψ
    0x05, 0xB0, 0x0E, 0x07, // 217:1456 Ω
    0x05, 0xBE, 0x05, 0x03, // 218:1470 Ϊ
    0x05, 0xC3, 0x0B, 0x07, // 219:1475 Ϋ
    0x05, 0xCE, 0x09, 0x06, // 220:1486 ά
    0x05, 0xD7, 0x08, 0x04, // 221:1495 έ
    0x05, 0xDF, 0x0A, 0x06, // 222:1503 ή
    0x05, 0xE9, 0x02, 0x02, // 223:1513 ί
    0x05, 0xEB, 0x0A, 0x05, // 224:1515 ΰ
    0x05, 0xF5, 0x09, 0x06, // 225:1525 α
    0x05, 0xFE, 0x0C, 0x06, // 226:1534 β
    0x06, 0x0A, 0x09, 0x05, // 227:1546 γ
    0x06, 0x13, 0x0B, 0x06, // 228:1555 δ
    0x06, 0x1E, 0x08, 0x04, // 229:1566 ε
    0x06, 0x26, 0x08, 0x04, // 230:1574 ζ
    0x06, 0x2E, 0x0A, 0x06, // 231:1582 η
    0x06, 0x38, 0x0A, 0x06, // 232:1592 θ
    0x06, 0x42, 0x04, 0x02, // 233:1602 ι
    0x06, 0x46, 0x0A, 0x05, // 234:1606 κ
    0x06, 0x50, 0x0A, 0x05, // 235:1616 λ
    0x06, 0x5A, 0x0A, 0x06, // 236:1626 μ
    0x06, 0x64, 0x09, 0x05, // 237:1636 ν
    0x06, 0x6D, 0x08, 0x04, // 238:1645 ξ
    0x06, 0x75, 0x0B, 0x06, // 239:1653 ο
    0x06, 0x80, 0x0D, 0x07, // 240:1664 π
    0x06, 0x8D, 0x0B, 0x06, // 241:1677 ρ
    0x06, 0x98, 0x0A, 0x05, // 242:1688 ς
    0x06, 0xA2, 0x0B, 0x06, // 243:1698 σ
    0x06, 0xAD, 0x05, 0x04, // 244:1709 τ
    0x06, 0xB2, 0x0A, 0x05, // 245:1714 υ
    0x06, 0xBC, 0x0B, 0x06, // 246:1724 φ
    0x06, 0xC7, 0x0A, 0x05, // 247:1735 χ
    0x06, 0xD1, 0x0C, 0x07, // 248:1745 ψ
    0x06, 0xDD, 0x0F, 0x08, // 249:1757 ω
    0x06, 0xEC, 0x05, 0x02, // 250:1772 ϊ
    0x06, 0xF1, 0x0A, 0x05, // 251:1777 ϋ
    0x06, 0xFB, 0x0B, 0x06, // 252:1787 ό
    0x07, 0x06, 0x0A, 0x05, // 253:1798 ύ
    0x07, 0x10, 0x0F, 0x08, // 254:1808 ώ
    0xFF, 0xFF, 0x00, 0x05, // 255:65535

    // Font Data:
    0x00, 0x00, 0xF8, 0x02,                                                                                                 // 33
    0x38, 0x00, 0x00, 0x00, 0x38,                                                                                           // 34
    0xA0, 0x03, 0xE0, 0x00, 0xB8, 0x03, 0xE0, 0x00, 0xB8,                                                                   // 35
    0x30, 0x01, 0x28, 0x02, 0xF8, 0x07, 0x48, 0x02, 0x90, 0x01,                                                             // 36
    0x00, 0x00, 0x30, 0x00, 0x48, 0x00, 0x30, 0x03, 0xC0, 0x00, 0xB0, 0x01, 0x48, 0x02, 0x80, 0x01,                         // 37
    0x80, 0x01, 0x50, 0x02, 0x68, 0x02, 0xA8, 0x02, 0x18, 0x01, 0x80, 0x03, 0x80, 0x02,                                     // 38
    0x38,                                                                                                                   // 39
    0xE0, 0x03, 0x10, 0x04, 0x08, 0x08,                                                                                     // 40
    0x08, 0x08, 0x10, 0x04, 0xE0, 0x03,                                                                                     // 41
    0x28, 0x00, 0x18, 0x00, 0x28,                                                                                           // 42
    0x40, 0x00, 0x40, 0x00, 0xF0, 0x01, 0x40, 0x00, 0x40,                                                                   // 43
    0x00, 0x00, 0x00, 0x06,                                                                                                 // 44
    0x80, 0x00, 0x80,                                                                                                       // 45
    0x00, 0x00, 0x00, 0x02,                                                                                                 // 46
    0x00, 0x03, 0xE0, 0x00, 0x18,                                                                                           // 47
    0xF0, 0x01, 0x08, 0x02, 0x08, 0x02, 0x08, 0x02, 0xF0, 0x01,                                                             // 48
    0x00, 0x00, 0x20, 0x00, 0x10, 0x00, 0xF8, 0x03,                                                                         // 49
    0x10, 0x02, 0x08, 0x03, 0x88, 0x02, 0x48, 0x02, 0x30, 0x02,                                                             // 50
    0x10, 0x01, 0x08, 0x02, 0x48, 0x02, 0x48, 0x02, 0xB0, 0x01,                                                             // 51
    0xC0, 0x00, 0xA0, 0x00, 0x90, 0x00, 0x88, 0x00, 0xF8, 0x03, 0x80,                                                       // 52
    0x60, 0x01, 0x38, 0x02, 0x28, 0x02, 0x28, 0x02, 0xC8, 0x01,                                                             // 53
    0xF0, 0x01, 0x28, 0x02, 0x28, 0x02, 0x28, 0x02, 0xD0, 0x01,                                                             // 54
    0x08, 0x00, 0x08, 0x03, 0xC8, 0x00, 0x38, 0x00, 0x08,                                                                   // 55
    0xB0, 0x01, 0x48, 0x02, 0x48, 0x02, 0x48, 0x02, 0xB0, 0x01,                                                             // 56
    0x70, 0x01, 0x88, 0x02, 0x88, 0x02, 0x88, 0x02, 0xF0, 0x01,                                                             // 57
    0x00, 0x00, 0x20, 0x02,                                                                                                 // 58
    0x00, 0x00, 0x20, 0x06,                                                                                                 // 59
    0x00, 0x00, 0x40, 0x00, 0xA0, 0x00, 0xA0, 0x00, 0x10, 0x01,                                                             // 60
    0xA0, 0x00, 0xA0, 0x00, 0xA0, 0x00, 0xA0, 0x00, 0xA0,                                                                   // 61
    0x00, 0x00, 0x10, 0x01, 0xA0, 0x00, 0xA0, 0x00, 0x40,                                                                   // 62
    0x10, 0x00, 0x08, 0x00, 0x08, 0x00, 0xC8, 0x02, 0x48, 0x00, 0x30,                                                       // 63
    0x00, 0x00, 0xC0, 0x03, 0x30, 0x04, 0xD0, 0x09, 0x28, 0x0A, 0x28, 0x0A, 0xC8, 0x0B, 0x68, 0x0A, 0x10, 0x05, 0xE0, 0x04, // 64
    0x00, 0x02, 0xC0, 0x01, 0xB0, 0x00, 0x88, 0x00, 0xB0, 0x00, 0xC0, 0x01, 0x00, 0x02,                                     // 65
    0x00, 0x00, 0xF8, 0x03, 0x48, 0x02, 0x48, 0x02, 0x48, 0x02, 0xF0, 0x01,                                                 // 66
    0x00, 0x00, 0xF0, 0x01, 0x08, 0x02, 0x08, 0x02, 0x08, 0x02, 0x10, 0x01,                                                 // 67
    0x00, 0x00, 0xF8, 0x03, 0x08, 0x02, 0x08, 0x02, 0x10, 0x01, 0xE0,                                                       // 68
    0x00, 0x00, 0xF8, 0x03, 0x48, 0x02, 0x48, 0x02, 0x48, 0x02, 0x48, 0x02,                                                 // 69
    0x00, 0x00, 0xF8, 0x03, 0x48, 0x00, 0x48, 0x00, 0x08,                                                                   // 70
    0x00, 0x00, 0xE0, 0x00, 0x10, 0x01, 0x08, 0x02, 0x48, 0x02, 0x50, 0x01, 0xC0,                                           // 71
    0x00, 0x00, 0xF8, 0x03, 0x40, 0x00, 0x40, 0x00, 0x40, 0x00, 0xF8, 0x03,                                                 // 72
    0x00, 0x00, 0xF8, 0x03,                                                                                                 // 73
    0x00, 0x03, 0x00, 0x02, 0x00, 0x02, 0xF8, 0x01,                                                                         // 74
    0x00, 0x00, 0xF8, 0x03, 0x80, 0x00, 0x60, 0x00, 0x90, 0x00, 0x08, 0x01, 0x00, 0x02,                                     // 75
    0x00, 0x00, 0xF8, 0x03, 0x00, 0x02, 0x00, 0x02, 0x00, 0x02, 0x00, 0x02,                                                 // 76
    0x00, 0x00, 0xF8, 0x03, 0x30, 0x00, 0xC0, 0x01, 0x00, 0x02, 0xC0, 0x01, 0x30, 0x00, 0xF8, 0x03,                         // 77
    0x00, 0x00, 0xF8, 0x03, 0x30, 0x00, 0x40, 0x00, 0x80, 0x01, 0xF8, 0x03,                                                 // 78
    0x00, 0x00, 0xF0, 0x01, 0x08, 0x02, 0x08, 0x02, 0x08, 0x02, 0x08, 0x02, 0xF0, 0x01,                                     // 79
    0x00, 0x00, 0xF8, 0x03, 0x48, 0x00, 0x48, 0x00, 0x48, 0x00, 0x30,                                                       // 80
    0x00, 0x00, 0xF0, 0x01, 0x08, 0x02, 0x08, 0x02, 0x08, 0x03, 0x08, 0x03, 0xF0, 0x02,                                     // 81
    0x00, 0x00, 0xF8, 0x03, 0x48, 0x00, 0x48, 0x00, 0xC8, 0x00, 0x30, 0x03,                                                 // 82
    0x00, 0x00, 0x30, 0x01, 0x48, 0x02, 0x48, 0x02, 0x48, 0x02, 0x90, 0x01,                                                 // 83
    0x00, 0x00, 0x08, 0x00, 0x08, 0x00, 0xF8, 0x03, 0x08, 0x00, 0x08,                                                       // 84
    0x00, 0x00, 0xF8, 0x01, 0x00, 0x02, 0x00, 0x02, 0x00, 0x02, 0xF8, 0x01,                                                 // 85
    0x08, 0x00, 0x70, 0x00, 0x80, 0x01, 0x00, 0x02, 0x80, 0x01, 0x70, 0x00, 0x08,                                           // 86
    0x18, 0x00, 0xE0, 0x01, 0x00, 0x02, 0xF0, 0x01, 0x08, 0x00, 0xF0, 0x01, 0x00, 0x02, 0xE0, 0x01, 0x18,                   // 87
    0x00, 0x02, 0x08, 0x01, 0x90, 0x00, 0x60, 0x00, 0x90, 0x00, 0x08, 0x01, 0x00, 0x02,                                     // 88
    0x08, 0x00, 0x10, 0x00, 0x20, 0x00, 0xC0, 0x03, 0x20, 0x00, 0x10, 0x00, 0x08,                                           // 89
    0x08, 0x03, 0x88, 0x02, 0xC8, 0x02, 0x68, 0x02, 0x38, 0x02, 0x18, 0x02,                                                 // 90
    0x00, 0x00, 0xF8, 0x0F, 0x08, 0x08,                                                                                     // 91
    0x18, 0x00, 0xE0, 0x00, 0x00, 0x03,                                                                                     // 92
    0x08, 0x08, 0xF8, 0x0F,                                                                                                 // 93
    0x40, 0x00, 0x30, 0x00, 0x08, 0x00, 0x30, 0x00, 0x40,                                                                   // 94
    0x00, 0x08, 0x00, 0x08, 0x00, 0x08, 0x00, 0x08, 0x00, 0x08, 0x00, 0x08,                                                 // 95
    0x08, 0x00, 0x10,                                                                                                       // 96
    0x00, 0x00, 0x00, 0x03, 0xA0, 0x02, 0xA0, 0x02, 0xE0, 0x03,                                                             // 97
    0x00, 0x00, 0xF8, 0x03, 0x20, 0x02, 0x20, 0x02, 0xC0, 0x01,                                                             // 98
    0x00, 0x00, 0xC0, 0x01, 0x20, 0x02, 0x20, 0x02, 0x40, 0x01,                                                             // 99
    0x00, 0x00, 0xC0, 0x01, 0x20, 0x02, 0x20, 0x02, 0xF8, 0x03,                                                             // 100
    0x00, 0x00, 0xC0, 0x01, 0xA0, 0x02, 0xA0, 0x02, 0xC0, 0x02,                                                             // 101
    0x20, 0x00, 0xF0, 0x03, 0x28,                                                                                           // 102
    0x00, 0x00, 0xC0, 0x05, 0x20, 0x0A, 0x20, 0x0A, 0xE0, 0x07,                                                             // 103
    0x00, 0x00, 0xF8, 0x03, 0x20, 0x00, 0x20, 0x00, 0xC0, 0x03,                                                             // 104
    0x00, 0x00, 0xE8, 0x03,                                                                                                 // 105
    0x00, 0x08, 0xE8, 0x07,                                                                                                 // 106
    0xF8, 0x03, 0x80, 0x00, 0xC0, 0x01, 0x20, 0x02,                                                                         // 107
    0x00, 0x00, 0xF8, 0x03,                                                                                                 // 108
    0x00, 0x00, 0xE0, 0x03, 0x20, 0x00, 0x20, 0x00, 0xE0, 0x03, 0x20, 0x00, 0x20, 0x00, 0xC0, 0x03,                         // 109
    0x00, 0x00, 0xE0, 0x03, 0x20, 0x00, 0x20, 0x00, 0xC0, 0x03,                                                             // 110
    0x00, 0x00, 0xC0, 0x01, 0x20, 0x02, 0x20, 0x02, 0xC0, 0x01,                                                             // 111
    0x00, 0x00, 0xE0, 0x0F, 0x20, 0x02, 0x20, 0x02, 0xC0, 0x01,                                                             // 112
    0x00, 0x00, 0xC0, 0x01, 0x20, 0x02, 0x20, 0x02, 0xE0, 0x0F,                                                             // 113
    0x00, 0x00, 0xE0, 0x03, 0x20,                                                                                           // 114
    0x40, 0x02, 0xA0, 0x02, 0xA0, 0x02, 0x20, 0x01,                                                                         // 115
    0x20, 0x00, 0xF8, 0x03, 0x20, 0x02,                                                                                     // 116
    0x00, 0x00, 0xE0, 0x01, 0x00, 0x02, 0x00, 0x02, 0xE0, 0x03,                                                             // 117
    0x20, 0x00, 0xC0, 0x01, 0x00, 0x02, 0xC0, 0x01, 0x20,                                                                   // 118
    0xE0, 0x01, 0x00, 0x02, 0xC0, 0x01, 0x20, 0x00, 0xC0, 0x01, 0x00, 0x02, 0xE0, 0x01,                                     // 119
    0x20, 0x02, 0x40, 0x01, 0x80, 0x00, 0x40, 0x01, 0x20, 0x02,                                                             // 120
    0x20, 0x00, 0xC0, 0x09, 0x00, 0x06, 0xC0, 0x01, 0x20,                                                                   // 121
    0x20, 0x02, 0x20, 0x03, 0xA0, 0x02, 0x60, 0x02, 0x20, 0x02,                                                             // 122
    0x80, 0x00, 0x78, 0x0F, 0x08, 0x08,                                                                                     // 123
    0x00, 0x00, 0xF8, 0x0F,                                                                                                 // 124
    0x08, 0x08, 0x78, 0x0F, 0x80,                                                                                           // 125
    0xC0, 0x00, 0x40, 0x00, 0xC0, 0x00, 0x80, 0x00, 0xC0,                                                                   // 126
    0x08, 0x00, 0x0C, 0x00, 0x08,                                                                                           // 161
    0x00, 0x02, 0xD8, 0x01, 0xB0, 0x00, 0x88, 0x00, 0xB0, 0x00, 0xC0, 0x01, 0x00, 0x02,                                     // 162
    0x40, 0x02, 0x70, 0x03, 0xC8, 0x02, 0x48, 0x02, 0x08, 0x02, 0x10, 0x02,                                                 // 163
    0x00, 0x00, 0xE0, 0x01, 0x20, 0x01, 0x20, 0x01, 0xE0, 0x01,                                                             // 164
    0x48, 0x01, 0x70, 0x01, 0xC0, 0x03, 0x70, 0x01, 0x48, 0x01,                                                             // 165
    0x00, 0x00, 0x38, 0x0F,                                                                                                 // 166
    0xD0, 0x04, 0x28, 0x09, 0x48, 0x09, 0x48, 0x0A, 0x90, 0x05,                                                             // 167
    0x08, 0x00, 0x00, 0x00, 0x08,                                                                                           // 168
    0xE0, 0x00, 0x10, 0x01, 0x48, 0x02, 0xA8, 0x02, 0xA8, 0x02, 0x10, 0x01, 0xE0,                                           // 169
    0x00, 0x02, 0xF0, 0x02, 0x08, 0x03, 0x08, 0x00, 0x08, 0x03, 0xF0, 0x02, 0x00, 0x02,                                     // 170
    0x00, 0x00, 0x80, 0x01, 0x40, 0x02, 0x80, 0x01, 0x40, 0x02,                                                             // 171
    0x20, 0x00, 0x20, 0x00, 0x20, 0x00, 0x20, 0x00, 0xE0,                                                                   // 172
    0x80, 0x00, 0x80,                                                                                                       // 173
    0xE0, 0x00, 0x10, 0x01, 0xE8, 0x02, 0x68, 0x02, 0xC8, 0x02, 0x10, 0x01, 0xE0,                                           // 174
    0x02, 0x00, 0x02, 0x00, 0x02, 0x00, 0x02, 0x00, 0x02, 0x00, 0x02,                                                       // 175
    0x00, 0x00, 0x38, 0x00, 0x28, 0x00, 0x38,                                                                               // 176
    0x40, 0x02, 0x40, 0x02, 0xF0, 0x03, 0x40, 0x02, 0x40, 0x02,                                                             // 177
    0x48, 0x00, 0x68, 0x00, 0x58,                                                                                           // 178
    0x48, 0x00, 0x58, 0x00, 0x68,                                                                                           // 179
    0x00, 0x00, 0x0C,                                                                                                       // 180
    0x00, 0x00, 0xE0, 0x0F, 0x00, 0x02, 0x00, 0x02, 0xE0, 0x03,                                                             // 181
    0x70, 0x00, 0xF8, 0x0F, 0x08, 0x00, 0xF8, 0x0F, 0x08,                                                                   // 182
    0x00, 0x00, 0x40,                                                                                                       // 183
    0x00, 0x00, 0xF8, 0x03, 0x48, 0x02, 0x48, 0x02, 0x48, 0x02, 0x48, 0x02, 0x00, 0x02,                                     // 184
    0x00, 0x00, 0xF8, 0x03, 0x40, 0x00, 0x40, 0x00, 0x40, 0x00, 0xF8, 0x03,                                                 // 185
    0x00, 0x00, 0xF8, 0x03,                                                                                                 // 186
    0x00, 0x00, 0x40, 0x02, 0x80, 0x01, 0x40, 0x02, 0x80, 0x01,                                                             // 187
    0xB0, 0x01, 0x08, 0x02, 0x08, 0x02, 0x08, 0x02, 0x08, 0x02, 0xB0, 0x01, 0x40,                                           // 188
    0x00, 0x00, 0x10, 0x02, 0x78, 0x01, 0x80, 0x00, 0x60, 0x00, 0x50, 0x02, 0x48, 0x03, 0xC0, 0x02,                         // 189
    0x00, 0x00, 0x00, 0x00, 0x18, 0x00, 0x20, 0x00, 0xC0, 0x03, 0x20, 0x00, 0x18,                                           // 190
    0x00, 0x00, 0x00, 0x06, 0x00, 0x09, 0xA0, 0x09, 0x00, 0x04,                                                             // 191
    0x08, 0x00, 0xEC, 0x03, 0x08,                                                                                           // 192
    0x00, 0x02, 0xC0, 0x01, 0xB0, 0x00, 0x88, 0x00, 0xB0, 0x00, 0xC0, 0x01, 0x00, 0x02,                                     // 193
    0x00, 0x00, 0xF8, 0x03, 0x48, 0x02, 0x48, 0x02, 0x48, 0x02, 0xB0, 0x03,                                                 // 194
    0x00, 0x00, 0xF8, 0x03, 0x08, 0x00, 0x08, 0x00, 0x08, 0x00, 0x08,                                                       // 195
    0x00, 0x02, 0xC0, 0x03, 0x30, 0x02, 0x08, 0x02, 0x30, 0x02, 0xC0, 0x03, 0x00, 0x02,                                     // 196
    0x00, 0x00, 0xF8, 0x03, 0x48, 0x02, 0x48, 0x02, 0x48, 0x02, 0x48, 0x02, 0x00, 0x02,                                     // 197
    0x00, 0x02, 0x08, 0x03, 0xC8, 0x02, 0x28, 0x02, 0x18, 0x02, 0x00, 0x02,                                                 // 198
    0x00, 0x00, 0xF8, 0x03, 0x40, 0x00, 0x40, 0x00, 0x40, 0x00, 0xF8, 0x03,                                                 // 199
    0x40, 0x00, 0xB0, 0x01, 0x08, 0x02, 0x48, 0x02, 0x48, 0x02, 0x08, 0x02, 0xB0, 0x01, 0x40,                               // 200
    0x00, 0x00, 0xF8, 0x03,                                                                                                 // 201
    0x00, 0x00, 0xF8, 0x03, 0x40, 0x00, 0x60, 0x00, 0x90, 0x01, 0x08, 0x03,                                                 // 202
    0x00, 0x02, 0xC0, 0x01, 0x30, 0x00, 0x08, 0x00, 0x70, 0x00, 0x80, 0x01, 0x00, 0x02,                                     // 203
    0x00, 0x00, 0xF8, 0x03, 0x30, 0x00, 0xC0, 0x01, 0x00, 0x02, 0xC0, 0x01, 0x30, 0x00, 0xF8, 0x03,                         // 204
    0x00, 0x00, 0xF8, 0x03, 0x30, 0x00, 0x40, 0x00, 0x80, 0x01, 0xF8, 0x03,                                                 // 205
    0x00, 0x02, 0x48, 0x02, 0x48, 0x02, 0x48, 0x02, 0x48, 0x02, 0x48, 0x02, 0x00, 0x02,                                     // 206
    0x40, 0x00, 0xB0, 0x01, 0x08, 0x02, 0x08, 0x02, 0x08, 0x02, 0x08, 0x02, 0xB0, 0x01, 0x40,                               // 207
    0x00, 0x00, 0xF8, 0x03, 0x08, 0x00, 0x08, 0x00, 0x08, 0x00, 0xF8, 0x03,                                                 // 208
    0x00, 0x00, 0xF8, 0x03, 0x88, 0x00, 0x88, 0x00, 0x88, 0x00, 0xF8,                                                       // 209
    0x00, 0x00, 0x18, 0x03, 0xA8, 0x02, 0x48, 0x02, 0x08, 0x02, 0x00, 0x02,                                                 // 211
    0x08, 0x00, 0x08, 0x00, 0x08, 0x00, 0xF8, 0x03, 0x08, 0x00, 0x08, 0x00, 0x08,                                           // 212
    0x00, 0x00, 0x18, 0x00, 0x20, 0x00, 0xC0, 0x03, 0x20, 0x00, 0x18,                                                       // 213
    0x40, 0x00, 0xB0, 0x01, 0x10, 0x01, 0xF8, 0x03, 0x10, 0x01, 0xB0, 0x01, 0x40,                                           // 214
    0x00, 0x00, 0x08, 0x03, 0xB0, 0x00, 0x40, 0x00, 0xB0, 0x00, 0x08, 0x03,                                                 // 215
    0x00, 0x00, 0xF8, 0x00, 0x80, 0x00, 0xF8, 0x03, 0x80, 0x00, 0xF8,                                                       // 216
    0x00, 0x02, 0xF0, 0x02, 0x08, 0x03, 0x08, 0x00, 0x08, 0x03, 0xF0, 0x02, 0x00, 0x02,                                     // 217
    0x02, 0x00, 0xF8, 0x03, 0x02,                                                                                           // 218
    0x00, 0x00, 0x18, 0x00, 0x22, 0x00, 0xC0, 0x03, 0x22, 0x00, 0x18,                                                       // 219
    0xC0, 0x01, 0x20, 0x02, 0x2C, 0x02, 0xC0, 0x03, 0x20,                                                                   // 220
    0x00, 0x01, 0xE0, 0x02, 0xA0, 0x02, 0xAC, 0x02,                                                                         // 221
    0x00, 0x00, 0xE0, 0x03, 0x20, 0x00, 0x2C, 0x00, 0xE0, 0x0F,                                                             // 222
    0xE0, 0x03,                                                                                                             // 223
    0x00, 0x00, 0xE0, 0x03, 0x08, 0x02, 0x0C, 0x02, 0xE8, 0x03,                                                             // 224
    0xC0, 0x01, 0x20, 0x02, 0x20, 0x02, 0xC0, 0x03, 0x20,                                                                   // 225
    0x00, 0x00, 0xF8, 0x0F, 0x08, 0x02, 0x48, 0x02, 0x78, 0x02, 0x80, 0x01,                                                 // 226
    0x20, 0x00, 0xC0, 0x01, 0x00, 0x0E, 0xC0, 0x01, 0x20,                                                                   // 227
    0x80, 0x00, 0x48, 0x03, 0x38, 0x02, 0x28, 0x02, 0x48, 0x03, 0x80,                                                       // 228
    0x00, 0x01, 0xE0, 0x02, 0xA0, 0x02, 0xA0, 0x02,                                                                         // 229
    0x00, 0x01, 0xC8, 0x02, 0x38, 0x04, 0x08, 0x0C,                                                                         // 230
    0x00, 0x00, 0xE0, 0x03, 0x20, 0x00, 0x20, 0x00, 0xE0, 0x0F,                                                             // 231
    0x00, 0x00, 0xF0, 0x01, 0x48, 0x02, 0x48, 0x02, 0xF8, 0x01,                                                             // 232
    0x00, 0x00, 0xE0, 0x03,                                                                                                 // 233
    0x00, 0x00, 0xE0, 0x03, 0xC0, 0x00, 0x20, 0x01, 0x00, 0x02,                                                             // 234
    0x00, 0x02, 0x88, 0x01, 0x70, 0x00, 0xC0, 0x01, 0x00, 0x02,                                                             // 235
    0x00, 0x00, 0xE0, 0x0F, 0x00, 0x02, 0x00, 0x02, 0xE0, 0x03,                                                             // 236
    0x20, 0x00, 0xC0, 0x01, 0x00, 0x02, 0x80, 0x01, 0x60,                                                                   // 237
    0x00, 0x01, 0xB8, 0x02, 0x48, 0x04, 0x00, 0x0C,                                                                         // 238
    0x80, 0x00, 0x60, 0x03, 0x20, 0x02, 0x20, 0x02, 0x60, 0x03, 0x80,                                                       // 239
    0x20, 0x00, 0x20, 0x03, 0xE0, 0x00, 0x20, 0x00, 0xE0, 0x01, 0x20, 0x02, 0x20,                                           // 240
    0x00, 0x00, 0xE0, 0x0F, 0x20, 0x02, 0x20, 0x02, 0x60, 0x03, 0x80,                                                       // 241
    0x80, 0x01, 0x40, 0x02, 0x20, 0x02, 0x20, 0x04, 0x00, 0x0C,                                                             // 242
    0x80, 0x00, 0x60, 0x03, 0x20, 0x02, 0x20, 0x02, 0xE0, 0x01, 0x20,                                                       // 243
    0xE0, 0x03, 0x20, 0x02, 0x20,                                                                                           // 244
    0x00, 0x00, 0xE0, 0x03, 0x00, 0x02, 0x00, 0x02, 0xE0, 0x03,                                                             // 245
    0x80, 0x00, 0x60, 0x03, 0x80, 0x0F, 0x60, 0x02, 0x20, 0x03, 0xC0,                                                       // 246
    0x20, 0x08, 0x60, 0x06, 0x80, 0x01, 0x60, 0x06, 0x00, 0x08,                                                             // 247
    0x00, 0x00, 0xE0, 0x03, 0x00, 0x02, 0xF0, 0x0F, 0x00, 0x02, 0xE0, 0x03,                                                 // 248
    0x80, 0x00, 0x60, 0x03, 0x20, 0x02, 0x80, 0x03, 0x00, 0x03, 0x20, 0x02, 0x60, 0x03, 0x80,                               // 249
    0x08, 0x00, 0xE0, 0x03, 0x08,                                                                                           // 250
    0x00, 0x00, 0xE0, 0x03, 0x08, 0x02, 0x00, 0x02, 0xE8, 0x03,                                                             // 251
    0x80, 0x00, 0x60, 0x03, 0x20, 0x02, 0x2C, 0x02, 0x60, 0x03, 0x80,                                                       // 252
    0x00, 0x00, 0xE0, 0x03, 0x00, 0x02, 0x0C, 0x02, 0xE0, 0x03,                                                             // 253
    0x80, 0x00, 0x60, 0x03, 0x20, 0x02, 0x80, 0x03, 0x0C, 0x03, 0x20, 0x02, 0x60, 0x03, 0x80,                               // 254
};

const uint8_t ArialMT_Plain_16_GR[] PROGMEM = {
    0x10, // Width: 16
    0x13, // Height: 19
    0x20, // First Char: 32
    0xE0, // Numbers of Chars: 224

    // Jump Table:
    0xFF, 0xFF, 0x00, 0x04, // 32:65535
    0x00, 0x00, 0x08, 0x04, // 33:0 !
    0x00, 0x08, 0x0D, 0x06, // 34:8 "
    0x00, 0x15, 0x1A, 0x09, // 35:21 #
    0x00, 0x2F, 0x17, 0x09, // 36:47 $
    0x00, 0x46, 0x26, 0x0E, // 37:70 %
    0x00, 0x6C, 0x1D, 0x0B, // 38:108 &
    0x00, 0x89, 0x04, 0x03, // 39:137 '
    0x00, 0x8D, 0x0C, 0x05, // 40:141 (
    0x00, 0x99, 0x0B, 0x05, // 41:153 )
    0x00, 0xA4, 0x0D, 0x06, // 42:164 *
    0x00, 0xB1, 0x17, 0x09, // 43:177 +
    0x00, 0xC8, 0x09, 0x04, // 44:200 ,
    0x00, 0xD1, 0x0B, 0x05, // 45:209 -
    0x00, 0xDC, 0x08, 0x04, // 46:220 .
    0x00, 0xE4, 0x0A, 0x04, // 47:228 /
    0x00, 0xEE, 0x17, 0x09, // 48:238 0
    0x01, 0x05, 0x11, 0x09, // 49:261 1
    0x01, 0x16, 0x17, 0x09, // 50:278 2
    0x01, 0x2D, 0x17, 0x09, // 51:301 3
    0x01, 0x44, 0x17, 0x09, // 52:324 4
    0x01, 0x5B, 0x17, 0x09, // 53:347 5
    0x01, 0x72, 0x17, 0x09, // 54:370 6
    0x01, 0x89, 0x16, 0x09, // 55:393 7
    0x01, 0x9F, 0x17, 0x09, // 56:415 8
    0x01, 0xB6, 0x17, 0x09, // 57:438 9
    0x01, 0xCD, 0x05, 0x04, // 58:461 :
    0x01, 0xD2, 0x06, 0x04, // 59:466 ;
    0x01, 0xD8, 0x17, 0x09, // 60:472 <
    0x01, 0xEF, 0x17, 0x09, // 61:495 =
    0x02, 0x06, 0x17, 0x09, // 62:518 >
    0x02, 0x1D, 0x16, 0x09, // 63:541 ?
    0x02, 0x33, 0x2F, 0x10, // 64:563 @
    0x02, 0x62, 0x1D, 0x0B, // 65:610 A
    0x02, 0x7F, 0x1D, 0x0B, // 66:639 B
    0x02, 0x9C, 0x20, 0x0C, // 67:668 C
    0x02, 0xBC, 0x20, 0x0C, // 68:700 D
    0x02, 0xDC, 0x1D, 0x0B, // 69:732 E
    0x02, 0xF9, 0x19, 0x0A, // 70:761 F
    0x03, 0x12, 0x20, 0x0C, // 71:786 G
    0x03, 0x32, 0x1D, 0x0C, // 72:818 H
    0x03, 0x4F, 0x05, 0x04, // 73:847 I
    0x03, 0x54, 0x14, 0x08, // 74:852 J
    0x03, 0x68, 0x1D, 0x0B, // 75:872 K
    0x03, 0x85, 0x17, 0x09, // 76:901 L
    0x03, 0x9C, 0x23, 0x0D, // 77:924 M
    0x03, 0xBF, 0x1D, 0x0C, // 78:959 N
    0x03, 0xDC, 0x20, 0x0C, // 79:988 O
    0x03, 0xFC, 0x1C, 0x0B, // 80:1020 P
    0x04, 0x18, 0x20, 0x0C, // 81:1048 Q
    0x04, 0x38, 0x1D, 0x0C, // 82:1080 R
    0x04, 0x55, 0x1D, 0x0B, // 83:1109 S
    0x04, 0x72, 0x19, 0x0A, // 84:1138 T
    0x04, 0x8B, 0x1D, 0x0C, // 85:1163 U
    0x04, 0xA8, 0x1C, 0x0B, // 86:1192 V
    0x04, 0xC4, 0x2B, 0x0F, // 87:1220 W
    0x04, 0xEF, 0x20, 0x0B, // 88:1263 X
    0x05, 0x0F, 0x19, 0x0B, // 89:1295 Y
    0x05, 0x28, 0x1A, 0x0A, // 90:1320 Z
    0x05, 0x42, 0x0C, 0x04, // 91:1346 [
    0x05, 0x4E, 0x0B, 0x04, // 92:1358
    0x05, 0x59, 0x09, 0x04, // 93:1369 ]
    0x05, 0x62, 0x14, 0x08, // 94:1378 ^
    0x05, 0x76, 0x1B, 0x09, // 95:1398 _
    0x05, 0x91, 0x07, 0x05, // 96:1425 `
    0x05, 0x98, 0x17, 0x09, // 97:1432 a
    0x05, 0xAF, 0x17, 0x09, // 98:1455 b
    0x05, 0xC6, 0x14, 0x08, // 99:1478 c
    0x05, 0xDA, 0x17, 0x09, // 100:1498 d
    0x05, 0xF1, 0x17, 0x09, // 101:1521 e
    0x06, 0x08, 0x0A, 0x04, // 102:1544 f
    0x06, 0x12, 0x17, 0x09, // 103:1554 g
    0x06, 0x29, 0x14, 0x09, // 104:1577 h
    0x06, 0x3D, 0x05, 0x04, // 105:1597 i
    0x06, 0x42, 0x06, 0x04, // 106:1602 j
    0x06, 0x48, 0x17, 0x08, // 107:1608 k
    0x06, 0x5F, 0x05, 0x04, // 108:1631 l
    0x06, 0x64, 0x23, 0x0D, // 109:1636 m
    0x06, 0x87, 0x14, 0x09, // 110:1671 n
    0x06, 0x9B, 0x17, 0x09, // 111:1691 o
    0x06, 0xB2, 0x17, 0x09, // 112:1714 p
    0x06, 0xC9, 0x18, 0x09, // 113:1737 q
    0x06, 0xE1, 0x0D, 0x05, // 114:1761 r
    0x06, 0xEE, 0x14, 0x08, // 115:1774 s
    0x07, 0x02, 0x0B, 0x04, // 116:1794 t
    0x07, 0x0D, 0x14, 0x09, // 117:1805 u
    0x07, 0x21, 0x13, 0x08, // 118:1825 v
    0x07, 0x34, 0x1F, 0x0C, // 119:1844 w
    0x07, 0x53, 0x14, 0x08, // 120:1875 x
    0x07, 0x67, 0x13, 0x08, // 121:1895 y
    0x07, 0x7A, 0x14, 0x08, // 122:1914 z
    0x07, 0x8E, 0x0F, 0x05, // 123:1934 {
    0x07, 0x9D, 0x06, 0x04, // 124:1949 |
    0x07, 0xA3, 0x0E, 0x05, // 125:1955 }
    0x07, 0xB1, 0x17, 0x09, // 126:1969 ~
    0xFF, 0xFF, 0x00, 0x00, // 127:65535
    0xFF, 0xFF, 0x00, 0x10, // 128:65535
    0xFF, 0xFF, 0x00, 0x10, // 129:65535
    0xFF, 0xFF, 0x00, 0x10, // 130:65535
    0xFF, 0xFF, 0x00, 0x10, // 131:65535
    0xFF, 0xFF, 0x00, 0x10, // 132:65535
    0xFF, 0xFF, 0x00, 0x10, // 133:65535
    0xFF, 0xFF, 0x00, 0x10, // 134:65535
    0xFF, 0xFF, 0x00, 0x10, // 135:65535
    0xFF, 0xFF, 0x00, 0x10, // 136:65535
    0xFF, 0xFF, 0x00, 0x10, // 137:65535
    0xFF, 0xFF, 0x00, 0x10, // 138:65535
    0xFF, 0xFF, 0x00, 0x10, // 139:65535
    0xFF, 0xFF, 0x00, 0x10, // 140:65535
    0xFF, 0xFF, 0x00, 0x10, // 141:65535
    0xFF, 0xFF, 0x00, 0x10, // 142:65535
    0xFF, 0xFF, 0x00, 0x10, // 143:65535
    0xFF, 0xFF, 0x00, 0x10, // 144:65535
    0xFF, 0xFF, 0x00, 0x10, // 145:65535
    0xFF, 0xFF, 0x00, 0x10, // 146:65535
    0xFF, 0xFF, 0x00, 0x10, // 147:65535
    0xFF, 0xFF, 0x00, 0x10, // 148:65535
    0xFF, 0xFF, 0x00, 0x10, // 149:65535
    0xFF, 0xFF, 0x00, 0x10, // 150:65535
    0xFF, 0xFF, 0x00, 0x10, // 151:65535
    0xFF, 0xFF, 0x00, 0x10, // 152:65535
    0xFF, 0xFF, 0x00, 0x10, // 153:65535
    0xFF, 0xFF, 0x00, 0x10, // 154:65535
    0xFF, 0xFF, 0x00, 0x10, // 155:65535
    0xFF, 0xFF, 0x00, 0x10, // 156:65535
    0xFF, 0xFF, 0x00, 0x10, // 157:65535
    0xFF, 0xFF, 0x00, 0x10, // 158:65535
    0xFF, 0xFF, 0x00, 0x10, // 159:65535
    0xFF, 0xFF, 0x00, 0x04, // 160:65535
    0x07, 0xC8, 0x0D, 0x05, // 161:1992 ΅
    0x07, 0xD5, 0x20, 0x0B, // 162:2005 Ά
    0x07, 0xF5, 0x17, 0x09, // 163:2037 £
    0x08, 0x0C, 0x14, 0x09, // 164:2060 ¤
    0x08, 0x20, 0x1A, 0x09, // 165:2080 ¥
    0x08, 0x3A, 0x06, 0x04, // 166:2106 ¦
    0x08, 0x40, 0x17, 0x09, // 167:2112 §
    0x08, 0x57, 0x07, 0x05, // 168:2135 ¨
    0x08, 0x5E, 0x23, 0x0C, // 169:2142 ©
    0x08, 0x81, 0x20, 0x0C, // 170:2177 Ώ
    0x08, 0xA1, 0x14, 0x09, // 171:2209 «
    0x08, 0xB5, 0x17, 0x09, // 172:2229 ¬
    0x08, 0xCC, 0x0B, 0x05, // 173:2252
    0x08, 0xD7, 0x23, 0x0C, // 174:2263 ®
    0x08, 0xFA, 0x19, 0x09, // 175:2298 ¯
    0x09, 0x13, 0x0D, 0x06, // 176:2323 °
    0x09, 0x20, 0x17, 0x09, // 177:2336 ±
    0x09, 0x37, 0x0E, 0x05, // 178:2359 ²
    0x09, 0x45, 0x0D, 0x05, // 179:2373 ³
    0x09, 0x52, 0x07, 0x05, // 180:2386 ΄
    0x09, 0x59, 0x17, 0x09, // 181:2393 µ
    0x09, 0x70, 0x19, 0x09, // 182:2416 ¶
    0x09, 0x89, 0x08, 0x05, // 183:2441 ·
    0x09, 0x91, 0x23, 0x0D, // 184:2449 Έ
    0x09, 0xB4, 0x23, 0x0D, // 185:2484 Ή
    0x09, 0xD7, 0x0E, 0x06, // 186:2519 Ί
    0x09, 0xE5, 0x17, 0x09, // 187:2533 »
    0x09, 0xFC, 0x20, 0x0C, // 188:2556 Ό
    0x0A, 0x1C, 0x26, 0x0D, // 189:2588 ½
    0x0A, 0x42, 0x1F, 0x0E, // 190:2626 Ύ
    0x0A, 0x61, 0x1A, 0x0A, // 191:2657 ¿
    0x0A, 0x7B, 0x0A, 0x04, // 192:2683 ΐ
    0x0A, 0x85, 0x20, 0x0B, // 193:2693 Α
    0x0A, 0xA5, 0x1D, 0x0B, // 194:2725 Β
    0x0A, 0xC2, 0x19, 0x09, // 195:2754 Γ
    0x0A, 0xDB, 0x20, 0x0B, // 196:2779 Δ
    0x0A, 0xFB, 0x1D, 0x0B, // 197:2811 Ε
    0x0B, 0x18, 0x1A, 0x0A, // 198:2840 Ζ
    0x0B, 0x32, 0x1D, 0x0C, // 199:2866 Η
    0x0B, 0x4F, 0x20, 0x0C, // 200:2895 Θ
    0x0B, 0x6F, 0x05, 0x04, // 201:2927 Ι
    0x0B, 0x74, 0x1D, 0x0B, // 202:2932 Κ
    0x0B, 0x91, 0x20, 0x0B, // 203:2961 Λ
    0x0B, 0xB1, 0x23, 0x0D, // 204:2993 Μ
    0x0B, 0xD4, 0x1D, 0x0C, // 205:3028 Ν
    0x0B, 0xF1, 0x1A, 0x0A, // 206:3057 Ξ
    0x0C, 0x0B, 0x20, 0x0C, // 207:3083 Ο
    0x0C, 0x2B, 0x1D, 0x0C, // 208:3115 Π
    0x0C, 0x48, 0x1D, 0x0B, // 209:3144 Ρ
    0xFF, 0xFF, 0x00, 0x0C, // 210:65535
    0x0C, 0x65, 0x1A, 0x0A, // 211:3173 Σ
    0x0C, 0x7F, 0x19, 0x0A, // 212:3199 Τ
    0x0C, 0x98, 0x16, 0x0B, // 213:3224 Υ
    0x0C, 0xAE, 0x1D, 0x0D, // 214:3246 Φ
    0x0C, 0xCB, 0x1D, 0x0B, // 215:3275 Χ
    0x0C, 0xE8, 0x1D, 0x0D, // 216:3304 Ψ
    0x0D, 0x05, 0x20, 0x0C, // 217:3333 Ω
    0x0D, 0x25, 0x0A, 0x04, // 218:3365 Ϊ
    0x0D, 0x2F, 0x16, 0x0B, // 219:3375 Ϋ
    0x0D, 0x45, 0x17, 0x09, // 220:3397 ά
    0x0D, 0x5C, 0x14, 0x07, // 221:3420 έ
    0x0D, 0x70, 0x15, 0x09, // 222:3440 ή
    0x0D, 0x85, 0x08, 0x04, // 223:3461 ί
    0x0D, 0x8D, 0x14, 0x09, // 224:3469 ΰ
    0x0D, 0xA1, 0x17, 0x09, // 225:3489 α
    0x0D, 0xB8, 0x17, 0x09, // 226:3512 β
    0x0D, 0xCF, 0x16, 0x08, // 227:3535 γ
    0x0D, 0xE5, 0x17, 0x09, // 228:3557 δ
    0x0D, 0xFC, 0x14, 0x07, // 229:3580 ε
    0x0E, 0x10, 0x15, 0x07, // 230:3600 ζ
    0x0E, 0x25, 0x15, 0x09, // 231:3621 η
    0x0E, 0x3A, 0x17, 0x09, // 232:3642 θ
    0x0E, 0x51, 0x08, 0x04, // 233:3665 ι
    0x0E, 0x59, 0x17, 0x08, // 234:3673 κ
    0x0E, 0x70, 0x17, 0x08, // 235:3696 λ
    0x0E, 0x87, 0x17, 0x09, // 236:3719 μ
    0x0E, 0x9E, 0x11, 0x08, // 237:3742 ν
    0x0E, 0xAF, 0x15, 0x07, // 238:3759 ξ
    0x0E, 0xC4, 0x17, 0x09, // 239:3780 ο
    0x0E, 0xDB, 0x1D, 0x0B, // 240:3803 π
    0x0E, 0xF8, 0x17, 0x09, // 241:3832 ρ
    0x0F, 0x0F, 0x15, 0x08, // 242:3855 ς
    0x0F, 0x24, 0x1C, 0x0A, // 243:3876 σ
    0x0F, 0x40, 0x0D, 0x06, // 244:3904 τ
    0x0F, 0x4D, 0x14, 0x09, // 245:3917 υ
    0x0F, 0x61, 0x1A, 0x0A, // 246:3937 φ
    0x0F, 0x7B, 0x18, 0x08, // 247:3963 χ
    0x0F, 0x93, 0x1D, 0x0B, // 248:3987 ψ
    0x0F, 0xB0, 0x23, 0x0D, // 249:4016 ω
    0x0F, 0xD3, 0x08, 0x04, // 250:4051 ϊ
    0x0F, 0xDB, 0x14, 0x09, // 251:4059 ϋ
    0x0F, 0xEF, 0x17, 0x09, // 252:4079 ό
    0x10, 0x06, 0x14, 0x09, // 253:4102 ύ
    0x10, 0x1A, 0x23, 0x0D, // 254:4122 ώ
    0xFF, 0xFF, 0x00, 0x08, // 255:65535

    // Font Data:
    0x00, 0x00, 0x00, 0x00, 0x00, 0x00, 0xF8, 0x5F,                               // 33
    0x00, 0x00, 0x00, 0x78, 0x00, 0x00, 0x00, 0x00, 0x00, 0x00, 0x00, 0x00, 0x78, // 34
    0x80, 0x08, 0x00, 0x80, 0x78, 0x00, 0xC0, 0x0F, 0x00, 0xB8, 0x08, 0x00, 0x80, 0x08, 0x00, 0x80, 0x78, 0x00, 0xC0, 0x0F, 0x00,
    0xB8, 0x08, 0x00, 0x80, 0x08, // 35
    0x00, 0x00, 0x00, 0xE0, 0x10, 0x00, 0x10, 0x21, 0x00, 0x08, 0x41, 0x00, 0xFC, 0xFF, 0x00, 0x08, 0x42, 0x00, 0x10, 0x22, 0x00,
    0x20, 0x1C, // 36
    0x00, 0x00, 0x00, 0xF0, 0x00, 0x00, 0x08, 0x01, 0x00, 0x08, 0x01, 0x00, 0x08, 0x61, 0x00, 0xF0, 0x18, 0x00, 0x00, 0x06, 0x00,
    0xC0, 0x01, 0x00, 0x30, 0x3C, 0x00, 0x08, 0x42, 0x00, 0x00, 0x42, 0x00, 0x00, 0x42, 0x00, 0x00, 0x3C, // 37
    0x00, 0x00, 0x00, 0x00, 0x1C, 0x00, 0x70, 0x22, 0x00, 0x88, 0x41, 0x00, 0x08, 0x43, 0x00, 0x88, 0x44, 0x00, 0x70, 0x28, 0x00,
    0x00, 0x10, 0x00, 0x00, 0x28, 0x00, 0x00, 0x44,                               // 38
    0x00, 0x00, 0x00, 0x78,                                                       // 39
    0x00, 0x00, 0x00, 0x80, 0x3F, 0x00, 0x70, 0xC0, 0x01, 0x08, 0x00, 0x02,       // 40
    0x00, 0x00, 0x00, 0x08, 0x00, 0x02, 0x70, 0xC0, 0x01, 0x80, 0x3F,             // 41
    0x10, 0x00, 0x00, 0xD0, 0x00, 0x00, 0x38, 0x00, 0x00, 0xD0, 0x00, 0x00, 0x10, // 42
    0x00, 0x00, 0x00, 0x00, 0x02, 0x00, 0x00, 0x02, 0x00, 0x00, 0x02, 0x00, 0xC0, 0x1F, 0x00, 0x00, 0x02, 0x00, 0x00, 0x02, 0x00,
    0x00, 0x02,                                                       // 43
    0x00, 0x00, 0x00, 0x00, 0x00, 0x00, 0x00, 0xC0, 0x01,             // 44
    0x00, 0x08, 0x00, 0x00, 0x08, 0x00, 0x00, 0x08, 0x00, 0x00, 0x08, // 45
    0x00, 0x00, 0x00, 0x00, 0x00, 0x00, 0x00, 0x40,                   // 46
    0x00, 0x60, 0x00, 0x00, 0x1E, 0x00, 0xE0, 0x01, 0x00, 0x18,       // 47
    0x00, 0x00, 0x00, 0xE0, 0x1F, 0x00, 0x10, 0x20, 0x00, 0x08, 0x40, 0x00, 0x08, 0x40, 0x00, 0x08, 0x40, 0x00, 0x10, 0x20, 0x00,
    0xE0, 0x1F,                                                                                           // 48
    0x00, 0x00, 0x00, 0x00, 0x00, 0x00, 0x40, 0x00, 0x00, 0x20, 0x00, 0x00, 0x10, 0x00, 0x00, 0xF8, 0x7F, // 49
    0x00, 0x00, 0x00, 0x20, 0x40, 0x00, 0x10, 0x60, 0x00, 0x08, 0x50, 0x00, 0x08, 0x48, 0x00, 0x08, 0x44, 0x00, 0x10, 0x43, 0x00,
    0xE0, 0x40, // 50
    0x00, 0x00, 0x00, 0x20, 0x10, 0x00, 0x10, 0x20, 0x00, 0x08, 0x41, 0x00, 0x08, 0x41, 0x00, 0x88, 0x41, 0x00, 0xF0, 0x22, 0x00,
    0x00, 0x1C, // 51
    0x00, 0x0C, 0x00, 0x00, 0x0A, 0x00, 0x00, 0x09, 0x00, 0xC0, 0x08, 0x00, 0x20, 0x08, 0x00, 0x10, 0x08, 0x00, 0xF8, 0x7F, 0x00,
    0x00, 0x08, // 52
    0x00, 0x00, 0x00, 0xC0, 0x11, 0x00, 0xB8, 0x20, 0x00, 0x88, 0x40, 0x00, 0x88, 0x40, 0x00, 0x88, 0x40, 0x00, 0x08, 0x21, 0x00,
    0x08, 0x1E, // 53
    0x00, 0x00, 0x00, 0xE0, 0x1F, 0x00, 0x10, 0x21, 0x00, 0x88, 0x40, 0x00, 0x88, 0x40, 0x00, 0x88, 0x40, 0x00, 0x10, 0x21, 0x00,
    0x20, 0x1E, // 54
    0x00, 0x00, 0x00, 0x08, 0x00, 0x00, 0x08, 0x00, 0x00, 0x08, 0x78, 0x00, 0x08, 0x07, 0x00, 0xC8, 0x00, 0x00, 0x28, 0x00, 0x00,
    0x18, // 55
    0x00, 0x00, 0x00, 0x60, 0x1C, 0x00, 0x90, 0x22, 0x00, 0x08, 0x41, 0x00, 0x08, 0x41, 0x00, 0x08, 0x41, 0x00, 0x90, 0x22, 0x00,
    0x60, 0x1C, // 56
    0x00, 0x00, 0x00, 0xE0, 0x11, 0x00, 0x10, 0x22, 0x00, 0x08, 0x44, 0x00, 0x08, 0x44, 0x00, 0x08, 0x44, 0x00, 0x10, 0x22, 0x00,
    0xE0, 0x1F,                         // 57
    0x00, 0x00, 0x00, 0x40, 0x40,       // 58
    0x00, 0x00, 0x00, 0x40, 0xC0, 0x01, // 59
    0x00, 0x00, 0x00, 0x00, 0x02, 0x00, 0x00, 0x05, 0x00, 0x00, 0x05, 0x00, 0x80, 0x08, 0x00, 0x80, 0x08, 0x00, 0x80, 0x08, 0x00,
    0x40, 0x10, // 60
    0x00, 0x00, 0x00, 0x80, 0x08, 0x00, 0x80, 0x08, 0x00, 0x80, 0x08, 0x00, 0x80, 0x08, 0x00, 0x80, 0x08, 0x00, 0x80, 0x08, 0x00,
    0x80, 0x08, // 61
    0x00, 0x00, 0x00, 0x40, 0x10, 0x00, 0x80, 0x08, 0x00, 0x80, 0x08, 0x00, 0x80, 0x08, 0x00, 0x00, 0x05, 0x00, 0x00, 0x05, 0x00,
    0x00, 0x02, // 62
    0x00, 0x00, 0x00, 0x60, 0x00, 0x00, 0x10, 0x00, 0x00, 0x08, 0x00, 0x00, 0x08, 0x5C, 0x00, 0x08, 0x02, 0x00, 0x10, 0x01, 0x00,
    0xE0, // 63
    0x00, 0x00, 0x00, 0x00, 0x3F, 0x00, 0xC0, 0x40, 0x00, 0x20, 0x80, 0x00, 0x10, 0x1E, 0x01, 0x10, 0x21, 0x01, 0x88, 0x40, 0x02,
    0x48, 0x40, 0x02, 0x48, 0x40, 0x02, 0x48, 0x20, 0x02, 0x88, 0x7C, 0x02, 0xC8, 0x43, 0x02, 0x10, 0x40, 0x02, 0x10, 0x20, 0x01,
    0x60, 0x10, 0x01, 0x80, 0x8F, // 64
    0x00, 0x00, 0x00, 0x00, 0x60, 0x00, 0x00, 0x1C, 0x00, 0x80, 0x07, 0x00, 0x70, 0x04, 0x00, 0x08, 0x04, 0x00, 0x70, 0x04, 0x00,
    0x80, 0x07, 0x00, 0x00, 0x1C, 0x00, 0x00, 0x60, // 65
    0x00, 0x00, 0x00, 0xF8, 0x7F, 0x00, 0x08, 0x41, 0x00, 0x08, 0x41, 0x00, 0x08, 0x41, 0x00, 0x08, 0x41, 0x00, 0x08, 0x41, 0x00,
    0x08, 0x41, 0x00, 0x90, 0x22, 0x00, 0x60, 0x1C, // 66
    0x00, 0x00, 0x00, 0xC0, 0x0F, 0x00, 0x20, 0x10, 0x00, 0x10, 0x20, 0x00, 0x08, 0x40, 0x00, 0x08, 0x40, 0x00, 0x08, 0x40, 0x00,
    0x08, 0x40, 0x00, 0x08, 0x40, 0x00, 0x10, 0x20, 0x00, 0x20, 0x10, // 67
    0x00, 0x00, 0x00, 0xF8, 0x7F, 0x00, 0x08, 0x40, 0x00, 0x08, 0x40, 0x00, 0x08, 0x40, 0x00, 0x08, 0x40, 0x00, 0x08, 0x40, 0x00,
    0x08, 0x40, 0x00, 0x10, 0x20, 0x00, 0x20, 0x10, 0x00, 0xC0, 0x0F, // 68
    0x00, 0x00, 0x00, 0xF8, 0x7F, 0x00, 0x08, 0x41, 0x00, 0x08, 0x41, 0x00, 0x08, 0x41, 0x00, 0x08, 0x41, 0x00, 0x08, 0x41, 0x00,
    0x08, 0x41, 0x00, 0x08, 0x41, 0x00, 0x08, 0x40, // 69
    0x00, 0x00, 0x00, 0xF8, 0x7F, 0x00, 0x08, 0x02, 0x00, 0x08, 0x02, 0x00, 0x08, 0x02, 0x00, 0x08, 0x02, 0x00, 0x08, 0x02, 0x00,
    0x08, 0x02, 0x00, 0x08, // 70
    0x00, 0x00, 0x00, 0xC0, 0x0F, 0x00, 0x20, 0x10, 0x00, 0x10, 0x20, 0x00, 0x08, 0x40, 0x00, 0x08, 0x40, 0x00, 0x08, 0x42, 0x00,
    0x08, 0x42, 0x00, 0x10, 0x22, 0x00, 0x20, 0x12, 0x00, 0x00, 0x0E, // 71
    0x00, 0x00, 0x00, 0xF8, 0x7F, 0x00, 0x00, 0x01, 0x00, 0x00, 0x01, 0x00, 0x00, 0x01, 0x00, 0x00, 0x01, 0x00, 0x00, 0x01, 0x00,
    0x00, 0x01, 0x00, 0x00, 0x01, 0x00, 0xF8, 0x7F,                                                                         // 72
    0x00, 0x00, 0x00, 0xF8, 0x7F,                                                                                           // 73
    0x00, 0x00, 0x00, 0x00, 0x38, 0x00, 0x00, 0x40, 0x00, 0x00, 0x40, 0x00, 0x00, 0x40, 0x00, 0x00, 0x40, 0x00, 0xF8, 0x3F, // 74
    0x00, 0x00, 0x00, 0xF8, 0x7F, 0x00, 0x00, 0x04, 0x00, 0x00, 0x02, 0x00, 0x00, 0x01, 0x00, 0x80, 0x03, 0x00, 0x40, 0x04, 0x00,
    0x20, 0x18, 0x00, 0x10, 0x20, 0x00, 0x08, 0x40, // 75
    0x00, 0x00, 0x00, 0xF8, 0x7F, 0x00, 0x00, 0x40, 0x00, 0x00, 0x40, 0x00, 0x00, 0x40, 0x00, 0x00, 0x40, 0x00, 0x00, 0x40, 0x00,
    0x00, 0x40, // 76
    0x00, 0x00, 0x00, 0xF8, 0x7F, 0x00, 0x30, 0x00, 0x00, 0xC0, 0x00, 0x00, 0x00, 0x03, 0x00, 0x00, 0x1C, 0x00, 0x00, 0x60, 0x00,
    0x00, 0x1C, 0x00, 0x00, 0x03, 0x00, 0xC0, 0x00, 0x00, 0x30, 0x00, 0x00, 0xF8, 0x7F, // 77
    0x00, 0x00, 0x00, 0xF8, 0x7F, 0x00, 0x10, 0x00, 0x00, 0x60, 0x00, 0x00, 0x80, 0x00, 0x00, 0x00, 0x03, 0x00, 0x00, 0x04, 0x00,
    0x00, 0x18, 0x00, 0x00, 0x20, 0x00, 0xF8, 0x7F, // 78
    0x00, 0x00, 0x00, 0xC0, 0x0F, 0x00, 0x20, 0x10, 0x00, 0x10, 0x20, 0x00, 0x08, 0x40, 0x00, 0x08, 0x40, 0x00, 0x08, 0x40, 0x00,
    0x08, 0x40, 0x00, 0x10, 0x20, 0x00, 0x20, 0x10, 0x00, 0xC0, 0x0F, // 79
    0x00, 0x00, 0x00, 0xF8, 0x7F, 0x00, 0x08, 0x02, 0x00, 0x08, 0x02, 0x00, 0x08, 0x02, 0x00, 0x08, 0x02, 0x00, 0x08, 0x02, 0x00,
    0x08, 0x02, 0x00, 0x10, 0x01, 0x00, 0xE0, // 80
    0x00, 0x00, 0x00, 0xC0, 0x0F, 0x00, 0x20, 0x10, 0x00, 0x10, 0x20, 0x00, 0x08, 0x40, 0x00, 0x08, 0x40, 0x00, 0x08, 0x50, 0x00,
    0x08, 0x50, 0x00, 0x10, 0x20, 0x00, 0x20, 0x70, 0x00, 0xC0, 0x4F, // 81
    0x00, 0x00, 0x00, 0xF8, 0x7F, 0x00, 0x08, 0x02, 0x00, 0x08, 0x02, 0x00, 0x08, 0x02, 0x00, 0x08, 0x02, 0x00, 0x08, 0x06, 0x00,
    0x08, 0x1A, 0x00, 0x10, 0x21, 0x00, 0xE0, 0x40, // 82
    0x00, 0x00, 0x00, 0x60, 0x10, 0x00, 0x90, 0x20, 0x00, 0x08, 0x41, 0x00, 0x08, 0x41, 0x00, 0x08, 0x41, 0x00, 0x08, 0x42, 0x00,
    0x08, 0x42, 0x00, 0x10, 0x22, 0x00, 0x20, 0x1C, // 83
    0x08, 0x00, 0x00, 0x08, 0x00, 0x00, 0x08, 0x00, 0x00, 0x08, 0x00, 0x00, 0xF8, 0x7F, 0x00, 0x08, 0x00, 0x00, 0x08, 0x00, 0x00,
    0x08, 0x00, 0x00, 0x08, // 84
    0x00, 0x00, 0x00, 0xF8, 0x1F, 0x00, 0x00, 0x20, 0x00, 0x00, 0x40, 0x00, 0x00, 0x40, 0x00, 0x00, 0x40, 0x00, 0x00, 0x40, 0x00,
    0x00, 0x40, 0x00, 0x00, 0x20, 0x00, 0xF8, 0x1F, // 85
    0x00, 0x00, 0x00, 0x18, 0x00, 0x00, 0xE0, 0x00, 0x00, 0x00, 0x07, 0x00, 0x00, 0x18, 0x00, 0x00, 0x60, 0x00, 0x00, 0x18, 0x00,
    0x00, 0x07, 0x00, 0xE0, 0x00, 0x00, 0x18, // 86
    0x18, 0x00, 0x00, 0xE0, 0x01, 0x00, 0x00, 0x1E, 0x00, 0x00, 0x60, 0x00, 0x00, 0x1C, 0x00, 0x80, 0x03, 0x00, 0x70, 0x00, 0x00,
    0x08, 0x00, 0x00, 0x70, 0x00, 0x00, 0x80, 0x03, 0x00, 0x00, 0x1C, 0x00, 0x00, 0x60, 0x00, 0x00, 0x1E, 0x00, 0xE0, 0x01, 0x00,
    0x18, // 87
    0x00, 0x40, 0x00, 0x08, 0x20, 0x00, 0x10, 0x10, 0x00, 0x60, 0x0C, 0x00, 0x80, 0x02, 0x00, 0x00, 0x01, 0x00, 0x80, 0x02, 0x00,
    0x60, 0x0C, 0x00, 0x10, 0x10, 0x00, 0x08, 0x20, 0x00, 0x00, 0x40, // 88
    0x08, 0x00, 0x00, 0x30, 0x00, 0x00, 0x40, 0x00, 0x00, 0x80, 0x01, 0x00, 0x00, 0x7E, 0x00, 0x80, 0x01, 0x00, 0x40, 0x00, 0x00,
    0x30, 0x00, 0x00, 0x08, // 89
    0x00, 0x40, 0x00, 0x08, 0x60, 0x00, 0x08, 0x58, 0x00, 0x08, 0x44, 0x00, 0x08, 0x43, 0x00, 0x88, 0x40, 0x00, 0x68, 0x40, 0x00,
    0x18, 0x40, 0x00, 0x08, 0x40,                                                                                           // 90
    0x00, 0x00, 0x00, 0xF8, 0xFF, 0x03, 0x08, 0x00, 0x02, 0x08, 0x00, 0x02,                                                 // 91
    0x18, 0x00, 0x00, 0xE0, 0x01, 0x00, 0x00, 0x1E, 0x00, 0x00, 0x60,                                                       // 92
    0x08, 0x00, 0x02, 0x08, 0x00, 0x02, 0xF8, 0xFF, 0x03,                                                                   // 93
    0x00, 0x01, 0x00, 0xC0, 0x00, 0x00, 0x30, 0x00, 0x00, 0x08, 0x00, 0x00, 0x30, 0x00, 0x00, 0xC0, 0x00, 0x00, 0x00, 0x01, // 94
    0x00, 0x00, 0x02, 0x00, 0x00, 0x02, 0x00, 0x00, 0x02, 0x00, 0x00, 0x02, 0x00, 0x00, 0x02, 0x00, 0x00, 0x02, 0x00, 0x00, 0x02,
    0x00, 0x00, 0x02, 0x00, 0x00, 0x02,       // 95
    0x00, 0x00, 0x00, 0x08, 0x00, 0x00, 0x10, // 96
    0x00, 0x00, 0x00, 0x00, 0x39, 0x00, 0x80, 0x44, 0x00, 0x40, 0x44, 0x00, 0x40, 0x44, 0x00, 0x40, 0x42, 0x00, 0x40, 0x22, 0x00,
    0x80, 0x7F, // 97
    0x00, 0x00, 0x00, 0xF8, 0x7F, 0x00, 0x80, 0x20, 0x00, 0x40, 0x40, 0x00, 0x40, 0x40, 0x00, 0x40, 0x40, 0x00, 0x80, 0x20, 0x00,
    0x00, 0x1F,                                                                                                             // 98
    0x00, 0x00, 0x00, 0x00, 0x1F, 0x00, 0x80, 0x20, 0x00, 0x40, 0x40, 0x00, 0x40, 0x40, 0x00, 0x40, 0x40, 0x00, 0x80, 0x20, // 99
    0x00, 0x00, 0x00, 0x00, 0x1F, 0x00, 0x80, 0x20, 0x00, 0x40, 0x40, 0x00, 0x40, 0x40, 0x00, 0x40, 0x40, 0x00, 0x80, 0x20, 0x00,
    0xF8, 0x7F, // 100
    0x00, 0x00, 0x00, 0x00, 0x1F, 0x00, 0x80, 0x24, 0x00, 0x40, 0x44, 0x00, 0x40, 0x44, 0x00, 0x40, 0x44, 0x00, 0x80, 0x24, 0x00,
    0x00, 0x17,                                                 // 101
    0x40, 0x00, 0x00, 0xF0, 0x7F, 0x00, 0x48, 0x00, 0x00, 0x48, // 102
    0x00, 0x00, 0x00, 0x00, 0x1F, 0x01, 0x80, 0x20, 0x02, 0x40, 0x40, 0x02, 0x40, 0x40, 0x02, 0x40, 0x40, 0x02, 0x80, 0x20, 0x01,
    0xC0, 0xFF,                                                                                                             // 103
    0x00, 0x00, 0x00, 0xF8, 0x7F, 0x00, 0x80, 0x00, 0x00, 0x40, 0x00, 0x00, 0x40, 0x00, 0x00, 0x40, 0x00, 0x00, 0x80, 0x7F, // 104
    0x00, 0x00, 0x00, 0xC8, 0x7F,                                                                                           // 105
    0x00, 0x00, 0x02, 0xC8, 0xFF, 0x01,                                                                                     // 106
    0x00, 0x00, 0x00, 0xF8, 0x7F, 0x00, 0x00, 0x08, 0x00, 0x00, 0x04, 0x00, 0x00, 0x06, 0x00, 0x00, 0x19, 0x00, 0x80, 0x20, 0x00,
    0x40, 0x40,                   // 107
    0x00, 0x00, 0x00, 0xF8, 0x7F, // 108
    0x00, 0x00, 0x00, 0xC0, 0x7F, 0x00, 0x80, 0x00, 0x00, 0x40, 0x00, 0x00, 0x40, 0x00, 0x00, 0x40, 0x00, 0x00, 0x80, 0x7F, 0x00,
    0x80, 0x00, 0x00, 0x40, 0x00, 0x00, 0x40, 0x00, 0x00, 0x40, 0x00, 0x00, 0x80, 0x7F,                                     // 109
    0x00, 0x00, 0x00, 0xC0, 0x7F, 0x00, 0x80, 0x00, 0x00, 0x40, 0x00, 0x00, 0x40, 0x00, 0x00, 0x40, 0x00, 0x00, 0x80, 0x7F, // 110
    0x00, 0x00, 0x00, 0x00, 0x1F, 0x00, 0x80, 0x20, 0x00, 0x40, 0x40, 0x00, 0x40, 0x40, 0x00, 0x40, 0x40, 0x00, 0x80, 0x20, 0x00,
    0x00, 0x1F, // 111
    0x00, 0x00, 0x00, 0xC0, 0xFF, 0x03, 0x80, 0x20, 0x00, 0x40, 0x40, 0x00, 0x40, 0x40, 0x00, 0x40, 0x40, 0x00, 0x80, 0x20, 0x00,
    0x00, 0x1F, // 112
    0x00, 0x00, 0x00, 0x00, 0x1F, 0x00, 0x80, 0x20, 0x00, 0x40, 0x40, 0x00, 0x40, 0x40, 0x00, 0x40, 0x40, 0x00, 0x80, 0x20, 0x00,
    0xC0, 0xFF, 0x03,                                                                                                       // 113
    0x00, 0x00, 0x00, 0xC0, 0x7F, 0x00, 0x80, 0x00, 0x00, 0x40, 0x00, 0x00, 0x40,                                           // 114
    0x00, 0x00, 0x00, 0x80, 0x23, 0x00, 0x40, 0x44, 0x00, 0x40, 0x44, 0x00, 0x40, 0x44, 0x00, 0x40, 0x44, 0x00, 0x80, 0x38, // 115
    0x40, 0x00, 0x00, 0xF0, 0x7F, 0x00, 0x40, 0x40, 0x00, 0x40, 0x40,                                                       // 116
    0x00, 0x00, 0x00, 0xC0, 0x3F, 0x00, 0x00, 0x40, 0x00, 0x00, 0x40, 0x00, 0x00, 0x40, 0x00, 0x00, 0x20, 0x00, 0xC0, 0x7F, // 117
    0xC0, 0x00, 0x00, 0x00, 0x03, 0x00, 0x00, 0x1C, 0x00, 0x00, 0x60, 0x00, 0x00, 0x1C, 0x00, 0x00, 0x03, 0x00, 0xC0,       // 118
    0xC0, 0x00, 0x00, 0x00, 0x1F, 0x00, 0x00, 0x60, 0x00, 0x00, 0x1C, 0x00, 0x00, 0x03, 0x00, 0xC0, 0x00, 0x00, 0x00, 0x03, 0x00,
    0x00, 0x1C, 0x00, 0x00, 0x60, 0x00, 0x00, 0x1F, 0x00, 0xC0,                                                             // 119
    0x40, 0x40, 0x00, 0x80, 0x20, 0x00, 0x00, 0x1B, 0x00, 0x00, 0x04, 0x00, 0x00, 0x1B, 0x00, 0x80, 0x20, 0x00, 0x40, 0x40, // 120
    0xC0, 0x01, 0x00, 0x00, 0x06, 0x02, 0x00, 0x38, 0x02, 0x00, 0xE0, 0x01, 0x00, 0x38, 0x00, 0x00, 0x07, 0x00, 0xC0,       // 121
    0x40, 0x40, 0x00, 0x40, 0x60, 0x00, 0x40, 0x58, 0x00, 0x40, 0x44, 0x00, 0x40, 0x43, 0x00, 0xC0, 0x40, 0x00, 0x40, 0x40, // 122
    0x00, 0x04, 0x00, 0x00, 0x04, 0x00, 0xF0, 0xFB, 0x01, 0x08, 0x00, 0x02, 0x08, 0x00, 0x02,                               // 123
    0x00, 0x00, 0x00, 0xF8, 0xFF, 0x03,                                                                                     // 124
    0x08, 0x00, 0x02, 0x08, 0x00, 0x02, 0xF0, 0xFB, 0x01, 0x00, 0x04, 0x00, 0x00, 0x04,                                     // 125
    0x00, 0x02, 0x00, 0x00, 0x01, 0x00, 0x00, 0x01, 0x00, 0x00, 0x01, 0x00, 0x00, 0x02, 0x00, 0x00, 0x02, 0x00, 0x00, 0x02, 0x00,
    0x00, 0x01,                                                                   // 126
    0x10, 0x00, 0x00, 0x00, 0x00, 0x00, 0x1C, 0x00, 0x00, 0x04, 0x00, 0x00, 0x10, // 161
    0x20, 0x40, 0x00, 0x18, 0x78, 0x00, 0x00, 0x0E, 0x00, 0xC0, 0x07, 0x00, 0x78, 0x04, 0x00, 0x08, 0x04, 0x00, 0x78, 0x04, 0x00,
    0xC0, 0x07, 0x00, 0x00, 0x0E, 0x00, 0x00, 0x78, 0x00, 0x00, 0x40, // 162
    0x00, 0x41, 0x00, 0xE0, 0x31, 0x00, 0x10, 0x2F, 0x00, 0x08, 0x21, 0x00, 0x08, 0x21, 0x00, 0x08, 0x40, 0x00, 0x10, 0x40, 0x00,
    0x20, 0x20,                                                                                                             // 163
    0x00, 0x00, 0x00, 0x40, 0x0B, 0x00, 0x80, 0x04, 0x00, 0x40, 0x08, 0x00, 0x40, 0x08, 0x00, 0x80, 0x04, 0x00, 0x40, 0x0B, // 164
    0x08, 0x0A, 0x00, 0x10, 0x0A, 0x00, 0x60, 0x0A, 0x00, 0x80, 0x0B, 0x00, 0x00, 0x7E, 0x00, 0x80, 0x0B, 0x00, 0x60, 0x0A, 0x00,
    0x10, 0x0A, 0x00, 0x08, 0x0A,       // 165
    0x00, 0x00, 0x00, 0xF8, 0xF1, 0x03, // 166
    0x00, 0x86, 0x00, 0x70, 0x09, 0x01, 0xC8, 0x10, 0x02, 0x88, 0x10, 0x02, 0x08, 0x21, 0x02, 0x08, 0x61, 0x02, 0x30, 0xD2, 0x01,
    0x00, 0x0C,                               // 167
    0x08, 0x00, 0x00, 0x00, 0x00, 0x00, 0x08, // 168
    0xC0, 0x0F, 0x00, 0x20, 0x10, 0x00, 0x10, 0x20, 0x00, 0xC8, 0x47, 0x00, 0x28, 0x48, 0x00, 0x28, 0x48, 0x00, 0x28, 0x48, 0x00,
    0x28, 0x48, 0x00, 0x48, 0x44, 0x00, 0x10, 0x20, 0x00, 0x20, 0x10, 0x00, 0xC0, 0x0F, // 169
    0x18, 0x00, 0x00, 0xC0, 0x47, 0x00, 0x70, 0x5E, 0x00, 0x10, 0x70, 0x00, 0x08, 0x60, 0x00, 0x08, 0x00, 0x00, 0x08, 0x00, 0x00,
    0x08, 0x60, 0x00, 0x10, 0x70, 0x00, 0x70, 0x5E, 0x00, 0xC0, 0x47,                                                       // 170
    0x00, 0x00, 0x00, 0x00, 0x04, 0x00, 0x00, 0x1B, 0x00, 0x80, 0x20, 0x00, 0x00, 0x04, 0x00, 0x00, 0x1B, 0x00, 0x80, 0x20, // 171
    0x00, 0x00, 0x00, 0x80, 0x00, 0x00, 0x80, 0x00, 0x00, 0x80, 0x00, 0x00, 0x80, 0x00, 0x00, 0x80, 0x00, 0x00, 0x80, 0x00, 0x00,
    0x80, 0x0F,                                                       // 172
    0x00, 0x08, 0x00, 0x00, 0x08, 0x00, 0x00, 0x08, 0x00, 0x00, 0x08, // 173
    0xC0, 0x0F, 0x00, 0x20, 0x10, 0x00, 0x10, 0x20, 0x00, 0xE8, 0x4F, 0x00, 0x28, 0x41, 0x00, 0x28, 0x41, 0x00, 0x28, 0x43, 0x00,
    0x28, 0x45, 0x00, 0xC8, 0x48, 0x00, 0x10, 0x20, 0x00, 0x20, 0x10, 0x00, 0xC0, 0x0F, // 174
    0x04, 0x00, 0x00, 0x04, 0x00, 0x00, 0x04, 0x00, 0x00, 0x04, 0x00, 0x00, 0x04, 0x00, 0x00, 0x04, 0x00, 0x00, 0x04, 0x00, 0x00,
    0x04, 0x00, 0x00, 0x04,                                                       // 175
    0x00, 0x00, 0x00, 0x30, 0x00, 0x00, 0x48, 0x00, 0x00, 0x48, 0x00, 0x00, 0x30, // 176
    0x00, 0x00, 0x00, 0x00, 0x41, 0x00, 0x00, 0x41, 0x00, 0x00, 0x41, 0x00, 0xE0, 0x4F, 0x00, 0x00, 0x41, 0x00, 0x00, 0x41, 0x00,
    0x00, 0x41,                                                                         // 177
    0x10, 0x01, 0x00, 0x88, 0x01, 0x00, 0x48, 0x01, 0x00, 0x48, 0x01, 0x00, 0x30, 0x01, // 178
    0x90, 0x00, 0x00, 0x08, 0x01, 0x00, 0x08, 0x01, 0x00, 0x28, 0x01, 0x00, 0xD8,       // 179
    0x00, 0x00, 0x00, 0x10, 0x00, 0x00, 0x0C,                                           // 180
    0x00, 0x00, 0x00, 0xC0, 0xFF, 0x03, 0x00, 0x20, 0x00, 0x00, 0x40, 0x00, 0x00, 0x40, 0x00, 0x00, 0x40, 0x00, 0x00, 0x20, 0x00,
    0xC0, 0x7F, // 181
    0xF0, 0x00, 0x00, 0xF8, 0x00, 0x00, 0xF8, 0x01, 0x00, 0xF8, 0x01, 0x00, 0xF8, 0xFF, 0x03, 0x08, 0x00, 0x00, 0x08, 0x00, 0x00,
    0xF8, 0xFF, 0x03, 0x08,                         // 182
    0x00, 0x00, 0x00, 0x00, 0x00, 0x00, 0x00, 0x02, // 183
    0x20, 0x00, 0x00, 0x18, 0x00, 0x00, 0x00, 0x00, 0x00, 0xF8, 0x7F, 0x00, 0xF8, 0x7F, 0x00, 0x08, 0x41, 0x00, 0x08, 0x41, 0x00,
    0x08, 0x41, 0x00, 0x08, 0x41, 0x00, 0x08, 0x41, 0x00, 0x08, 0x41, 0x00, 0x08, 0x40, // 184
    0x20, 0x00, 0x00, 0x18, 0x00, 0x00, 0x00, 0x00, 0x00, 0xF8, 0x7F, 0x00, 0xF8, 0x7F, 0x00, 0x00, 0x01, 0x00, 0x00, 0x01, 0x00,
    0x00, 0x01, 0x00, 0x00, 0x01, 0x00, 0x00, 0x01, 0x00, 0xF8, 0x7F, 0x00, 0xF8, 0x7F, // 185
    0x20, 0x00, 0x00, 0x18, 0x00, 0x00, 0x00, 0x00, 0x00, 0x00, 0x00, 0x00, 0xF8, 0x7F, // 186
    0x00, 0x00, 0x00, 0x00, 0x00, 0x00, 0x80, 0x20, 0x00, 0x00, 0x1B, 0x00, 0x00, 0x04, 0x00, 0x80, 0x20, 0x00, 0x00, 0x1B, 0x00,
    0x00, 0x04, // 187
    0x18, 0x00, 0x00, 0xE0, 0x0F, 0x00, 0x70, 0x38, 0x00, 0x10, 0x20, 0x00, 0x08, 0x40, 0x00, 0x08, 0x40, 0x00, 0x08, 0x40, 0x00,
    0x08, 0x40, 0x00, 0x10, 0x20, 0x00, 0x70, 0x38, 0x00, 0xC0, 0x0F, // 188
    0x00, 0x00, 0x00, 0x10, 0x00, 0x00, 0x08, 0x40, 0x00, 0xF8, 0x31, 0x00, 0x00, 0x08, 0x00, 0x00, 0x04, 0x00, 0x00, 0x03, 0x00,
    0x80, 0x00, 0x00, 0x60, 0x44, 0x00, 0x10, 0x62, 0x00, 0x08, 0x52, 0x00, 0x00, 0x52, 0x00, 0x00, 0x4C, // 189
    0x18, 0x00, 0x00, 0x00, 0x00, 0x00, 0x00, 0x00, 0x00, 0x00, 0x00, 0x00, 0x18, 0x00, 0x00, 0x70, 0x00, 0x00, 0xC0, 0x01, 0x00,
    0x00, 0x7F, 0x00, 0xC0, 0x01, 0x00, 0x70, 0x00, 0x00, 0x18, // 190
    0x00, 0x00, 0x00, 0x00, 0xE0, 0x00, 0x00, 0x10, 0x01, 0x00, 0x08, 0x02, 0x40, 0x07, 0x02, 0x00, 0x00, 0x02, 0x00, 0x00, 0x02,
    0x00, 0x00, 0x01, 0x00, 0xC0,                               // 191
    0x00, 0x00, 0x00, 0xDC, 0x7F, 0x00, 0x04, 0x40, 0x00, 0x10, // 192
    0x00, 0x40, 0x00, 0x00, 0x78, 0x00, 0x00, 0x0E, 0x00, 0xC0, 0x07, 0x00, 0x78, 0x04, 0x00, 0x08, 0x04, 0x00, 0x78, 0x04, 0x00,
    0xC0, 0x07, 0x00, 0x00, 0x0E, 0x00, 0x00, 0x78, 0x00, 0x00, 0x40, // 193
    0x00, 0x00, 0x00, 0xF8, 0x7F, 0x00, 0xF8, 0x7F, 0x00, 0x08, 0x41, 0x00, 0x08, 0x41, 0x00, 0x08, 0x41, 0x00, 0x08, 0x41, 0x00,
    0x98, 0x41, 0x00, 0xF0, 0x32, 0x00, 0x00, 0x3E, // 194
    0x00, 0x00, 0x00, 0xF8, 0x7F, 0x00, 0xF8, 0x7F, 0x00, 0x08, 0x00, 0x00, 0x08, 0x00, 0x00, 0x08, 0x00, 0x00, 0x08, 0x00, 0x00,
    0x08, 0x00, 0x00, 0x08, // 195
    0x00, 0x40, 0x00, 0x00, 0x78, 0x00, 0x00, 0x5E, 0x00, 0xC0, 0x43, 0x00, 0x78, 0x40, 0x00, 0x08, 0x40, 0x00, 0x78, 0x40, 0x00,
    0xC0, 0x43, 0x00, 0x00, 0x5E, 0x00, 0x00, 0x78, 0x00, 0x00, 0x40, // 196
    0x00, 0x00, 0x00, 0xF8, 0x7F, 0x00, 0xF8, 0x7F, 0x00, 0x08, 0x41, 0x00, 0x08, 0x41, 0x00, 0x08, 0x41, 0x00, 0x08, 0x41, 0x00,
    0x08, 0x41, 0x00, 0x08, 0x41, 0x00, 0x08, 0x40, // 197
    0x00, 0x40, 0x00, 0x08, 0x70, 0x00, 0x08, 0x58, 0x00, 0x08, 0x4E, 0x00, 0x88, 0x43, 0x00, 0xC8, 0x40, 0x00, 0x78, 0x40, 0x00,
    0x18, 0x40, 0x00, 0x00, 0x40, // 198
    0x00, 0x00, 0x00, 0xF8, 0x7F, 0x00, 0xF8, 0x7F, 0x00, 0x00, 0x01, 0x00, 0x00, 0x01, 0x00, 0x00, 0x01, 0x00, 0x00, 0x01, 0x00,
    0x00, 0x01, 0x00, 0xF8, 0x7F, 0x00, 0xF8, 0x7F, // 199
    0x00, 0x00, 0x00, 0xE0, 0x0F, 0x00, 0x70, 0x38, 0x00, 0x10, 0x20, 0x00, 0x08, 0x41, 0x00, 0x08, 0x41, 0x00, 0x08, 0x41, 0x00,
    0x08, 0x41, 0x00, 0x10, 0x20, 0x00, 0x70, 0x38, 0x00, 0xC0, 0x0F, // 200
    0x00, 0x00, 0x00, 0xF8, 0x7F,                                     // 201
    0x00, 0x00, 0x00, 0xF8, 0x7F, 0x00, 0xF8, 0x7F, 0x00, 0x00, 0x03, 0x00, 0x80, 0x01, 0x00, 0xC0, 0x07, 0x00, 0x60, 0x0C, 0x00,
    0x30, 0x18, 0x00, 0x18, 0x30, 0x00, 0x08, 0x60, // 202
    0x00, 0x40, 0x00, 0x00, 0x78, 0x00, 0x00, 0x1E, 0x00, 0xC0, 0x03, 0x00, 0xF0, 0x00, 0x00, 0x18, 0x00, 0x00, 0x70, 0x00, 0x00,
    0xC0, 0x03, 0x00, 0x00, 0x1E, 0x00, 0x00, 0x78, 0x00, 0x00, 0x40, // 203
    0x00, 0x00, 0x00, 0xF8, 0x7F, 0x00, 0xF8, 0x7F, 0x00, 0xF0, 0x00, 0x00, 0x80, 0x03, 0x00, 0x00, 0x1C, 0x00, 0x00, 0x60, 0x00,
    0x00, 0x3C, 0x00, 0x80, 0x07, 0x00, 0xF0, 0x00, 0x00, 0xF8, 0x7F, 0x00, 0xF8, 0x7F, // 204
    0x00, 0x00, 0x00, 0xF8, 0x7F, 0x00, 0xF8, 0x7F, 0x00, 0x70, 0x00, 0x00, 0xC0, 0x00, 0x00, 0x00, 0x03, 0x00, 0x00, 0x0C, 0x00,
    0x00, 0x30, 0x00, 0xF8, 0x7F, 0x00, 0xF8, 0x7F, // 205
    0x00, 0x00, 0x00, 0x08, 0x40, 0x00, 0x08, 0x41, 0x00, 0x08, 0x41, 0x00, 0x08, 0x41, 0x00, 0x08, 0x41, 0x00, 0x08, 0x41, 0x00,
    0x08, 0x41, 0x00, 0x08, 0x40, // 206
    0x00, 0x00, 0x00, 0xE0, 0x0F, 0x00, 0x70, 0x38, 0x00, 0x10, 0x20, 0x00, 0x08, 0x40, 0x00, 0x08, 0x40, 0x00, 0x08, 0x40, 0x00,
    0x08, 0x40, 0x00, 0x10, 0x20, 0x00, 0x70, 0x38, 0x00, 0xC0, 0x0F, // 207
    0x00, 0x00, 0x00, 0xF8, 0x7F, 0x00, 0xF8, 0x7F, 0x00, 0x08, 0x00, 0x00, 0x08, 0x00, 0x00, 0x08, 0x00, 0x00, 0x08, 0x00, 0x00,
    0x08, 0x00, 0x00, 0xF8, 0x7F, 0x00, 0xF8, 0x7F, // 208
    0x00, 0x00, 0x00, 0xF8, 0x7F, 0x00, 0xF8, 0x7F, 0x00, 0x08, 0x02, 0x00, 0x08, 0x02, 0x00, 0x08, 0x02, 0x00, 0x08, 0x02, 0x00,
    0x08, 0x02, 0x00, 0xB0, 0x01, 0x00, 0xF0, 0x01, // 209
    0x00, 0x00, 0x00, 0x18, 0x60, 0x00, 0x38, 0x70, 0x00, 0x68, 0x58, 0x00, 0xC8, 0x46, 0x00, 0x88, 0x43, 0x00, 0x08, 0x40, 0x00,
    0x08, 0x40, 0x00, 0x08, 0x40, // 211
    0x08, 0x00, 0x00, 0x08, 0x00, 0x00, 0x08, 0x00, 0x00, 0x08, 0x00, 0x00, 0xF8, 0x7F, 0x00, 0x08, 0x00, 0x00, 0x08, 0x00, 0x00,
    0x08, 0x00, 0x00, 0x08, // 212
    0x00, 0x00, 0x00, 0x18, 0x00, 0x00, 0x70, 0x00, 0x00, 0xC0, 0x01, 0x00, 0x00, 0x7F, 0x00, 0xC0, 0x01, 0x00, 0x70, 0x00, 0x00,
    0x18, // 213
    0x00, 0x00, 0x00, 0xC0, 0x0F, 0x00, 0x60, 0x18, 0x00, 0x20, 0x10, 0x00, 0x20, 0x10, 0x00, 0xF8, 0x7F, 0x00, 0x20, 0x10, 0x00,
    0x20, 0x10, 0x00, 0x60, 0x18, 0x00, 0xC0, 0x0F, // 214
    0x00, 0x00, 0x00, 0x08, 0x60, 0x00, 0x38, 0x30, 0x00, 0x60, 0x1C, 0x00, 0xC0, 0x06, 0x00, 0x00, 0x03, 0x00, 0xC0, 0x07, 0x00,
    0x60, 0x1C, 0x00, 0x38, 0x30, 0x00, 0x08, 0x60, // 215
    0x00, 0x00, 0x00, 0xF8, 0x01, 0x00, 0x00, 0x03, 0x00, 0x00, 0x04, 0x00, 0x00, 0x04, 0x00, 0xF8, 0x7F, 0x00, 0x00, 0x04, 0x00,
    0x00, 0x04, 0x00, 0x00, 0x03, 0x00, 0xF8, 0x01, // 216
    0x00, 0x00, 0x00, 0xC0, 0x47, 0x00, 0x70, 0x5E, 0x00, 0x10, 0x70, 0x00, 0x08, 0x60, 0x00, 0x08, 0x00, 0x00, 0x08, 0x00, 0x00,
    0x08, 0x60, 0x00, 0x10, 0x70, 0x00, 0x70, 0x5E, 0x00, 0xC0, 0x47, // 217
    0x02, 0x00, 0x00, 0xF8, 0x7F, 0x00, 0x02, 0x00, 0x00, 0x02,       // 218
    0x30, 0x00, 0x00, 0xE0, 0x00, 0x00, 0x82, 0x01, 0x00, 0x00, 0x7F, 0x00, 0x82, 0x01, 0x00, 0xE0, 0x00, 0x00, 0x30, 0x00, 0x00,
    0x18, // 219
    0x00, 0x00, 0x00, 0x80, 0x3F, 0x00, 0xC0, 0x60, 0x00, 0x40, 0x40, 0x00, 0x50, 0x40, 0x00, 0x8C, 0x20, 0x00, 0x00, 0x3F, 0x00,
    0xC0, 0x7B,                                                                                                             // 220
    0x00, 0x00, 0x00, 0x80, 0x7B, 0x00, 0x40, 0x46, 0x00, 0x50, 0x44, 0x00, 0x4C, 0x44, 0x00, 0xC0, 0x20, 0x00, 0x00, 0x20, // 221
    0x00, 0x00, 0x00, 0xC0, 0x7F, 0x00, 0x80, 0x01, 0x00, 0x50, 0x00, 0x00, 0x4C, 0x00, 0x00, 0xC0, 0x00, 0x00, 0x80, 0xFF,
    0x03,                                                                                                                   // 222
    0x00, 0x00, 0x00, 0xD0, 0x7F, 0x00, 0x0C, 0x40,                                                                         // 223
    0x00, 0x00, 0x00, 0xC0, 0x3F, 0x00, 0x10, 0x60, 0x00, 0x00, 0x40, 0x00, 0x1C, 0x40, 0x00, 0xC4, 0x60, 0x00, 0xD0, 0x3F, // 224
    0x00, 0x00, 0x00, 0x80, 0x3F, 0x00, 0xC0, 0x60, 0x00, 0x40, 0x40, 0x00, 0x40, 0x40, 0x00, 0x80, 0x20, 0x00, 0x00, 0x3F, 0x00,
    0xC0, 0x7B, // 225
    0x00, 0x00, 0x00, 0xF0, 0xFF, 0x03, 0x38, 0x20, 0x00, 0x08, 0x40, 0x00, 0x08, 0x41, 0x00, 0x08, 0x41, 0x00, 0xF8, 0x62, 0x00,
    0x60, 0x3E, // 226
    0x40, 0x00, 0x00, 0xC0, 0x03, 0x00, 0x00, 0x0E, 0x00, 0x00, 0xF8, 0x03, 0x00, 0xF0, 0x00, 0x00, 0x1E, 0x00, 0xC0, 0x03, 0x00,
    0x40, // 227
    0x00, 0x00, 0x00, 0x00, 0x3E, 0x00, 0x18, 0x63, 0x00, 0xB8, 0x40, 0x00, 0xE8, 0x40, 0x00, 0xC8, 0x40, 0x00, 0x88, 0x61, 0x00,
    0x08, 0x3F,                                                                                                             // 228
    0x00, 0x00, 0x00, 0x80, 0x7B, 0x00, 0x40, 0x46, 0x00, 0x40, 0x44, 0x00, 0x40, 0x44, 0x00, 0xC0, 0x20, 0x00, 0x00, 0x20, // 229
    0x00, 0x00, 0x00, 0x08, 0x3E, 0x00, 0x88, 0x63, 0x00, 0xC8, 0x40, 0x00, 0x28, 0x40, 0x00, 0x18, 0xC0, 0x03, 0x00, 0x80,
    0x01, // 230
    0x00, 0x00, 0x00, 0xC0, 0x7F, 0x00, 0x80, 0x01, 0x00, 0x40, 0x00, 0x00, 0x40, 0x00, 0x00, 0xC0, 0x00, 0x00, 0x80, 0xFF,
    0x03, // 231
    0x00, 0x00, 0x00, 0xE0, 0x1F, 0x00, 0x30, 0x39, 0x00, 0x08, 0x41, 0x00, 0x08, 0x41, 0x00, 0x08, 0x41, 0x00, 0x30, 0x39, 0x00,
    0xE0, 0x1F,                                     // 232
    0x00, 0x00, 0x00, 0xC0, 0x7F, 0x00, 0x00, 0x40, // 233
    0x00, 0x00, 0x00, 0xC0, 0x7F, 0x00, 0x00, 0x0C, 0x00, 0x00, 0x06, 0x00, 0x00, 0x0F, 0x00, 0x80, 0x39, 0x00, 0xC0, 0x60, 0x00,
    0x00, 0x40, // 234
    0x00, 0x40, 0x00, 0x08, 0x70, 0x00, 0x08, 0x1C, 0x00, 0xF0, 0x07, 0x00, 0xC0, 0x03, 0x00, 0x00, 0x0F, 0x00, 0x00, 0x78, 0x00,
    0x00, 0x40, // 235
    0x00, 0x00, 0x00, 0xC0, 0xFF, 0x03, 0x00, 0x30, 0x00, 0x00, 0x40, 0x00, 0x00, 0x40, 0x00, 0x00, 0x40, 0x00, 0xC0, 0x3F, 0x00,
    0xC0, 0x7F,                                                                                           // 236
    0xC0, 0x00, 0x00, 0xC0, 0x07, 0x00, 0x00, 0x7C, 0x00, 0x00, 0x40, 0x00, 0x00, 0x38, 0x00, 0xC0, 0x0F, // 237
    0x00, 0x00, 0x00, 0x08, 0x3C, 0x00, 0xE8, 0x66, 0x00, 0x98, 0x42, 0x00, 0x08, 0x41, 0x00, 0x08, 0xC1, 0x03, 0x00, 0x80,
    0x01, // 238
    0x00, 0x00, 0x00, 0x80, 0x3F, 0x00, 0xC0, 0x60, 0x00, 0x40, 0x40, 0x00, 0x40, 0x40, 0x00, 0x40, 0x40, 0x00, 0xC0, 0x60, 0x00,
    0x80, 0x3F, // 239
    0x00, 0x00, 0x00, 0x40, 0x00, 0x00, 0x40, 0x7C, 0x00, 0xC0, 0x1F, 0x00, 0x40, 0x00, 0x00, 0x40, 0x00, 0x00, 0x40, 0x00, 0x00,
    0xC0, 0x7F, 0x00, 0x40, 0x60, 0x00, 0x40, 0x40, // 240
    0x00, 0x00, 0x00, 0x00, 0xFF, 0x03, 0x80, 0x21, 0x00, 0x40, 0x40, 0x00, 0x40, 0x40, 0x00, 0x40, 0x40, 0x00, 0x80, 0x61, 0x00,
    0x00, 0x3F, // 241
    0x00, 0x00, 0x00, 0x00, 0x3F, 0x00, 0x80, 0x61, 0x00, 0xC0, 0x60, 0x00, 0x40, 0x40, 0x00, 0x40, 0xC0, 0x00, 0xC0, 0x80,
    0x03, // 242
    0x00, 0x00, 0x00, 0x00, 0x3F, 0x00, 0x80, 0x61, 0x00, 0xC0, 0x40, 0x00, 0x40, 0x40, 0x00, 0x40, 0x40, 0x00, 0xC0, 0x60, 0x00,
    0xC0, 0x3F, 0x00, 0x40, 0x00, 0x00, 0x40,                                                                               // 243
    0x40, 0x00, 0x00, 0xC0, 0x7F, 0x00, 0x40, 0x40, 0x00, 0x40, 0x40, 0x00, 0x40,                                           // 244
    0x00, 0x00, 0x00, 0xC0, 0x3F, 0x00, 0x00, 0x60, 0x00, 0x00, 0x40, 0x00, 0x00, 0x40, 0x00, 0xC0, 0x60, 0x00, 0xC0, 0x3F, // 245
    0x00, 0x00, 0x00, 0x80, 0x3F, 0x00, 0x80, 0x60, 0x00, 0x40, 0x40, 0x00, 0x00, 0xFF, 0x03, 0xC0, 0xFF, 0x03, 0x40, 0x40, 0x00,
    0xC0, 0x20, 0x00, 0x80, 0x3F, // 246
    0x40, 0x00, 0x02, 0x40, 0x80, 0x03, 0x80, 0xE1, 0x00, 0x00, 0x1E, 0x00, 0x00, 0x1C, 0x00, 0x00, 0xE3, 0x00, 0xC0, 0x80, 0x03,
    0x00, 0x00, 0x02, // 247
    0x00, 0x00, 0x00, 0xC0, 0x3F, 0x00, 0x00, 0x70, 0x00, 0x00, 0x40, 0x00, 0x00, 0x40, 0x00, 0xF0, 0xFF, 0x03, 0x00, 0x40, 0x00,
    0x00, 0x40, 0x00, 0x00, 0x70, 0x00, 0xC0, 0x3F, // 248
    0x00, 0x00, 0x00, 0x00, 0x3F, 0x00, 0x80, 0x61, 0x00, 0x40, 0x40, 0x00, 0x00, 0x40, 0x00, 0x00, 0x20, 0x00, 0x00, 0x1E, 0x00,
    0x00, 0x60, 0x00, 0x00, 0x40, 0x00, 0x40, 0x40, 0x00, 0x80, 0x61, 0x00, 0x00, 0x3F,                                     // 249
    0x10, 0x00, 0x00, 0xC0, 0x7F, 0x00, 0x10, 0x40,                                                                         // 250
    0x00, 0x00, 0x00, 0xC0, 0x3F, 0x00, 0x10, 0x60, 0x00, 0x10, 0x40, 0x00, 0x00, 0x40, 0x00, 0xD0, 0x60, 0x00, 0xC0, 0x3F, // 251
    0x00, 0x00, 0x00, 0x80, 0x3F, 0x00, 0xC0, 0x60, 0x00, 0x40, 0x40, 0x00, 0x50, 0x40, 0x00, 0x4C, 0x40, 0x00, 0xC0, 0x60, 0x00,
    0x80, 0x3F,                                                                                                             // 252
    0x00, 0x00, 0x00, 0xC0, 0x3F, 0x00, 0x00, 0x60, 0x00, 0x10, 0x40, 0x00, 0x0C, 0x40, 0x00, 0xC0, 0x60, 0x00, 0xC0, 0x3F, // 253
    0x00, 0x00, 0x00, 0x00, 0x3F, 0x00, 0x80, 0x61, 0x00, 0x40, 0x40, 0x00, 0x00, 0x40, 0x00, 0x00, 0x20, 0x00, 0x10, 0x1E, 0x00,
    0x0C, 0x60, 0x00, 0x00, 0x40, 0x00, 0x40, 0x40, 0x00, 0x80, 0x61, 0x00, 0x00, 0x3F, // 254
};

const uint8_t ArialMT_Plain_24_GR[] PROGMEM = {
    0x18, // Width: 24
    0x1C, // Height: 28
    0x20, // First Char: 32
    0xE0, // Numbers of Chars: 224

    // Jump Table:
    0xFF, 0xFF, 0x00, 0x07, // 32:65535
    0x00, 0x00, 0x13, 0x07, // 33:0 !
    0x00, 0x13, 0x1A, 0x09, // 34:19 "
    0x00, 0x2D, 0x33, 0x0D, // 35:45 #
    0x00, 0x60, 0x2F, 0x0D, // 36:96 $
    0x00, 0x8F, 0x4F, 0x15, // 37:143 %
    0x00, 0xDE, 0x3B, 0x10, // 38:222 &
    0x01, 0x19, 0x0A, 0x05, // 39:281 '
    0x01, 0x23, 0x1C, 0x08, // 40:291 (
    0x01, 0x3F, 0x1B, 0x08, // 41:319 )
    0x01, 0x5A, 0x21, 0x09, // 42:346 *
    0x01, 0x7B, 0x32, 0x0E, // 43:379 +
    0x01, 0xAD, 0x10, 0x07, // 44:429 ,
    0x01, 0xBD, 0x1B, 0x08, // 45:445 -
    0x01, 0xD8, 0x0F, 0x07, // 46:472 .
    0x01, 0xE7, 0x19, 0x07, // 47:487 /
    0x02, 0x00, 0x2F, 0x0D, // 48:512 0
    0x02, 0x2F, 0x23, 0x0D, // 49:559 1
    0x02, 0x52, 0x2F, 0x0D, // 50:594 2
    0x02, 0x81, 0x2F, 0x0D, // 51:641 3
    0x02, 0xB0, 0x2F, 0x0D, // 52:688 4
    0x02, 0xDF, 0x2F, 0x0D, // 53:735 5
    0x03, 0x0E, 0x2F, 0x0D, // 54:782 6
    0x03, 0x3D, 0x2D, 0x0D, // 55:829 7
    0x03, 0x6A, 0x2F, 0x0D, // 56:874 8
    0x03, 0x99, 0x2F, 0x0D, // 57:921 9
    0x03, 0xC8, 0x0F, 0x07, // 58:968 :
    0x03, 0xD7, 0x10, 0x07, // 59:983 ;
    0x03, 0xE7, 0x2F, 0x0E, // 60:999 <
    0x04, 0x16, 0x2F, 0x0E, // 61:1046 =
    0x04, 0x45, 0x2E, 0x0E, // 62:1093 >
    0x04, 0x73, 0x2E, 0x0D, // 63:1139 ?
    0x04, 0xA1, 0x5B, 0x18, // 64:1185 @
    0x04, 0xFC, 0x3B, 0x10, // 65:1276 A
    0x05, 0x37, 0x3B, 0x10, // 66:1335 B
    0x05, 0x72, 0x3F, 0x11, // 67:1394 C
    0x05, 0xB1, 0x3F, 0x11, // 68:1457 D
    0x05, 0xF0, 0x3B, 0x10, // 69:1520 E
    0x06, 0x2B, 0x35, 0x0F, // 70:1579 F
    0x06, 0x60, 0x43, 0x13, // 71:1632 G
    0x06, 0xA3, 0x3B, 0x11, // 72:1699 H
    0x06, 0xDE, 0x0F, 0x07, // 73:1758 I
    0x06, 0xED, 0x27, 0x0C, // 74:1773 J
    0x07, 0x14, 0x3F, 0x10, // 75:1812 K
    0x07, 0x53, 0x2F, 0x0D, // 76:1875 L
    0x07, 0x82, 0x43, 0x14, // 77:1922 M
    0x07, 0xC5, 0x3B, 0x11, // 78:1989 N
    0x08, 0x00, 0x47, 0x13, // 79:2048 O
    0x08, 0x47, 0x3A, 0x10, // 80:2119 P
    0x08, 0x81, 0x47, 0x13, // 81:2177 Q
    0x08, 0xC8, 0x3F, 0x11, // 82:2248 R
    0x09, 0x07, 0x3B, 0x10, // 83:2311 S
    0x09, 0x42, 0x35, 0x0F, // 84:2370 T
    0x09, 0x77, 0x3B, 0x11, // 85:2423 U
    0x09, 0xB2, 0x39, 0x10, // 86:2482 V
    0x09, 0xEB, 0x59, 0x17, // 87:2539 W
    0x0A, 0x44, 0x3B, 0x10, // 88:2628 X
    0x0A, 0x7F, 0x3D, 0x10, // 89:2687 Y
    0x0A, 0xBC, 0x37, 0x0F, // 90:2748 Z
    0x0A, 0xF3, 0x14, 0x07, // 91:2803 [
    0x0B, 0x07, 0x1B, 0x07, // 92:2823
    0x0B, 0x22, 0x18, 0x07, // 93:2850 ]
    0x0B, 0x3A, 0x2A, 0x0B, // 94:2874 ^
    0x0B, 0x64, 0x34, 0x0D, // 95:2916 _
    0x0B, 0x98, 0x11, 0x08, // 96:2968 `
    0x0B, 0xA9, 0x2F, 0x0D, // 97:2985 a
    0x0B, 0xD8, 0x33, 0x0D, // 98:3032 b
    0x0C, 0x0B, 0x2B, 0x0C, // 99:3083 c
    0x0C, 0x36, 0x2F, 0x0D, // 100:3126 d
    0x0C, 0x65, 0x2F, 0x0D, // 101:3173 e
    0x0C, 0x94, 0x1A, 0x07, // 102:3220 f
    0x0C, 0xAE, 0x2F, 0x0D, // 103:3246 g
    0x0C, 0xDD, 0x2F, 0x0D, // 104:3293 h
    0x0D, 0x0C, 0x0F, 0x05, // 105:3340 i
    0x0D, 0x1B, 0x10, 0x05, // 106:3355 j
    0x0D, 0x2B, 0x2F, 0x0C, // 107:3371 k
    0x0D, 0x5A, 0x0F, 0x05, // 108:3418 l
    0x0D, 0x69, 0x47, 0x14, // 109:3433 m
    0x0D, 0xB0, 0x2F, 0x0D, // 110:3504 n
    0x0D, 0xDF, 0x2F, 0x0D, // 111:3551 o
    0x0E, 0x0E, 0x33, 0x0D, // 112:3598 p
    0x0E, 0x41, 0x30, 0x0D, // 113:3649 q
    0x0E, 0x71, 0x1E, 0x08, // 114:3697 r
    0x0E, 0x8F, 0x2B, 0x0C, // 115:3727 s
    0x0E, 0xBA, 0x1B, 0x07, // 116:3770 t
    0x0E, 0xD5, 0x2F, 0x0D, // 117:3797 u
    0x0F, 0x04, 0x2A, 0x0C, // 118:3844 v
    0x0F, 0x2E, 0x42, 0x11, // 119:3886 w
    0x0F, 0x70, 0x2B, 0x0C, // 120:3952 x
    0x0F, 0x9B, 0x2A, 0x0C, // 121:3995 y
    0x0F, 0xC5, 0x2B, 0x0C, // 122:4037 z
    0x0F, 0xF0, 0x1C, 0x08, // 123:4080 {
    0x10, 0x0C, 0x10, 0x06, // 124:4108 |
    0x10, 0x1C, 0x1B, 0x08, // 125:4124 }
    0x10, 0x37, 0x32, 0x0E, // 126:4151 ~
    0xFF, 0xFF, 0x00, 0x00, // 127:65535
    0xFF, 0xFF, 0x00, 0x18, // 128:65535
    0xFF, 0xFF, 0x00, 0x18, // 129:65535
    0xFF, 0xFF, 0x00, 0x18, // 130:65535
    0xFF, 0xFF, 0x00, 0x18, // 131:65535
    0xFF, 0xFF, 0x00, 0x18, // 132:65535
    0xFF, 0xFF, 0x00, 0x18, // 133:65535
    0xFF, 0xFF, 0x00, 0x18, // 134:65535
    0xFF, 0xFF, 0x00, 0x18, // 135:65535
    0xFF, 0xFF, 0x00, 0x18, // 136:65535
    0xFF, 0xFF, 0x00, 0x18, // 137:65535
    0xFF, 0xFF, 0x00, 0x18, // 138:65535
    0xFF, 0xFF, 0x00, 0x18, // 139:65535
    0xFF, 0xFF, 0x00, 0x18, // 140:65535
    0xFF, 0xFF, 0x00, 0x18, // 141:65535
    0xFF, 0xFF, 0x00, 0x18, // 142:65535
    0xFF, 0xFF, 0x00, 0x18, // 143:65535
    0xFF, 0xFF, 0x00, 0x18, // 144:65535
    0xFF, 0xFF, 0x00, 0x18, // 145:65535
    0xFF, 0xFF, 0x00, 0x18, // 146:65535
    0xFF, 0xFF, 0x00, 0x18, // 147:65535
    0xFF, 0xFF, 0x00, 0x18, // 148:65535
    0xFF, 0xFF, 0x00, 0x18, // 149:65535
    0xFF, 0xFF, 0x00, 0x18, // 150:65535
    0xFF, 0xFF, 0x00, 0x18, // 151:65535
    0xFF, 0xFF, 0x00, 0x18, // 152:65535
    0xFF, 0xFF, 0x00, 0x18, // 153:65535
    0xFF, 0xFF, 0x00, 0x18, // 154:65535
    0xFF, 0xFF, 0x00, 0x18, // 155:65535
    0xFF, 0xFF, 0x00, 0x18, // 156:65535
    0xFF, 0xFF, 0x00, 0x18, // 157:65535
    0xFF, 0xFF, 0x00, 0x18, // 158:65535
    0xFF, 0xFF, 0x00, 0x18, // 159:65535
    0xFF, 0xFF, 0x00, 0x07, // 160:65535
    0x10, 0x69, 0x1D, 0x08, // 161:4201 ΅
    0x10, 0x86, 0x3B, 0x10, // 162:4230 Ά
    0x10, 0xC1, 0x2F, 0x0D, // 163:4289 £
    0x10, 0xF0, 0x33, 0x0D, // 164:4336 ¤
    0x11, 0x23, 0x31, 0x0D, // 165:4387 ¥
    0x11, 0x54, 0x10, 0x06, // 166:4436 ¦
    0x11, 0x64, 0x2F, 0x0D, // 167:4452 §
    0x11, 0x93, 0x19, 0x08, // 168:4499 ¨
    0x11, 0xAC, 0x46, 0x12, // 169:4524 ©
    0x11, 0xF2, 0x43, 0x12, // 170:4594 Ώ
    0x12, 0x35, 0x27, 0x0D, // 171:4661 «
    0x12, 0x5C, 0x2F, 0x0E, // 172:4700 ¬
    0x12, 0x8B, 0x1B, 0x08, // 173:4747
    0x12, 0xA6, 0x46, 0x12, // 174:4774 ®
    0x12, 0xEC, 0x31, 0x0D, // 175:4844 ¯
    0x13, 0x1D, 0x1E, 0x0A, // 176:4893 °
    0x13, 0x3B, 0x33, 0x0D, // 177:4923 ±
    0x13, 0x6E, 0x1A, 0x08, // 178:4974 ²
    0x13, 0x88, 0x1A, 0x08, // 179:5000 ³
    0x13, 0xA2, 0x15, 0x08, // 180:5026 ΄
    0x13, 0xB7, 0x2F, 0x0E, // 181:5047 µ
    0x13, 0xE6, 0x31, 0x0D, // 182:5094 ¶
    0x14, 0x17, 0x12, 0x08, // 183:5143 ·
    0x14, 0x29, 0x47, 0x13, // 184:5161 Έ
    0x14, 0x70, 0x47, 0x14, // 185:5232 Ή
    0x14, 0xB7, 0x1B, 0x09, // 186:5303 Ί
    0x14, 0xD2, 0x2E, 0x0D, // 187:5330 »
    0x15, 0x00, 0x46, 0x13, // 188:5376 Ό
    0x15, 0x46, 0x4B, 0x14, // 189:5446 ½
    0x15, 0x91, 0x4D, 0x15, // 190:5521 Ύ
    0x15, 0xDE, 0x33, 0x0F, // 191:5598 ¿
    0x16, 0x11, 0x19, 0x05, // 192:5649 ΐ
    0x16, 0x2A, 0x3B, 0x10, // 193:5674 Α
    0x16, 0x65, 0x3B, 0x10, // 194:5733 Β
    0x16, 0xA0, 0x2D, 0x0D, // 195:5792 Γ
    0x16, 0xCD, 0x3B, 0x10, // 196:5837 Δ
    0x17, 0x08, 0x3B, 0x10, // 197:5896 Ε
    0x17, 0x43, 0x37, 0x0F, // 198:5955 Ζ
    0x17, 0x7A, 0x3B, 0x11, // 199:6010 Η
    0x17, 0xB5, 0x46, 0x13, // 200:6069 Θ
    0x17, 0xFB, 0x0F, 0x07, // 201:6139 Ι
    0x18, 0x0A, 0x3B, 0x10, // 202:6154 Κ
    0x18, 0x45, 0x3F, 0x10, // 203:6213 Λ
    0x18, 0x84, 0x43, 0x14, // 204:6276 Μ
    0x18, 0xC7, 0x3B, 0x11, // 205:6343 Ν
    0x19, 0x02, 0x3B, 0x10, // 206:6402 Ξ
    0x19, 0x3D, 0x46, 0x13, // 207:6461 Ο
    0x19, 0x83, 0x3B, 0x11, // 208:6531 Π
    0x19, 0xBE, 0x3A, 0x10, // 209:6590 Ρ
    0xFF, 0xFF, 0x00, 0x13, // 210:65535
    0x19, 0xF8, 0x37, 0x0F, // 211:6648 Σ
    0x1A, 0x2F, 0x31, 0x0F, // 212:6703 Τ
    0x1A, 0x60, 0x39, 0x10, // 213:6752 Υ
    0x1A, 0x99, 0x42, 0x13, // 214:6809 Φ
    0x1A, 0xDB, 0x37, 0x10, // 215:6875 Χ
    0x1B, 0x12, 0x42, 0x14, // 216:6930 Ψ
    0x1B, 0x54, 0x43, 0x12, // 217:6996 Ω
    0x1B, 0x97, 0x11, 0x07, // 218:7063 Ϊ
    0x1B, 0xA8, 0x39, 0x10, // 219:7080 Ϋ
    0x1B, 0xE1, 0x33, 0x0E, // 220:7137 ά
    0x1C, 0x14, 0x27, 0x0B, // 221:7188 έ
    0x1C, 0x3B, 0x30, 0x0D, // 222:7227 ή
    0x1C, 0x6B, 0x15, 0x05, // 223:7275 ί
    0x1C, 0x80, 0x33, 0x0D, // 224:7296 ΰ
    0x1C, 0xB3, 0x33, 0x0E, // 225:7347 α
    0x1C, 0xE6, 0x33, 0x0E, // 226:7398 β
    0x1D, 0x19, 0x2A, 0x0C, // 227:7449 γ
    0x1D, 0x43, 0x2F, 0x0D, // 228:7491 δ
    0x1D, 0x72, 0x27, 0x0B, // 229:7538 ε
    0x1D, 0x99, 0x2B, 0x0B, // 230:7577 ζ
    0x1D, 0xC4, 0x30, 0x0D, // 231:7620 η
    0x1D, 0xF4, 0x2F, 0x0D, // 232:7668 θ
    0x1E, 0x23, 0x13, 0x05, // 233:7715 ι
    0x1E, 0x36, 0x2F, 0x0C, // 234:7734 κ
    0x1E, 0x65, 0x2F, 0x0C, // 235:7781 λ
    0x1E, 0x94, 0x2F, 0x0E, // 236:7828 μ
    0x1E, 0xC3, 0x26, 0x0C, // 237:7875 ν
    0x1E, 0xE9, 0x28, 0x0B, // 238:7913 ξ
    0x1F, 0x11, 0x2F, 0x0D, // 239:7953 ο
    0x1F, 0x40, 0x3E, 0x11, // 240:8000 π
    0x1F, 0x7E, 0x33, 0x0E, // 241:8062 ρ
    0x1F, 0xB1, 0x2C, 0x0C, // 242:8113 ς
    0x1F, 0xDD, 0x3A, 0x0F, // 243:8157 σ
    0x20, 0x17, 0x22, 0x09, // 244:8215 τ
    0x20, 0x39, 0x33, 0x0D, // 245:8249 υ
    0x20, 0x6C, 0x3B, 0x10, // 246:8300 φ
    0x20, 0xA7, 0x30, 0x0D, // 247:8359 χ
    0x20, 0xD7, 0x3F, 0x11, // 248:8407 ψ
    0x21, 0x16, 0x43, 0x13, // 249:8470 ω
    0x21, 0x59, 0x11, 0x05, // 250:8537 ϊ
    0x21, 0x6A, 0x33, 0x0D, // 251:8554 ϋ
    0x21, 0x9D, 0x2F, 0x0D, // 252:8605 ό
    0x21, 0xCC, 0x33, 0x0D, // 253:8652 ύ
    0x21, 0xFF, 0x43, 0x13, // 254:8703 ώ
    0xFF, 0xFF, 0x00, 0x0C, // 255:65535

    // Font Data:
    0x00, 0x00, 0x00, 0x00, 0x00, 0x00, 0x00, 0x00, 0x00, 0x00, 0x00, 0x00, 0xE0, 0xFF, 0x33, 0x00, 0xE0, 0xFF, 0x33, // 33
    0x00, 0x00, 0x00, 0x00, 0xE0, 0x07, 0x00, 0x00, 0xE0, 0x07, 0x00, 0x00, 0x00, 0x00, 0x00, 0x00, 0x00, 0x00, 0x00, 0x00, 0xE0,
    0x07, 0x00, 0x00, 0xE0, 0x07, // 34
    0x00, 0x0C, 0x03, 0x00, 0x00, 0x0C, 0x33, 0x00, 0x00, 0x0C, 0x3F, 0x00, 0x00, 0xFC, 0x0F, 0x00, 0x80, 0xFF, 0x03, 0x00, 0xE0,
    0x0F, 0x03, 0x00, 0x60, 0x0C, 0x33, 0x00, 0x00, 0x0C, 0x3F, 0x00, 0x00, 0xFC, 0x0F, 0x00, 0x80, 0xFF, 0x03, 0x00, 0xE0, 0x0F,
    0x03, 0x00, 0x60, 0x0C, 0x03, 0x00, 0x00, 0x0C, 0x03, // 35
    0x00, 0x00, 0x00, 0x00, 0x80, 0x07, 0x06, 0x00, 0xC0, 0x0F, 0x1E, 0x00, 0xC0, 0x18, 0x1C, 0x00, 0x60, 0x18, 0x38, 0x00, 0x60,
    0x30, 0x30, 0x00, 0xF0, 0xFF, 0xFF, 0x00, 0x60, 0x30, 0x30, 0x00, 0x60, 0x60, 0x38, 0x00, 0xC0, 0x60, 0x18, 0x00, 0xC0, 0xC1,
    0x1F, 0x00, 0x00, 0x81, 0x07, // 36
    0x00, 0x00, 0x00, 0x00, 0x80, 0x0F, 0x00, 0x00, 0xC0, 0x1F, 0x00, 0x00, 0x60, 0x30, 0x00, 0x00, 0x20, 0x20, 0x00, 0x00, 0x20,
    0x20, 0x20, 0x00, 0x60, 0x30, 0x38, 0x00, 0xC0, 0x1F, 0x1E, 0x00, 0x80, 0x8F, 0x0F, 0x00, 0x00, 0xC0, 0x03, 0x00, 0x00, 0xF0,
    0x00, 0x00, 0x00, 0x3C, 0x00, 0x00, 0x00, 0x8F, 0x0F, 0x00, 0xC0, 0xC3, 0x1F, 0x00, 0xE0, 0x60, 0x30, 0x00, 0x20, 0x20, 0x20,
    0x00, 0x00, 0x20, 0x20, 0x00, 0x00, 0x60, 0x30, 0x00, 0x00, 0xC0, 0x1F, 0x00, 0x00, 0x80, 0x0F, // 37
    0x00, 0x00, 0x00, 0x00, 0x00, 0x80, 0x07, 0x00, 0x00, 0xC0, 0x0F, 0x00, 0x80, 0xE3, 0x1C, 0x00, 0xC0, 0x77, 0x38, 0x00, 0xE0,
    0x3C, 0x30, 0x00, 0x60, 0x38, 0x30, 0x00, 0x60, 0x78, 0x30, 0x00, 0xE0, 0xEC, 0x38, 0x00, 0xC0, 0x8F, 0x1B, 0x00, 0x80, 0x03,
    0x1F, 0x00, 0x00, 0x00, 0x0F, 0x00, 0x00, 0xC0, 0x1F, 0x00, 0x00, 0xC0, 0x38, 0x00, 0x00, 0x00, 0x10, // 38
    0x00, 0x00, 0x00, 0x00, 0xE0, 0x07, 0x00, 0x00, 0xE0, 0x07,                                           // 39
    0x00, 0x00, 0x00, 0x00, 0x00, 0xF0, 0x0F, 0x00, 0x00, 0xFE, 0x7F, 0x00, 0x80, 0x0F, 0xF0, 0x01, 0xC0, 0x01, 0x80, 0x03, 0x60,
    0x00, 0x00, 0x06, 0x20, 0x00, 0x00, 0x04, // 40
    0x00, 0x00, 0x00, 0x00, 0x20, 0x00, 0x00, 0x04, 0x60, 0x00, 0x00, 0x06, 0xC0, 0x01, 0x80, 0x03, 0x80, 0x0F, 0xF0, 0x01, 0x00,
    0xFE, 0x7F, 0x00, 0x00, 0xF0, 0x0F, // 41
    0x00, 0x00, 0x00, 0x00, 0x80, 0x00, 0x00, 0x00, 0x80, 0x04, 0x00, 0x00, 0x80, 0x0F, 0x00, 0x00, 0xE0, 0x03, 0x00, 0x00, 0xE0,
    0x03, 0x00, 0x00, 0x80, 0x0F, 0x00, 0x00, 0x80, 0x04, 0x00, 0x00, 0x80, // 42
    0x00, 0x00, 0x00, 0x00, 0x00, 0x60, 0x00, 0x00, 0x00, 0x60, 0x00, 0x00, 0x00, 0x60, 0x00, 0x00, 0x00, 0x60, 0x00, 0x00, 0x00,
    0x60, 0x00, 0x00, 0x00, 0xFF, 0x0F, 0x00, 0x00, 0xFF, 0x0F, 0x00, 0x00, 0x60, 0x00, 0x00, 0x00, 0x60, 0x00, 0x00, 0x00, 0x60,
    0x00, 0x00, 0x00, 0x60, 0x00, 0x00, 0x00, 0x60,                                                 // 43
    0x00, 0x00, 0x00, 0x00, 0x00, 0x00, 0x00, 0x00, 0x00, 0x00, 0x30, 0x03, 0x00, 0x00, 0xF0, 0x01, // 44
    0x00, 0x80, 0x01, 0x00, 0x00, 0x80, 0x01, 0x00, 0x00, 0x80, 0x01, 0x00, 0x00, 0x80, 0x01, 0x00, 0x00, 0x80, 0x01, 0x00, 0x00,
    0x80, 0x01, 0x00, 0x00, 0x80, 0x01,                                                       // 45
    0x00, 0x00, 0x00, 0x00, 0x00, 0x00, 0x00, 0x00, 0x00, 0x00, 0x30, 0x00, 0x00, 0x00, 0x30, // 46
    0x00, 0x00, 0x30, 0x00, 0x00, 0x00, 0x3E, 0x00, 0x00, 0xE0, 0x0F, 0x00, 0x00, 0xFC, 0x01, 0x00, 0x80, 0x3F, 0x00, 0x00, 0xE0,
    0x03, 0x00, 0x00, 0x60, // 47
    0x00, 0x00, 0x00, 0x00, 0x00, 0xFE, 0x03, 0x00, 0x80, 0xFF, 0x0F, 0x00, 0xC0, 0x01, 0x1C, 0x00, 0xE0, 0x00, 0x38, 0x00, 0x60,
    0x00, 0x30, 0x00, 0x60, 0x00, 0x30, 0x00, 0x60, 0x00, 0x30, 0x00, 0xE0, 0x00, 0x38, 0x00, 0xC0, 0x01, 0x1C, 0x00, 0x80, 0xFF,
    0x0F, 0x00, 0x00, 0xFE, 0x03, // 48
    0x00, 0x00, 0x00, 0x00, 0x00, 0x00, 0x00, 0x00, 0x00, 0x00, 0x00, 0x00, 0x00, 0x06, 0x00, 0x00, 0x00, 0x07, 0x00, 0x00, 0x00,
    0x03, 0x00, 0x00, 0x80, 0x01, 0x00, 0x00, 0xE0, 0xFF, 0x3F, 0x00, 0xE0, 0xFF, 0x3F, // 49
    0x00, 0x00, 0x00, 0x00, 0x00, 0x03, 0x30, 0x00, 0xC0, 0x03, 0x38, 0x00, 0xC0, 0x00, 0x3C, 0x00, 0x60, 0x00, 0x36, 0x00, 0x60,
    0x00, 0x33, 0x00, 0x60, 0x80, 0x31, 0x00, 0x60, 0xC0, 0x30, 0x00, 0x60, 0x60, 0x30, 0x00, 0xC0, 0x30, 0x30, 0x00, 0xC0, 0x1F,
    0x30, 0x00, 0x00, 0x0F, 0x30, // 50
    0x00, 0x00, 0x00, 0x00, 0x00, 0x01, 0x06, 0x00, 0xC0, 0x01, 0x0E, 0x00, 0xC0, 0x00, 0x1C, 0x00, 0x60, 0x00, 0x30, 0x00, 0x60,
    0x30, 0x30, 0x00, 0x60, 0x30, 0x30, 0x00, 0x60, 0x30, 0x30, 0x00, 0xC0, 0x38, 0x30, 0x00, 0xC0, 0x6F, 0x18, 0x00, 0x80, 0xC7,
    0x0F, 0x00, 0x00, 0x80, 0x07, // 51
    0x00, 0x00, 0x00, 0x00, 0x00, 0x80, 0x03, 0x00, 0x00, 0xC0, 0x03, 0x00, 0x00, 0xF0, 0x03, 0x00, 0x00, 0x3C, 0x03, 0x00, 0x00,
    0x0E, 0x03, 0x00, 0x80, 0x07, 0x03, 0x00, 0xC0, 0x01, 0x03, 0x00, 0xE0, 0xFF, 0x3F, 0x00, 0xE0, 0xFF, 0x3F, 0x00, 0x00, 0x00,
    0x03, 0x00, 0x00, 0x00, 0x03, // 52
    0x00, 0x00, 0x00, 0x00, 0x00, 0x30, 0x06, 0x00, 0x80, 0x3F, 0x0E, 0x00, 0xE0, 0x1F, 0x18, 0x00, 0x60, 0x08, 0x30, 0x00, 0x60,
    0x0C, 0x30, 0x00, 0x60, 0x0C, 0x30, 0x00, 0x60, 0x0C, 0x30, 0x00, 0x60, 0x0C, 0x30, 0x00, 0x60, 0x18, 0x1C, 0x00, 0x60, 0xF0,
    0x0F, 0x00, 0x00, 0xE0, 0x03, // 53
    0x00, 0x00, 0x00, 0x00, 0x00, 0xFC, 0x03, 0x00, 0x80, 0xFF, 0x0F, 0x00, 0xC0, 0x63, 0x1C, 0x00, 0xC0, 0x30, 0x38, 0x00, 0x60,
    0x18, 0x30, 0x00, 0x60, 0x18, 0x30, 0x00, 0x60, 0x18, 0x30, 0x00, 0x60, 0x18, 0x30, 0x00, 0xE0, 0x30, 0x18, 0x00, 0xC0, 0xF1,
    0x0F, 0x00, 0x80, 0xC1, 0x07, // 54
    0x00, 0x00, 0x00, 0x00, 0x60, 0x00, 0x00, 0x00, 0x60, 0x00, 0x00, 0x00, 0x60, 0x00, 0x00, 0x00, 0x60, 0x00, 0x3C, 0x00, 0x60,
    0x80, 0x3F, 0x00, 0x60, 0xE0, 0x03, 0x00, 0x60, 0x78, 0x00, 0x00, 0x60, 0x0E, 0x00, 0x00, 0x60, 0x03, 0x00, 0x00, 0xE0, 0x01,
    0x00, 0x00, 0x60, // 55
    0x00, 0x00, 0x00, 0x00, 0x00, 0x80, 0x07, 0x00, 0x80, 0xC7, 0x1F, 0x00, 0xC0, 0x6F, 0x18, 0x00, 0xE0, 0x38, 0x30, 0x00, 0x60,
    0x30, 0x30, 0x00, 0x60, 0x30, 0x30, 0x00, 0x60, 0x30, 0x30, 0x00, 0xE0, 0x38, 0x30, 0x00, 0xC0, 0x6F, 0x18, 0x00, 0x80, 0xC7,
    0x1F, 0x00, 0x00, 0x80, 0x07, // 56
    0x00, 0x00, 0x00, 0x00, 0x00, 0x1F, 0x0C, 0x00, 0x80, 0x7F, 0x1C, 0x00, 0xC0, 0x61, 0x38, 0x00, 0x60, 0xC0, 0x30, 0x00, 0x60,
    0xC0, 0x30, 0x00, 0x60, 0xC0, 0x30, 0x00, 0x60, 0xC0, 0x30, 0x00, 0x60, 0x60, 0x18, 0x00, 0xC0, 0x31, 0x1E, 0x00, 0x80, 0xFF,
    0x0F, 0x00, 0x00, 0xFE, 0x01,                                                                   // 57
    0x00, 0x00, 0x00, 0x00, 0x00, 0x00, 0x00, 0x00, 0x00, 0x06, 0x30, 0x00, 0x00, 0x06, 0x30,       // 58
    0x00, 0x00, 0x00, 0x00, 0x00, 0x00, 0x00, 0x00, 0x00, 0x06, 0x30, 0x03, 0x00, 0x06, 0xF0, 0x01, // 59
    0x00, 0x00, 0x00, 0x00, 0x00, 0x20, 0x00, 0x00, 0x00, 0x70, 0x00, 0x00, 0x00, 0x50, 0x00, 0x00, 0x00, 0xD8, 0x00, 0x00, 0x00,
    0xD8, 0x00, 0x00, 0x00, 0x8C, 0x01, 0x00, 0x00, 0x8C, 0x01, 0x00, 0x00, 0x04, 0x01, 0x00, 0x00, 0x06, 0x03, 0x00, 0x00, 0x06,
    0x03, 0x00, 0x00, 0x03, 0x06, // 60
    0x00, 0x00, 0x00, 0x00, 0x00, 0x8C, 0x01, 0x00, 0x00, 0x8C, 0x01, 0x00, 0x00, 0x8C, 0x01, 0x00, 0x00, 0x8C, 0x01, 0x00, 0x00,
    0x8C, 0x01, 0x00, 0x00, 0x8C, 0x01, 0x00, 0x00, 0x8C, 0x01, 0x00, 0x00, 0x8C, 0x01, 0x00, 0x00, 0x8C, 0x01, 0x00, 0x00, 0x8C,
    0x01, 0x00, 0x00, 0x8C, 0x01, // 61
    0x00, 0x00, 0x00, 0x00, 0x00, 0x03, 0x06, 0x00, 0x00, 0x06, 0x03, 0x00, 0x00, 0x06, 0x03, 0x00, 0x00, 0x04, 0x01, 0x00, 0x00,
    0x8C, 0x01, 0x00, 0x00, 0x8C, 0x01, 0x00, 0x00, 0xD8, 0x00, 0x00, 0x00, 0xD8, 0x00, 0x00, 0x00, 0x50, 0x00, 0x00, 0x00, 0x70,
    0x00, 0x00, 0x00, 0x20, // 62
    0x00, 0x00, 0x00, 0x00, 0x00, 0x03, 0x00, 0x00, 0x80, 0x03, 0x00, 0x00, 0xC0, 0x01, 0x00, 0x00, 0xE0, 0x00, 0x00, 0x00, 0x60,
    0x80, 0x33, 0x00, 0x60, 0xC0, 0x33, 0x00, 0x60, 0xE0, 0x00, 0x00, 0x60, 0x30, 0x00, 0x00, 0xC0, 0x38, 0x00, 0x00, 0xC0, 0x1F,
    0x00, 0x00, 0x00, 0x07, // 63
    0x00, 0x00, 0x00, 0x00, 0x00, 0xE0, 0x0F, 0x00, 0x00, 0xF8, 0x3F, 0x00, 0x00, 0x1E, 0xF0, 0x00, 0x00, 0x07, 0xC0, 0x01, 0x80,
    0xC3, 0x87, 0x01, 0xC0, 0xF1, 0x9F, 0x03, 0xC0, 0x38, 0x18, 0x03, 0xC0, 0x0C, 0x30, 0x03, 0x60, 0x0E, 0x30, 0x06, 0x60, 0x06,
    0x30, 0x06, 0x60, 0x06, 0x18, 0x06, 0x60, 0x06, 0x0C, 0x06, 0x60, 0x0C, 0x1E, 0x06, 0x60, 0xF8, 0x3F, 0x06, 0xE0, 0xFE, 0x31,
    0x06, 0xC0, 0x0E, 0x30, 0x06, 0xC0, 0x01, 0x18, 0x03, 0x80, 0x03, 0x1C, 0x03, 0x00, 0x07, 0x8F, 0x01, 0x00, 0xFE, 0x87, 0x01,
    0x00, 0xF8, 0xC1, 0x00, 0x00, 0x00, 0x40, // 64
    0x00, 0x00, 0x30, 0x00, 0x00, 0x00, 0x3E, 0x00, 0x00, 0x80, 0x0F, 0x00, 0x00, 0xF0, 0x03, 0x00, 0x00, 0xFE, 0x01, 0x00, 0x80,
    0x8F, 0x01, 0x00, 0xE0, 0x83, 0x01, 0x00, 0x60, 0x80, 0x01, 0x00, 0xE0, 0x83, 0x01, 0x00, 0x80, 0x8F, 0x01, 0x00, 0x00, 0xFE,
    0x01, 0x00, 0x00, 0xF0, 0x03, 0x00, 0x00, 0x80, 0x0F, 0x00, 0x00, 0x00, 0x3E, 0x00, 0x00, 0x00, 0x30, // 65
    0x00, 0x00, 0x00, 0x00, 0x00, 0x00, 0x00, 0x00, 0xE0, 0xFF, 0x3F, 0x00, 0xE0, 0xFF, 0x3F, 0x00, 0x60, 0x30, 0x30, 0x00, 0x60,
    0x30, 0x30, 0x00, 0x60, 0x30, 0x30, 0x00, 0x60, 0x30, 0x30, 0x00, 0x60, 0x30, 0x30, 0x00, 0x60, 0x30, 0x30, 0x00, 0x60, 0x30,
    0x30, 0x00, 0xC0, 0x78, 0x30, 0x00, 0xC0, 0xFF, 0x18, 0x00, 0x80, 0xC7, 0x1F, 0x00, 0x00, 0x80, 0x07, // 66
    0x00, 0x00, 0x00, 0x00, 0x00, 0xFC, 0x01, 0x00, 0x00, 0xFF, 0x07, 0x00, 0x80, 0x07, 0x0F, 0x00, 0xC0, 0x01, 0x1C, 0x00, 0xC0,
    0x00, 0x18, 0x00, 0x60, 0x00, 0x30, 0x00, 0x60, 0x00, 0x30, 0x00, 0x60, 0x00, 0x30, 0x00, 0x60, 0x00, 0x30, 0x00, 0x60, 0x00,
    0x30, 0x00, 0x60, 0x00, 0x30, 0x00, 0xC0, 0x00, 0x18, 0x00, 0xC0, 0x01, 0x1C, 0x00, 0x80, 0x03, 0x0F, 0x00, 0x00, 0x02,
    0x03, // 67
    0x00, 0x00, 0x00, 0x00, 0x00, 0x00, 0x00, 0x00, 0xE0, 0xFF, 0x3F, 0x00, 0xE0, 0xFF, 0x3F, 0x00, 0x60, 0x00, 0x30, 0x00, 0x60,
    0x00, 0x30, 0x00, 0x60, 0x00, 0x30, 0x00, 0x60, 0x00, 0x30, 0x00, 0x60, 0x00, 0x30, 0x00, 0x60, 0x00, 0x30, 0x00, 0x60, 0x00,
    0x30, 0x00, 0xE0, 0x00, 0x18, 0x00, 0xC0, 0x01, 0x1C, 0x00, 0x80, 0x03, 0x0E, 0x00, 0x00, 0xFF, 0x07, 0x00, 0x00, 0xFC,
    0x01, // 68
    0x00, 0x00, 0x00, 0x00, 0x00, 0x00, 0x00, 0x00, 0xE0, 0xFF, 0x3F, 0x00, 0xE0, 0xFF, 0x3F, 0x00, 0x60, 0x30, 0x30, 0x00, 0x60,
    0x30, 0x30, 0x00, 0x60, 0x30, 0x30, 0x00, 0x60, 0x30, 0x30, 0x00, 0x60, 0x30, 0x30, 0x00, 0x60, 0x30, 0x30, 0x00, 0x60, 0x30,
    0x30, 0x00, 0x60, 0x30, 0x30, 0x00, 0x60, 0x30, 0x30, 0x00, 0x60, 0x30, 0x30, 0x00, 0x60, 0x00, 0x30, // 69
    0x00, 0x00, 0x00, 0x00, 0x00, 0x00, 0x00, 0x00, 0xE0, 0xFF, 0x3F, 0x00, 0xE0, 0xFF, 0x3F, 0x00, 0x60, 0x30, 0x00, 0x00, 0x60,
    0x30, 0x00, 0x00, 0x60, 0x30, 0x00, 0x00, 0x60, 0x30, 0x00, 0x00, 0x60, 0x30, 0x00, 0x00, 0x60, 0x30, 0x00, 0x00, 0x60, 0x30,
    0x00, 0x00, 0x60, 0x30, 0x00, 0x00, 0x60, 0x30, 0x00, 0x00, 0x60, // 70
    0x00, 0x00, 0x00, 0x00, 0x00, 0xFC, 0x01, 0x00, 0x00, 0xFF, 0x07, 0x00, 0x80, 0x07, 0x0F, 0x00, 0xC0, 0x01, 0x1C, 0x00, 0xC0,
    0x00, 0x18, 0x00, 0xE0, 0x00, 0x18, 0x00, 0x60, 0x00, 0x30, 0x00, 0x60, 0x00, 0x30, 0x00, 0x60, 0x00, 0x30, 0x00, 0x60, 0x60,
    0x30, 0x00, 0x60, 0x60, 0x30, 0x00, 0xE0, 0x60, 0x38, 0x00, 0xC0, 0x60, 0x18, 0x00, 0xC0, 0x61, 0x18, 0x00, 0x80, 0xE3, 0x0F,
    0x00, 0x00, 0xE2, 0x0F, // 71
    0x00, 0x00, 0x00, 0x00, 0x00, 0x00, 0x00, 0x00, 0xE0, 0xFF, 0x3F, 0x00, 0xE0, 0xFF, 0x3F, 0x00, 0x00, 0x30, 0x00, 0x00, 0x00,
    0x30, 0x00, 0x00, 0x00, 0x30, 0x00, 0x00, 0x00, 0x30, 0x00, 0x00, 0x00, 0x30, 0x00, 0x00, 0x00, 0x30, 0x00, 0x00, 0x00, 0x30,
    0x00, 0x00, 0x00, 0x30, 0x00, 0x00, 0x00, 0x30, 0x00, 0x00, 0xE0, 0xFF, 0x3F, 0x00, 0xE0, 0xFF, 0x3F, // 72
    0x00, 0x00, 0x00, 0x00, 0x00, 0x00, 0x00, 0x00, 0xE0, 0xFF, 0x3F, 0x00, 0xE0, 0xFF, 0x3F,             // 73
    0x00, 0x00, 0x00, 0x00, 0x00, 0x00, 0x0E, 0x00, 0x00, 0x00, 0x1E, 0x00, 0x00, 0x00, 0x38, 0x00, 0x00, 0x00, 0x30, 0x00, 0x00,
    0x00, 0x30, 0x00, 0x00, 0x00, 0x30, 0x00, 0x00, 0x00, 0x38, 0x00, 0xE0, 0xFF, 0x1F, 0x00, 0xE0, 0xFF, 0x0F, // 74
    0x00, 0x00, 0x00, 0x00, 0x00, 0x00, 0x00, 0x00, 0xE0, 0xFF, 0x3F, 0x00, 0xE0, 0xFF, 0x3F, 0x00, 0x00, 0xE0, 0x00, 0x00, 0x00,
    0x70, 0x00, 0x00, 0x00, 0x38, 0x00, 0x00, 0x00, 0x7C, 0x00, 0x00, 0x00, 0xFE, 0x00, 0x00, 0x00, 0xE7, 0x01, 0x00, 0x80, 0x83,
    0x07, 0x00, 0xC0, 0x01, 0x0F, 0x00, 0xE0, 0x00, 0x1E, 0x00, 0x60, 0x00, 0x38, 0x00, 0x20, 0x00, 0x30, 0x00, 0x00, 0x00,
    0x20, // 75
    0x00, 0x00, 0x00, 0x00, 0x00, 0x00, 0x00, 0x00, 0xE0, 0xFF, 0x3F, 0x00, 0xE0, 0xFF, 0x3F, 0x00, 0x00, 0x00, 0x30, 0x00, 0x00,
    0x00, 0x30, 0x00, 0x00, 0x00, 0x30, 0x00, 0x00, 0x00, 0x30, 0x00, 0x00, 0x00, 0x30, 0x00, 0x00, 0x00, 0x30, 0x00, 0x00, 0x00,
    0x30, 0x00, 0x00, 0x00, 0x30, // 76
    0x00, 0x00, 0x00, 0x00, 0x00, 0x00, 0x00, 0x00, 0xE0, 0xFF, 0x3F, 0x00, 0xE0, 0xFF, 0x3F, 0x00, 0xE0, 0x01, 0x00, 0x00, 0xC0,
    0x0F, 0x00, 0x00, 0x00, 0xFE, 0x00, 0x00, 0x00, 0xE0, 0x07, 0x00, 0x00, 0x00, 0x3F, 0x00, 0x00, 0x00, 0x30, 0x00, 0x00, 0x00,
    0x3F, 0x00, 0x00, 0xE0, 0x07, 0x00, 0x00, 0xFE, 0x00, 0x00, 0xC0, 0x0F, 0x00, 0x00, 0xE0, 0x01, 0x00, 0x00, 0xE0, 0xFF, 0x3F,
    0x00, 0xE0, 0xFF, 0x3F, // 77
    0x00, 0x00, 0x00, 0x00, 0x00, 0x00, 0x00, 0x00, 0xE0, 0xFF, 0x3F, 0x00, 0xE0, 0xFF, 0x3F, 0x00, 0xC0, 0x01, 0x00, 0x00, 0x80,
    0x03, 0x00, 0x00, 0x00, 0x0E, 0x00, 0x00, 0x00, 0x3C, 0x00, 0x00, 0x00, 0x70, 0x00, 0x00, 0x00, 0xE0, 0x01, 0x00, 0x00, 0x80,
    0x03, 0x00, 0x00, 0x00, 0x0F, 0x00, 0x00, 0x00, 0x1C, 0x00, 0xE0, 0xFF, 0x3F, 0x00, 0xE0, 0xFF, 0x3F, // 78
    0x00, 0x00, 0x00, 0x00, 0x00, 0xFC, 0x01, 0x00, 0x00, 0xFF, 0x07, 0x00, 0x80, 0x07, 0x0F, 0x00, 0xC0, 0x01, 0x1C, 0x00, 0xC0,
    0x00, 0x18, 0x00, 0xE0, 0x00, 0x38, 0x00, 0x60, 0x00, 0x30, 0x00, 0x60, 0x00, 0x30, 0x00, 0x60, 0x00, 0x30, 0x00, 0x60, 0x00,
    0x30, 0x00, 0x60, 0x00, 0x30, 0x00, 0xE0, 0x00, 0x38, 0x00, 0xC0, 0x00, 0x18, 0x00, 0xC0, 0x01, 0x1C, 0x00, 0x80, 0x07, 0x0F,
    0x00, 0x00, 0xFF, 0x07, 0x00, 0x00, 0xFC, 0x01, // 79
    0x00, 0x00, 0x00, 0x00, 0x00, 0x00, 0x00, 0x00, 0xE0, 0xFF, 0x3F, 0x00, 0xE0, 0xFF, 0x3F, 0x00, 0x60, 0x60, 0x00, 0x00, 0x60,
    0x60, 0x00, 0x00, 0x60, 0x60, 0x00, 0x00, 0x60, 0x60, 0x00, 0x00, 0x60, 0x60, 0x00, 0x00, 0x60, 0x60, 0x00, 0x00, 0x60, 0x60,
    0x00, 0x00, 0x60, 0x60, 0x00, 0x00, 0xC0, 0x30, 0x00, 0x00, 0xC0, 0x3F, 0x00, 0x00, 0x00, 0x0F, // 80
    0x00, 0x00, 0x00, 0x00, 0x00, 0xFC, 0x01, 0x00, 0x00, 0xFF, 0x07, 0x00, 0x80, 0x07, 0x0F, 0x00, 0xC0, 0x01, 0x0C, 0x00, 0xC0,
    0x00, 0x18, 0x00, 0xE0, 0x00, 0x18, 0x00, 0x60, 0x00, 0x30, 0x00, 0x60, 0x00, 0x30, 0x00, 0x60, 0x00, 0x30, 0x00, 0x60, 0x00,
    0x36, 0x00, 0x60, 0x00, 0x36, 0x00, 0xE0, 0x00, 0x3C, 0x00, 0xC0, 0x00, 0x1C, 0x00, 0xC0, 0x01, 0x1C, 0x00, 0x80, 0x07, 0x3F,
    0x00, 0x00, 0xFF, 0x77, 0x00, 0x00, 0xFC, 0x61, // 81
    0x00, 0x00, 0x00, 0x00, 0x00, 0x00, 0x00, 0x00, 0xE0, 0xFF, 0x3F, 0x00, 0xE0, 0xFF, 0x3F, 0x00, 0x60, 0x30, 0x00, 0x00, 0x60,
    0x30, 0x00, 0x00, 0x60, 0x30, 0x00, 0x00, 0x60, 0x30, 0x00, 0x00, 0x60, 0x70, 0x00, 0x00, 0x60, 0xF0, 0x00, 0x00, 0x60, 0xF0,
    0x03, 0x00, 0x60, 0xB0, 0x07, 0x00, 0xE0, 0x18, 0x1F, 0x00, 0xC0, 0x1F, 0x3C, 0x00, 0x80, 0x0F, 0x30, 0x00, 0x00, 0x00,
    0x20, // 82
    0x00, 0x00, 0x00, 0x00, 0x00, 0x00, 0x03, 0x00, 0x00, 0x07, 0x0F, 0x00, 0xC0, 0x1F, 0x1C, 0x00, 0xC0, 0x18, 0x18, 0x00, 0x60,
    0x38, 0x38, 0x00, 0x60, 0x30, 0x30, 0x00, 0x60, 0x30, 0x30, 0x00, 0x60, 0x30, 0x30, 0x00, 0x60, 0x30, 0x30, 0x00, 0x60, 0x70,
    0x30, 0x00, 0xC0, 0x60, 0x18, 0x00, 0xC0, 0xE1, 0x18, 0x00, 0x80, 0xC3, 0x0F, 0x00, 0x00, 0x83, 0x07, // 83
    0x60, 0x00, 0x00, 0x00, 0x60, 0x00, 0x00, 0x00, 0x60, 0x00, 0x00, 0x00, 0x60, 0x00, 0x00, 0x00, 0x60, 0x00, 0x00, 0x00, 0x60,
    0x00, 0x00, 0x00, 0xE0, 0xFF, 0x3F, 0x00, 0xE0, 0xFF, 0x3F, 0x00, 0x60, 0x00, 0x00, 0x00, 0x60, 0x00, 0x00, 0x00, 0x60, 0x00,
    0x00, 0x00, 0x60, 0x00, 0x00, 0x00, 0x60, 0x00, 0x00, 0x00, 0x60, // 84
    0x00, 0x00, 0x00, 0x00, 0x00, 0x00, 0x00, 0x00, 0xE0, 0xFF, 0x03, 0x00, 0xE0, 0xFF, 0x0F, 0x00, 0x00, 0x00, 0x1C, 0x00, 0x00,
    0x00, 0x38, 0x00, 0x00, 0x00, 0x30, 0x00, 0x00, 0x00, 0x30, 0x00, 0x00, 0x00, 0x30, 0x00, 0x00, 0x00, 0x30, 0x00, 0x00, 0x00,
    0x30, 0x00, 0x00, 0x00, 0x38, 0x00, 0x00, 0x00, 0x1C, 0x00, 0xE0, 0xFF, 0x0F, 0x00, 0xE0, 0xFF, 0x03, // 85
    0x20, 0x00, 0x00, 0x00, 0xE0, 0x01, 0x00, 0x00, 0xC0, 0x0F, 0x00, 0x00, 0x00, 0x3E, 0x00, 0x00, 0x00, 0xF8, 0x01, 0x00, 0x00,
    0xC0, 0x0F, 0x00, 0x00, 0x00, 0x3E, 0x00, 0x00, 0x00, 0x38, 0x00, 0x00, 0x00, 0x3E, 0x00, 0x00, 0xC0, 0x0F, 0x00, 0x00, 0xF8,
    0x01, 0x00, 0x00, 0x3E, 0x00, 0x00, 0xC0, 0x0F, 0x00, 0x00, 0xE0, 0x01, 0x00, 0x00, 0x20, // 86
    0x60, 0x00, 0x00, 0x00, 0xE0, 0x07, 0x00, 0x00, 0x80, 0xFF, 0x00, 0x00, 0x00, 0xF8, 0x0F, 0x00, 0x00, 0x80, 0x3F, 0x00, 0x00,
    0x00, 0x30, 0x00, 0x00, 0x00, 0x3F, 0x00, 0x00, 0xE0, 0x0F, 0x00, 0x00, 0xFC, 0x01, 0x00, 0x80, 0x1F, 0x00, 0x00, 0xE0, 0x03,
    0x00, 0x00, 0x60, 0x00, 0x00, 0x00, 0xE0, 0x03, 0x00, 0x00, 0x80, 0x1F, 0x00, 0x00, 0x00, 0xFC, 0x01, 0x00, 0x00, 0xE0, 0x0F,
    0x00, 0x00, 0x00, 0x3F, 0x00, 0x00, 0x00, 0x30, 0x00, 0x00, 0x80, 0x3F, 0x00, 0x00, 0xF8, 0x0F, 0x00, 0x80, 0xFF, 0x00, 0x00,
    0xE0, 0x07, 0x00, 0x00, 0x60, // 87
    0x00, 0x00, 0x20, 0x00, 0x20, 0x00, 0x30, 0x00, 0x60, 0x00, 0x3C, 0x00, 0xE0, 0x01, 0x1E, 0x00, 0xC0, 0x83, 0x07, 0x00, 0x00,
    0xCF, 0x03, 0x00, 0x00, 0xFE, 0x01, 0x00, 0x00, 0x38, 0x00, 0x00, 0x00, 0xFE, 0x01, 0x00, 0x00, 0xCF, 0x03, 0x00, 0xC0, 0x03,
    0x07, 0x00, 0xE0, 0x01, 0x1E, 0x00, 0x60, 0x00, 0x3C, 0x00, 0x20, 0x00, 0x30, 0x00, 0x00, 0x00, 0x20, // 88
    0x20, 0x00, 0x00, 0x00, 0x60, 0x00, 0x00, 0x00, 0xC0, 0x01, 0x00, 0x00, 0x80, 0x03, 0x00, 0x00, 0x00, 0x07, 0x00, 0x00, 0x00,
    0x1E, 0x00, 0x00, 0x00, 0x3C, 0x00, 0x00, 0x00, 0xF0, 0x3F, 0x00, 0x00, 0xF0, 0x3F, 0x00, 0x00, 0x3C, 0x00, 0x00, 0x00, 0x1E,
    0x00, 0x00, 0x00, 0x07, 0x00, 0x00, 0xC0, 0x03, 0x00, 0x00, 0xE0, 0x01, 0x00, 0x00, 0x60, 0x00, 0x00, 0x00, 0x20, // 89
    0x00, 0x00, 0x30, 0x00, 0x60, 0x00, 0x38, 0x00, 0x60, 0x00, 0x3C, 0x00, 0x60, 0x00, 0x37, 0x00, 0x60, 0x80, 0x33, 0x00, 0x60,
    0xC0, 0x31, 0x00, 0x60, 0xE0, 0x30, 0x00, 0x60, 0x38, 0x30, 0x00, 0x60, 0x1C, 0x30, 0x00, 0x60, 0x0E, 0x30, 0x00, 0x60, 0x07,
    0x30, 0x00, 0xE0, 0x01, 0x30, 0x00, 0xE0, 0x00, 0x30, 0x00, 0x60, 0x00, 0x30,                                           // 90
    0x00, 0x00, 0x00, 0x00, 0xE0, 0xFF, 0xFF, 0x07, 0xE0, 0xFF, 0xFF, 0x07, 0x60, 0x00, 0x00, 0x06, 0x60, 0x00, 0x00, 0x06, // 91
    0x60, 0x00, 0x00, 0x00, 0xE0, 0x03, 0x00, 0x00, 0x80, 0x3F, 0x00, 0x00, 0x00, 0xFC, 0x01, 0x00, 0x00, 0xE0, 0x0F, 0x00, 0x00,
    0x00, 0x3E, 0x00, 0x00, 0x00, 0x30, // 92
    0x00, 0x00, 0x00, 0x00, 0x00, 0x00, 0x00, 0x00, 0x60, 0x00, 0x00, 0x06, 0x60, 0x00, 0x00, 0x06, 0xE0, 0xFF, 0xFF, 0x07, 0xE0,
    0xFF, 0xFF, 0x07, // 93
    0x00, 0x00, 0x00, 0x00, 0x00, 0x20, 0x00, 0x00, 0x00, 0x38, 0x00, 0x00, 0x00, 0x1F, 0x00, 0x00, 0xC0, 0x07, 0x00, 0x00, 0xE0,
    0x00, 0x00, 0x00, 0xE0, 0x00, 0x00, 0x00, 0xC0, 0x07, 0x00, 0x00, 0x00, 0x1F, 0x00, 0x00, 0x00, 0x38, 0x00, 0x00, 0x00,
    0x20, // 94
    0x00, 0x00, 0x00, 0x06, 0x00, 0x00, 0x00, 0x06, 0x00, 0x00, 0x00, 0x06, 0x00, 0x00, 0x00, 0x06, 0x00, 0x00, 0x00, 0x06, 0x00,
    0x00, 0x00, 0x06, 0x00, 0x00, 0x00, 0x06, 0x00, 0x00, 0x00, 0x06, 0x00, 0x00, 0x00, 0x06, 0x00, 0x00, 0x00, 0x06, 0x00, 0x00,
    0x00, 0x06, 0x00, 0x00, 0x00, 0x06, 0x00, 0x00, 0x00, 0x06,                                           // 95
    0x00, 0x00, 0x00, 0x00, 0x20, 0x00, 0x00, 0x00, 0x60, 0x00, 0x00, 0x00, 0xE0, 0x00, 0x00, 0x00, 0x80, // 96
    0x00, 0x00, 0x00, 0x00, 0x00, 0x18, 0x0E, 0x00, 0x00, 0x1C, 0x1F, 0x00, 0x00, 0x8C, 0x39, 0x00, 0x00, 0x86, 0x31, 0x00, 0x00,
    0x86, 0x31, 0x00, 0x00, 0xC6, 0x30, 0x00, 0x00, 0xC6, 0x18, 0x00, 0x00, 0xCE, 0x0C, 0x00, 0x00, 0xFC, 0x1F, 0x00, 0x00, 0xF8,
    0x3F, 0x00, 0x00, 0x00, 0x20, // 97
    0x00, 0x00, 0x00, 0x00, 0x00, 0x00, 0x00, 0x00, 0xE0, 0xFF, 0x3F, 0x00, 0xE0, 0xFF, 0x3F, 0x00, 0x00, 0x18, 0x0C, 0x00, 0x00,
    0x0C, 0x18, 0x00, 0x00, 0x06, 0x30, 0x00, 0x00, 0x06, 0x30, 0x00, 0x00, 0x06, 0x30, 0x00, 0x00, 0x0E, 0x38, 0x00, 0x00, 0x1C,
    0x1C, 0x00, 0x00, 0xF8, 0x0F, 0x00, 0x00, 0xE0, 0x03, // 98
    0x00, 0x00, 0x00, 0x00, 0x00, 0xF0, 0x07, 0x00, 0x00, 0xF8, 0x0F, 0x00, 0x00, 0x1C, 0x1C, 0x00, 0x00, 0x0E, 0x38, 0x00, 0x00,
    0x06, 0x30, 0x00, 0x00, 0x06, 0x30, 0x00, 0x00, 0x06, 0x30, 0x00, 0x00, 0x0E, 0x38, 0x00, 0x00, 0x1C, 0x1C, 0x00, 0x00, 0x18,
    0x0C, // 99
    0x00, 0x00, 0x00, 0x00, 0x00, 0xE0, 0x03, 0x00, 0x00, 0xF8, 0x0F, 0x00, 0x00, 0x1C, 0x1C, 0x00, 0x00, 0x0E, 0x38, 0x00, 0x00,
    0x06, 0x30, 0x00, 0x00, 0x06, 0x30, 0x00, 0x00, 0x06, 0x30, 0x00, 0x00, 0x0C, 0x18, 0x00, 0x00, 0x18, 0x0C, 0x00, 0xE0, 0xFF,
    0x3F, 0x00, 0xE0, 0xFF, 0x3F, // 100
    0x00, 0x00, 0x00, 0x00, 0x00, 0xE0, 0x07, 0x00, 0x00, 0xF8, 0x0F, 0x00, 0x00, 0xDC, 0x1C, 0x00, 0x00, 0xCE, 0x38, 0x00, 0x00,
    0xC6, 0x30, 0x00, 0x00, 0xC6, 0x30, 0x00, 0x00, 0xC6, 0x30, 0x00, 0x00, 0xCE, 0x38, 0x00, 0x00, 0xDC, 0x18, 0x00, 0x00, 0xF8,
    0x0C, 0x00, 0x00, 0xF0, 0x04, // 101
    0x00, 0x06, 0x00, 0x00, 0x00, 0x06, 0x00, 0x00, 0xC0, 0xFF, 0x3F, 0x00, 0xE0, 0xFF, 0x3F, 0x00, 0x60, 0x06, 0x00, 0x00, 0x60,
    0x06, 0x00, 0x00, 0x60, 0x06, // 102
    0x00, 0x00, 0x00, 0x00, 0x00, 0xE0, 0x83, 0x01, 0x00, 0xF8, 0x8F, 0x03, 0x00, 0x1C, 0x1C, 0x07, 0x00, 0x0E, 0x38, 0x06, 0x00,
    0x06, 0x30, 0x06, 0x00, 0x06, 0x30, 0x06, 0x00, 0x06, 0x30, 0x06, 0x00, 0x0C, 0x18, 0x07, 0x00, 0x18, 0x8C, 0x03, 0x00, 0xFE,
    0xFF, 0x01, 0x00, 0xFE, 0xFF, // 103
    0x00, 0x00, 0x00, 0x00, 0x00, 0x00, 0x00, 0x00, 0xE0, 0xFF, 0x3F, 0x00, 0xE0, 0xFF, 0x3F, 0x00, 0x00, 0x18, 0x00, 0x00, 0x00,
    0x0C, 0x00, 0x00, 0x00, 0x06, 0x00, 0x00, 0x00, 0x06, 0x00, 0x00, 0x00, 0x06, 0x00, 0x00, 0x00, 0x0E, 0x00, 0x00, 0x00, 0xFC,
    0x3F, 0x00, 0x00, 0xF8, 0x3F,                                                                   // 104
    0x00, 0x00, 0x00, 0x00, 0x00, 0x00, 0x00, 0x00, 0x60, 0xFE, 0x3F, 0x00, 0x60, 0xFE, 0x3F,       // 105
    0x00, 0x00, 0x00, 0x06, 0x00, 0x00, 0x00, 0x06, 0x60, 0xFE, 0xFF, 0x07, 0x60, 0xFE, 0xFF, 0x03, // 106
    0x00, 0x00, 0x00, 0x00, 0x00, 0x00, 0x00, 0x00, 0xE0, 0xFF, 0x3F, 0x00, 0xE0, 0xFF, 0x3F, 0x00, 0x00, 0xC0, 0x00, 0x00, 0x00,
    0xE0, 0x00, 0x00, 0x00, 0xF0, 0x01, 0x00, 0x00, 0x98, 0x07, 0x00, 0x00, 0x0C, 0x0E, 0x00, 0x00, 0x06, 0x3C, 0x00, 0x00, 0x02,
    0x30, 0x00, 0x00, 0x00, 0x20,                                                             // 107
    0x00, 0x00, 0x00, 0x00, 0x00, 0x00, 0x00, 0x00, 0xE0, 0xFF, 0x3F, 0x00, 0xE0, 0xFF, 0x3F, // 108
    0x00, 0x00, 0x00, 0x00, 0x00, 0x00, 0x00, 0x00, 0x00, 0xFE, 0x3F, 0x00, 0x00, 0xFE, 0x3F, 0x00, 0x00, 0x0C, 0x00, 0x00, 0x00,
    0x04, 0x00, 0x00, 0x00, 0x06, 0x00, 0x00, 0x00, 0x06, 0x00, 0x00, 0x00, 0x0E, 0x00, 0x00, 0x00, 0xFC, 0x3F, 0x00, 0x00, 0xF8,
    0x3F, 0x00, 0x00, 0x0C, 0x00, 0x00, 0x00, 0x04, 0x00, 0x00, 0x00, 0x06, 0x00, 0x00, 0x00, 0x06, 0x00, 0x00, 0x00, 0x0E, 0x00,
    0x00, 0x00, 0xFC, 0x3F, 0x00, 0x00, 0xF8, 0x3F, // 109
    0x00, 0x00, 0x00, 0x00, 0x00, 0x00, 0x00, 0x00, 0x00, 0xFE, 0x3F, 0x00, 0x00, 0xFE, 0x3F, 0x00, 0x00, 0x18, 0x00, 0x00, 0x00,
    0x0C, 0x00, 0x00, 0x00, 0x06, 0x00, 0x00, 0x00, 0x06, 0x00, 0x00, 0x00, 0x06, 0x00, 0x00, 0x00, 0x0E, 0x00, 0x00, 0x00, 0xFC,
    0x3F, 0x00, 0x00, 0xF8, 0x3F, // 110
    0x00, 0x00, 0x00, 0x00, 0x00, 0xF0, 0x07, 0x00, 0x00, 0xF8, 0x0F, 0x00, 0x00, 0x1C, 0x1C, 0x00, 0x00, 0x0E, 0x38, 0x00, 0x00,
    0x06, 0x30, 0x00, 0x00, 0x06, 0x30, 0x00, 0x00, 0x06, 0x30, 0x00, 0x00, 0x0E, 0x38, 0x00, 0x00, 0x1C, 0x1C, 0x00, 0x00, 0xF8,
    0x0F, 0x00, 0x00, 0xF0, 0x07, // 111
    0x00, 0x00, 0x00, 0x00, 0x00, 0x00, 0x00, 0x00, 0x00, 0xFE, 0xFF, 0x07, 0x00, 0xFE, 0xFF, 0x07, 0x00, 0x18, 0x0C, 0x00, 0x00,
    0x0C, 0x18, 0x00, 0x00, 0x06, 0x30, 0x00, 0x00, 0x06, 0x30, 0x00, 0x00, 0x06, 0x30, 0x00, 0x00, 0x0E, 0x38, 0x00, 0x00, 0x1C,
    0x1C, 0x00, 0x00, 0xF8, 0x0F, 0x00, 0x00, 0xE0, 0x03, // 112
    0x00, 0x00, 0x00, 0x00, 0x00, 0xE0, 0x03, 0x00, 0x00, 0xF8, 0x0F, 0x00, 0x00, 0x1C, 0x1C, 0x00, 0x00, 0x0E, 0x38, 0x00, 0x00,
    0x06, 0x30, 0x00, 0x00, 0x06, 0x30, 0x00, 0x00, 0x06, 0x30, 0x00, 0x00, 0x0C, 0x18, 0x00, 0x00, 0x18, 0x0C, 0x00, 0x00, 0xFE,
    0xFF, 0x07, 0x00, 0xFE, 0xFF, 0x07, // 113
    0x00, 0x00, 0x00, 0x00, 0x00, 0x00, 0x00, 0x00, 0x00, 0xFE, 0x3F, 0x00, 0x00, 0xFE, 0x3F, 0x00, 0x00, 0x0C, 0x00, 0x00, 0x00,
    0x06, 0x00, 0x00, 0x00, 0x06, 0x00, 0x00, 0x00, 0x06, // 114
    0x00, 0x00, 0x00, 0x00, 0x00, 0x38, 0x0C, 0x00, 0x00, 0x7C, 0x1C, 0x00, 0x00, 0xEE, 0x38, 0x00, 0x00, 0xC6, 0x30, 0x00, 0x00,
    0xC6, 0x30, 0x00, 0x00, 0xC6, 0x31, 0x00, 0x00, 0xC6, 0x31, 0x00, 0x00, 0x8E, 0x39, 0x00, 0x00, 0x9C, 0x1F, 0x00, 0x00, 0x18,
    0x0F, // 115
    0x00, 0x06, 0x00, 0x00, 0x00, 0x06, 0x00, 0x00, 0xC0, 0xFF, 0x1F, 0x00, 0xE0, 0xFF, 0x3F, 0x00, 0x00, 0x06, 0x30, 0x00, 0x00,
    0x06, 0x30, 0x00, 0x00, 0x06, 0x30, // 116
    0x00, 0x00, 0x00, 0x00, 0x00, 0x00, 0x00, 0x00, 0x00, 0xFE, 0x0F, 0x00, 0x00, 0xFE, 0x1F, 0x00, 0x00, 0x00, 0x38, 0x00, 0x00,
    0x00, 0x30, 0x00, 0x00, 0x00, 0x30, 0x00, 0x00, 0x00, 0x30, 0x00, 0x00, 0x00, 0x18, 0x00, 0x00, 0x00, 0x0C, 0x00, 0x00, 0xFE,
    0x3F, 0x00, 0x00, 0xFE, 0x3F, // 117
    0x00, 0x06, 0x00, 0x00, 0x00, 0x3E, 0x00, 0x00, 0x00, 0xF8, 0x00, 0x00, 0x00, 0xC0, 0x07, 0x00, 0x00, 0x00, 0x1F, 0x00, 0x00,
    0x00, 0x38, 0x00, 0x00, 0x00, 0x1F, 0x00, 0x00, 0xC0, 0x07, 0x00, 0x00, 0xF8, 0x00, 0x00, 0x00, 0x3E, 0x00, 0x00, 0x00,
    0x06, // 118
    0x00, 0x0E, 0x00, 0x00, 0x00, 0x7E, 0x00, 0x00, 0x00, 0xF0, 0x03, 0x00, 0x00, 0x80, 0x1F, 0x00, 0x00, 0x00, 0x38, 0x00, 0x00,
    0x80, 0x1F, 0x00, 0x00, 0xE0, 0x03, 0x00, 0x00, 0x7C, 0x00, 0x00, 0x00, 0x0E, 0x00, 0x00, 0x00, 0x7C, 0x00, 0x00, 0x00, 0xE0,
    0x03, 0x00, 0x00, 0x80, 0x1F, 0x00, 0x00, 0x00, 0x38, 0x00, 0x00, 0x80, 0x1F, 0x00, 0x00, 0xF0, 0x03, 0x00, 0x00, 0x7E, 0x00,
    0x00, 0x00, 0x0E, // 119
    0x00, 0x02, 0x20, 0x00, 0x00, 0x06, 0x30, 0x00, 0x00, 0x1E, 0x3C, 0x00, 0x00, 0x38, 0x0E, 0x00, 0x00, 0xF0, 0x07, 0x00, 0x00,
    0xC0, 0x01, 0x00, 0x00, 0xE0, 0x07, 0x00, 0x00, 0x38, 0x0E, 0x00, 0x00, 0x1C, 0x3C, 0x00, 0x00, 0x0E, 0x30, 0x00, 0x00, 0x02,
    0x20, // 120
    0x00, 0x00, 0x00, 0x00, 0x00, 0x0E, 0x00, 0x00, 0x00, 0x7E, 0x00, 0x06, 0x00, 0xF0, 0x01, 0x06, 0x00, 0x80, 0x0F, 0x07, 0x00,
    0x00, 0xFE, 0x03, 0x00, 0x00, 0xFC, 0x00, 0x00, 0xC0, 0x1F, 0x00, 0x00, 0xF8, 0x03, 0x00, 0x00, 0x3E, 0x00, 0x00, 0x00,
    0x06, // 121
    0x00, 0x00, 0x00, 0x00, 0x00, 0x00, 0x30, 0x00, 0x00, 0x06, 0x3C, 0x00, 0x00, 0x06, 0x3E, 0x00, 0x00, 0x06, 0x37, 0x00, 0x00,
    0xC6, 0x33, 0x00, 0x00, 0xE6, 0x30, 0x00, 0x00, 0x76, 0x30, 0x00, 0x00, 0x3E, 0x30, 0x00, 0x00, 0x1E, 0x30, 0x00, 0x00, 0x06,
    0x30, // 122
    0x00, 0x00, 0x00, 0x00, 0x00, 0x80, 0x01, 0x00, 0x00, 0xC0, 0x03, 0x00, 0xC0, 0x7F, 0xFE, 0x03, 0xE0, 0x3F, 0xFC, 0x07, 0x60,
    0x00, 0x00, 0x06, 0x60, 0x00, 0x00, 0x06,                                                       // 123
    0x00, 0x00, 0x00, 0x00, 0x00, 0x00, 0x00, 0x00, 0xE0, 0xFF, 0xFF, 0x0F, 0xE0, 0xFF, 0xFF, 0x0F, // 124
    0x00, 0x00, 0x00, 0x00, 0x60, 0x00, 0x00, 0x06, 0x60, 0x00, 0x00, 0x06, 0xE0, 0x3F, 0xFC, 0x07, 0xC0, 0x7F, 0xFF, 0x03, 0x00,
    0xC0, 0x03, 0x00, 0x00, 0x80, 0x01, // 125
    0x00, 0x00, 0x00, 0x00, 0x00, 0x60, 0x00, 0x00, 0x00, 0x70, 0x00, 0x00, 0x00, 0x30, 0x00, 0x00, 0x00, 0x30, 0x00, 0x00, 0x00,
    0x30, 0x00, 0x00, 0x00, 0x60, 0x00, 0x00, 0x00, 0x60, 0x00, 0x00, 0x00, 0xC0, 0x00, 0x00, 0x00, 0xC0, 0x00, 0x00, 0x00, 0xC0,
    0x00, 0x00, 0x00, 0xE0, 0x00, 0x00, 0x00, 0x60, // 126
    0xC0, 0x00, 0x00, 0x00, 0xC0, 0x00, 0x00, 0x00, 0x00, 0x00, 0x00, 0x00, 0xF0, 0x00, 0x00, 0x00, 0x78, 0x00, 0x00, 0x00, 0x08,
    0x00, 0x00, 0x00, 0xC0, 0x00, 0x00, 0x00, 0xC0, // 161
    0x00, 0x01, 0x20, 0x00, 0xE0, 0x01, 0x3C, 0x00, 0x60, 0x80, 0x3F, 0x00, 0x20, 0xE0, 0x07, 0x00, 0x00, 0xFC, 0x01, 0x00, 0x80,
    0x9F, 0x01, 0x00, 0xE0, 0x83, 0x01, 0x00, 0x60, 0x80, 0x01, 0x00, 0xE0, 0x83, 0x01, 0x00, 0x80, 0x9F, 0x01, 0x00, 0x00, 0xFC,
    0x01, 0x00, 0x00, 0xF0, 0x07, 0x00, 0x00, 0x80, 0x3F, 0x00, 0x00, 0x00, 0x3C, 0x00, 0x00, 0x00, 0x20, // 162
    0x00, 0x60, 0x10, 0x00, 0x00, 0x60, 0x38, 0x00, 0x00, 0x7F, 0x1C, 0x00, 0xC0, 0xFF, 0x1F, 0x00, 0xE0, 0xE0, 0x19, 0x00, 0x60,
    0x60, 0x18, 0x00, 0x60, 0x60, 0x18, 0x00, 0x60, 0x60, 0x30, 0x00, 0xE0, 0x00, 0x30, 0x00, 0xC0, 0x01, 0x30, 0x00, 0x80, 0x01,
    0x38, 0x00, 0x00, 0x00, 0x10, // 163
    0x00, 0x00, 0x00, 0x00, 0x00, 0x02, 0x04, 0x00, 0x00, 0xF7, 0x0E, 0x00, 0x00, 0xFE, 0x07, 0x00, 0x00, 0x0C, 0x03, 0x00, 0x00,
    0x06, 0x06, 0x00, 0x00, 0x06, 0x06, 0x00, 0x00, 0x06, 0x06, 0x00, 0x00, 0x06, 0x06, 0x00, 0x00, 0x0C, 0x03, 0x00, 0x00, 0xFE,
    0x07, 0x00, 0x00, 0xF7, 0x0E, 0x00, 0x00, 0x02, 0x04, // 164
    0xE0, 0x60, 0x06, 0x00, 0xC0, 0x61, 0x06, 0x00, 0x80, 0x67, 0x06, 0x00, 0x00, 0x7E, 0x06, 0x00, 0x00, 0x7C, 0x06, 0x00, 0x00,
    0xF0, 0x3F, 0x00, 0x00, 0xF0, 0x3F, 0x00, 0x00, 0x7C, 0x06, 0x00, 0x00, 0x7E, 0x06, 0x00, 0x80, 0x67, 0x06, 0x00, 0xC0, 0x61,
    0x06, 0x00, 0xE0, 0x60, 0x06, 0x00, 0x20,                                                       // 165
    0x00, 0x00, 0x00, 0x00, 0x00, 0x00, 0x00, 0x00, 0xE0, 0x7F, 0xF8, 0x0F, 0xE0, 0x7F, 0xF8, 0x0F, // 166
    0x00, 0x00, 0x00, 0x00, 0x00, 0xE0, 0x00, 0x00, 0x80, 0xF3, 0xC1, 0x00, 0xC0, 0x1F, 0xC3, 0x03, 0xE0, 0x0C, 0x07, 0x03, 0x60,
    0x1C, 0x06, 0x06, 0x60, 0x18, 0x0C, 0x06, 0x60, 0x30, 0x1C, 0x06, 0xE0, 0x70, 0x38, 0x07, 0xC0, 0xE1, 0xF4, 0x03, 0x80, 0xC1,
    0xE7, 0x01, 0x00, 0x80, 0x03, // 167
    0x00, 0x00, 0x00, 0x00, 0x60, 0x00, 0x00, 0x00, 0x60, 0x00, 0x00, 0x00, 0x00, 0x00, 0x00, 0x00, 0x00, 0x00, 0x00, 0x00, 0x60,
    0x00, 0x00, 0x00, 0x60, // 168
    0x00, 0xF8, 0x00, 0x00, 0x00, 0xFE, 0x03, 0x00, 0x00, 0x07, 0x07, 0x00, 0x80, 0x01, 0x0C, 0x00, 0xC0, 0x79, 0x1C, 0x00, 0xC0,
    0xFE, 0x19, 0x00, 0x60, 0x86, 0x31, 0x00, 0x60, 0x03, 0x33, 0x00, 0x60, 0x03, 0x33, 0x00, 0x60, 0x03, 0x33, 0x00, 0x60, 0x03,
    0x33, 0x00, 0x60, 0x87, 0x33, 0x00, 0xC0, 0x86, 0x19, 0x00, 0xC0, 0x85, 0x1C, 0x00, 0x80, 0x01, 0x0C, 0x00, 0x00, 0x07, 0x07,
    0x00, 0x00, 0xFE, 0x03, 0x00, 0x00, 0xF8, // 169
    0xE0, 0x01, 0x00, 0x00, 0x60, 0x38, 0x30, 0x00, 0x20, 0xFF, 0x31, 0x00, 0x80, 0xFF, 0x33, 0x00, 0xC0, 0x01, 0x37, 0x00, 0xC0,
    0x00, 0x3E, 0x00, 0xE0, 0x00, 0x3C, 0x00, 0x60, 0x00, 0x38, 0x00, 0x60, 0x00, 0x00, 0x00, 0x60, 0x00, 0x00, 0x00, 0x60, 0x00,
    0x38, 0x00, 0x60, 0x00, 0x3C, 0x00, 0xC0, 0x00, 0x3E, 0x00, 0xC0, 0x01, 0x37, 0x00, 0x80, 0xFF, 0x33, 0x00, 0x00, 0xFF, 0x31,
    0x00, 0x00, 0x38, 0x30, // 170
    0x00, 0x00, 0x00, 0x00, 0x00, 0x80, 0x00, 0x00, 0x00, 0xE0, 0x03, 0x00, 0x00, 0x78, 0x0F, 0x00, 0x00, 0x1C, 0x1C, 0x00, 0x00,
    0x84, 0x10, 0x00, 0x00, 0xE0, 0x03, 0x00, 0x00, 0x78, 0x0F, 0x00, 0x00, 0x1C, 0x1C, 0x00, 0x00, 0x04, 0x10, // 171
    0x00, 0x00, 0x00, 0x00, 0x00, 0x0C, 0x00, 0x00, 0x00, 0x0C, 0x00, 0x00, 0x00, 0x0C, 0x00, 0x00, 0x00, 0x0C, 0x00, 0x00, 0x00,
    0x0C, 0x00, 0x00, 0x00, 0x0C, 0x00, 0x00, 0x00, 0x0C, 0x00, 0x00, 0x00, 0x0C, 0x00, 0x00, 0x00, 0x0C, 0x00, 0x00, 0x00, 0xFC,
    0x01, 0x00, 0x00, 0xFC, 0x01, // 172
    0x00, 0x80, 0x01, 0x00, 0x00, 0x80, 0x01, 0x00, 0x00, 0x80, 0x01, 0x00, 0x00, 0x80, 0x01, 0x00, 0x00, 0x80, 0x01, 0x00, 0x00,
    0x80, 0x01, 0x00, 0x00, 0x80, 0x01, // 173
    0x00, 0xF8, 0x00, 0x00, 0x00, 0xFE, 0x03, 0x00, 0x00, 0x07, 0x07, 0x00, 0x80, 0x01, 0x0C, 0x00, 0xC0, 0x01, 0x1C, 0x00, 0xC0,
    0xFE, 0x1B, 0x00, 0x60, 0xFE, 0x33, 0x00, 0x60, 0x66, 0x30, 0x00, 0x60, 0x66, 0x30, 0x00, 0x60, 0xE6, 0x30, 0x00, 0x60, 0xFE,
    0x31, 0x00, 0x60, 0x3C, 0x33, 0x00, 0xC0, 0x00, 0x1A, 0x00, 0xC0, 0x01, 0x1C, 0x00, 0x80, 0x01, 0x0C, 0x00, 0x00, 0x07, 0x07,
    0x00, 0x00, 0xFE, 0x03, 0x00, 0x00, 0xF8, // 174
    0x0C, 0x00, 0x00, 0x00, 0x0C, 0x00, 0x00, 0x00, 0x0C, 0x00, 0x00, 0x00, 0x0C, 0x00, 0x00, 0x00, 0x0C, 0x00, 0x00, 0x00, 0x0C,
    0x00, 0x00, 0x00, 0x0C, 0x00, 0x00, 0x00, 0x0C, 0x00, 0x00, 0x00, 0x0C, 0x00, 0x00, 0x00, 0x0C, 0x00, 0x00, 0x00, 0x0C, 0x00,
    0x00, 0x00, 0x0C, 0x00, 0x00, 0x00, 0x0C, // 175
    0x00, 0x00, 0x00, 0x00, 0x80, 0x03, 0x00, 0x00, 0x40, 0x04, 0x00, 0x00, 0x20, 0x08, 0x00, 0x00, 0x20, 0x08, 0x00, 0x00, 0x20,
    0x08, 0x00, 0x00, 0x40, 0x04, 0x00, 0x00, 0x80, 0x03, // 176
    0x00, 0x00, 0x00, 0x00, 0x00, 0x60, 0x30, 0x00, 0x00, 0x60, 0x30, 0x00, 0x00, 0x60, 0x30, 0x00, 0x00, 0x60, 0x30, 0x00, 0x00,
    0x60, 0x30, 0x00, 0x00, 0xFF, 0x3F, 0x00, 0x00, 0xFF, 0x3F, 0x00, 0x00, 0x60, 0x30, 0x00, 0x00, 0x60, 0x30, 0x00, 0x00, 0x60,
    0x30, 0x00, 0x00, 0x60, 0x30, 0x00, 0x00, 0x60, 0x30, // 177
    0x40, 0x20, 0x00, 0x00, 0x60, 0x30, 0x00, 0x00, 0x20, 0x38, 0x00, 0x00, 0x20, 0x2C, 0x00, 0x00, 0x20, 0x26, 0x00, 0x00, 0xE0,
    0x23, 0x00, 0x00, 0xC0, 0x21, // 178
    0x40, 0x10, 0x00, 0x00, 0x60, 0x30, 0x00, 0x00, 0x20, 0x20, 0x00, 0x00, 0x20, 0x22, 0x00, 0x00, 0x20, 0x22, 0x00, 0x00, 0xE0,
    0x3D, 0x00, 0x00, 0xC0, 0x1D, // 179
    0x00, 0x00, 0x00, 0x00, 0x00, 0x00, 0x00, 0x00, 0x80, 0x00, 0x00, 0x00, 0xF0, 0x00, 0x00, 0x00, 0x30, 0x00, 0x00, 0x00,
    0x10, // 180
    0x00, 0x00, 0x00, 0x00, 0x00, 0x00, 0x00, 0x00, 0x00, 0xFE, 0xFF, 0x07, 0x00, 0xFE, 0xFF, 0x07, 0x00, 0x00, 0x1C, 0x00, 0x00,
    0x00, 0x30, 0x00, 0x00, 0x00, 0x30, 0x00, 0x00, 0x00, 0x30, 0x00, 0x00, 0x00, 0x30, 0x00, 0x00, 0x00, 0x1C, 0x00, 0x00, 0xFE,
    0x3F, 0x00, 0x00, 0xFE, 0x3F, // 181
    0x00, 0x0F, 0x00, 0x00, 0xC0, 0x3F, 0x00, 0x00, 0xC0, 0x3F, 0x00, 0x00, 0xE0, 0x7F, 0x00, 0x00, 0xE0, 0x7F, 0x00, 0x00, 0xE0,
    0xFF, 0xFF, 0x07, 0xE0, 0xFF, 0xFF, 0x07, 0x60, 0x00, 0x00, 0x00, 0x60, 0x00, 0x00, 0x00, 0xE0, 0xFF, 0xFF, 0x07, 0xE0, 0xFF,
    0xFF, 0x07, 0x60, 0x00, 0x00, 0x00, 0x60,                                                                   // 182
    0x00, 0x00, 0x00, 0x00, 0x00, 0x00, 0x00, 0x00, 0x00, 0x00, 0x00, 0x00, 0x00, 0x60, 0x00, 0x00, 0x00, 0x60, // 183
    0x00, 0x01, 0x00, 0x00, 0xE0, 0x01, 0x00, 0x00, 0x60, 0x00, 0x00, 0x00, 0x20, 0x00, 0x00, 0x00, 0x00, 0x00, 0x00, 0x00, 0xE0,
    0xFF, 0x3F, 0x00, 0xE0, 0xFF, 0x3F, 0x00, 0x60, 0x30, 0x30, 0x00, 0x60, 0x30, 0x30, 0x00, 0x60, 0x30, 0x30, 0x00, 0x60, 0x30,
    0x30, 0x00, 0x60, 0x30, 0x30, 0x00, 0x60, 0x30, 0x30, 0x00, 0x60, 0x30, 0x30, 0x00, 0x60, 0x30, 0x30, 0x00, 0x60, 0x30, 0x30,
    0x00, 0x60, 0x30, 0x30, 0x00, 0x00, 0x00, 0x30, // 184
    0x00, 0x01, 0x00, 0x00, 0xE0, 0x01, 0x00, 0x00, 0x60, 0x00, 0x00, 0x00, 0x20, 0x00, 0x00, 0x00, 0x00, 0x00, 0x00, 0x00, 0xE0,
    0xFF, 0x3F, 0x00, 0xE0, 0xFF, 0x3F, 0x00, 0x00, 0x30, 0x00, 0x00, 0x00, 0x30, 0x00, 0x00, 0x00, 0x30, 0x00, 0x00, 0x00, 0x30,
    0x00, 0x00, 0x00, 0x30, 0x00, 0x00, 0x00, 0x30, 0x00, 0x00, 0x00, 0x30, 0x00, 0x00, 0x00, 0x30, 0x00, 0x00, 0x00, 0x30, 0x00,
    0x00, 0xE0, 0xFF, 0x3F, 0x00, 0xE0, 0xFF, 0x3F, // 185
    0x00, 0x01, 0x00, 0x00, 0xE0, 0x01, 0x00, 0x00, 0x60, 0x00, 0x00, 0x00, 0x20, 0x00, 0x00, 0x00, 0x00, 0x00, 0x00, 0x00, 0xE0,
    0xFF, 0x3F, 0x00, 0xE0, 0xFF, 0x3F, // 186
    0x00, 0x00, 0x00, 0x00, 0x00, 0x00, 0x00, 0x00, 0x00, 0x00, 0x00, 0x00, 0x00, 0x04, 0x10, 0x00, 0x00, 0x1C, 0x1C, 0x00, 0x00,
    0x78, 0x0F, 0x00, 0x00, 0xE0, 0x03, 0x00, 0x00, 0x84, 0x10, 0x00, 0x00, 0x1C, 0x1C, 0x00, 0x00, 0x78, 0x0F, 0x00, 0x00, 0xE0,
    0x03, 0x00, 0x00, 0x80, // 187
    0xE0, 0x01, 0x00, 0x00, 0x60, 0xF8, 0x00, 0x00, 0x20, 0xFF, 0x07, 0x00, 0x80, 0x8F, 0x0F, 0x00, 0xC0, 0x01, 0x1C, 0x00, 0xC0,
    0x00, 0x18, 0x00, 0xE0, 0x00, 0x38, 0x00, 0x60, 0x00, 0x30, 0x00, 0x60, 0x00, 0x30, 0x00, 0x60, 0x00, 0x30, 0x00, 0x60, 0x00,
    0x30, 0x00, 0x60, 0x00, 0x30, 0x00, 0xE0, 0x00, 0x38, 0x00, 0xC0, 0x00, 0x18, 0x00, 0xC0, 0x01, 0x1C, 0x00, 0x80, 0xDF, 0x0F,
    0x00, 0x00, 0xFF, 0x07, 0x00, 0x00, 0xF8, // 188
    0x00, 0x00, 0x00, 0x00, 0x80, 0x01, 0x00, 0x00, 0xC0, 0x00, 0x00, 0x00, 0xC0, 0x00, 0x20, 0x00, 0xE0, 0x3F, 0x30, 0x00, 0xE0,
    0x3F, 0x1C, 0x00, 0x00, 0x00, 0x0E, 0x00, 0x00, 0x00, 0x07, 0x00, 0x00, 0xC0, 0x01, 0x00, 0x00, 0xE0, 0x00, 0x00, 0x00, 0x70,
    0x00, 0x00, 0x00, 0x1C, 0x00, 0x00, 0x00, 0x4E, 0x20, 0x00, 0x00, 0x67, 0x30, 0x00, 0xC0, 0x21, 0x38, 0x00, 0xE0, 0x20, 0x2C,
    0x00, 0x60, 0x20, 0x26, 0x00, 0x00, 0xE0, 0x27, 0x00, 0x00, 0xC0, 0x21, // 189
    0x00, 0x00, 0x00, 0x00, 0x00, 0x01, 0x00, 0x00, 0xE0, 0x01, 0x00, 0x00, 0x60, 0x00, 0x00, 0x00, 0x20, 0x00, 0x00, 0x00, 0x00,
    0x00, 0x00, 0x00, 0x60, 0x00, 0x00, 0x00, 0xE0, 0x00, 0x00, 0x00, 0xC0, 0x03, 0x00, 0x00, 0x80, 0x07, 0x00, 0x00, 0x00, 0x1E,
    0x00, 0x00, 0x00, 0x38, 0x00, 0x00, 0x00, 0xF0, 0x3F, 0x00, 0x00, 0xF0, 0x3F, 0x00, 0x00, 0x38, 0x00, 0x00, 0x00, 0x1E, 0x00,
    0x00, 0x80, 0x07, 0x00, 0x00, 0xC0, 0x03, 0x00, 0x00, 0xE0, 0x00, 0x00, 0x00, 0x60, // 190
    0x00, 0x00, 0x00, 0x00, 0x00, 0x00, 0x00, 0x00, 0x00, 0x00, 0xF0, 0x00, 0x00, 0x00, 0xF8, 0x03, 0x00, 0x00, 0x1E, 0x03, 0x00,
    0x00, 0x07, 0x07, 0x00, 0xE6, 0x03, 0x06, 0x00, 0xE6, 0x01, 0x06, 0x00, 0x00, 0x00, 0x06, 0x00, 0x00, 0x00, 0x07, 0x00, 0x00,
    0x80, 0x03, 0x00, 0x00, 0xC0, 0x01, 0x00, 0x00, 0xC0, // 191
    0xC0, 0x00, 0x00, 0x00, 0x00, 0x00, 0x00, 0x00, 0xF0, 0xFE, 0x3F, 0x00, 0x78, 0xFE, 0x3F, 0x00, 0x08, 0x00, 0x20, 0x00, 0xC0,
    0x00, 0x00, 0x00, 0xC0, // 192
    0x00, 0x00, 0x20, 0x00, 0x00, 0x00, 0x3C, 0x00, 0x00, 0x80, 0x3F, 0x00, 0x00, 0xE0, 0x07, 0x00, 0x00, 0xFC, 0x01, 0x00, 0x80,
    0x9F, 0x01, 0x00, 0xE0, 0x83, 0x01, 0x00, 0x60, 0x80, 0x01, 0x00, 0xE0, 0x83, 0x01, 0x00, 0x80, 0x9F, 0x01, 0x00, 0x00, 0xFC,
    0x01, 0x00, 0x00, 0xF0, 0x07, 0x00, 0x00, 0x80, 0x3F, 0x00, 0x00, 0x00, 0x3C, 0x00, 0x00, 0x00, 0x20, // 193
    0x00, 0x00, 0x00, 0x00, 0x00, 0x00, 0x00, 0x00, 0xE0, 0xFF, 0x3F, 0x00, 0xE0, 0xFF, 0x3F, 0x00, 0x60, 0x30, 0x30, 0x00, 0x60,
    0x30, 0x30, 0x00, 0x60, 0x30, 0x30, 0x00, 0x60, 0x30, 0x30, 0x00, 0x60, 0x30, 0x30, 0x00, 0x60, 0x30, 0x30, 0x00, 0xE0, 0x38,
    0x30, 0x00, 0xC0, 0x7D, 0x38, 0x00, 0xC0, 0xEF, 0x1F, 0x00, 0x80, 0xC7, 0x0F, 0x00, 0x00, 0x00, 0x07, // 194
    0x00, 0x00, 0x00, 0x00, 0x00, 0x00, 0x00, 0x00, 0xE0, 0xFF, 0x3F, 0x00, 0xE0, 0xFF, 0x3F, 0x00, 0x60, 0x00, 0x00, 0x00, 0x60,
    0x00, 0x00, 0x00, 0x60, 0x00, 0x00, 0x00, 0x60, 0x00, 0x00, 0x00, 0x60, 0x00, 0x00, 0x00, 0x60, 0x00, 0x00, 0x00, 0x60, 0x00,
    0x00, 0x00, 0x60, // 195
    0x00, 0x00, 0x00, 0x00, 0x00, 0x00, 0x3C, 0x00, 0x00, 0x00, 0x3F, 0x00, 0x00, 0xE0, 0x37, 0x00, 0x00, 0xF8, 0x30, 0x00, 0x00,
    0x3F, 0x30, 0x00, 0xC0, 0x07, 0x30, 0x00, 0xE0, 0x00, 0x30, 0x00, 0xE0, 0x00, 0x30, 0x00, 0xE0, 0x07, 0x30, 0x00, 0x00, 0x3F,
    0x30, 0x00, 0x00, 0xF8, 0x30, 0x00, 0x00, 0xE0, 0x37, 0x00, 0x00, 0x00, 0x3F, 0x00, 0x00, 0x00, 0x3C, // 196
    0x00, 0x00, 0x00, 0x00, 0x00, 0x00, 0x00, 0x00, 0xE0, 0xFF, 0x3F, 0x00, 0xE0, 0xFF, 0x3F, 0x00, 0x60, 0x30, 0x30, 0x00, 0x60,
    0x30, 0x30, 0x00, 0x60, 0x30, 0x30, 0x00, 0x60, 0x30, 0x30, 0x00, 0x60, 0x30, 0x30, 0x00, 0x60, 0x30, 0x30, 0x00, 0x60, 0x30,
    0x30, 0x00, 0x60, 0x30, 0x30, 0x00, 0x60, 0x30, 0x30, 0x00, 0x60, 0x30, 0x30, 0x00, 0x00, 0x00, 0x30, // 197
    0x00, 0x00, 0x00, 0x00, 0x00, 0x00, 0x38, 0x00, 0x60, 0x00, 0x3C, 0x00, 0x60, 0x00, 0x3E, 0x00, 0x60, 0x80, 0x37, 0x00, 0x60,
    0xC0, 0x31, 0x00, 0x60, 0xE0, 0x30, 0x00, 0x60, 0x70, 0x30, 0x00, 0x60, 0x1C, 0x30, 0x00, 0x60, 0x0E, 0x30, 0x00, 0x60, 0x07,
    0x30, 0x00, 0xE0, 0x03, 0x30, 0x00, 0xE0, 0x00, 0x30, 0x00, 0x60, 0x00, 0x30, // 198
    0x00, 0x00, 0x00, 0x00, 0x00, 0x00, 0x00, 0x00, 0xE0, 0xFF, 0x3F, 0x00, 0xE0, 0xFF, 0x3F, 0x00, 0x00, 0x30, 0x00, 0x00, 0x00,
    0x30, 0x00, 0x00, 0x00, 0x30, 0x00, 0x00, 0x00, 0x30, 0x00, 0x00, 0x00, 0x30, 0x00, 0x00, 0x00, 0x30, 0x00, 0x00, 0x00, 0x30,
    0x00, 0x00, 0x00, 0x30, 0x00, 0x00, 0x00, 0x30, 0x00, 0x00, 0xE0, 0xFF, 0x3F, 0x00, 0xE0, 0xFF, 0x3F, // 199
    0x00, 0x00, 0x00, 0x00, 0x00, 0xF8, 0x00, 0x00, 0x00, 0xFF, 0x07, 0x00, 0x80, 0x8F, 0x0F, 0x00, 0xC0, 0x01, 0x1C, 0x00, 0xC0,
    0x00, 0x18, 0x00, 0xE0, 0x30, 0x38, 0x00, 0x60, 0x30, 0x30, 0x00, 0x60, 0x30, 0x30, 0x00, 0x60, 0x30, 0x30, 0x00, 0x60, 0x30,
    0x30, 0x00, 0x60, 0x30, 0x30, 0x00, 0xE0, 0x30, 0x38, 0x00, 0xC0, 0x00, 0x18, 0x00, 0xC0, 0x01, 0x1C, 0x00, 0x80, 0xDF, 0x0F,
    0x00, 0x00, 0xFF, 0x07, 0x00, 0x00, 0xF8,                                                 // 200
    0x00, 0x00, 0x00, 0x00, 0x00, 0x00, 0x00, 0x00, 0xE0, 0xFF, 0x3F, 0x00, 0xE0, 0xFF, 0x3F, // 201
    0x00, 0x00, 0x00, 0x00, 0x00, 0x00, 0x00, 0x00, 0xE0, 0xFF, 0x3F, 0x00, 0xE0, 0xFF, 0x3F, 0x00, 0x00, 0x60, 0x00, 0x00, 0x00,
    0x30, 0x00, 0x00, 0x00, 0x38, 0x00, 0x00, 0x00, 0x7C, 0x00, 0x00, 0x00, 0xEE, 0x00, 0x00, 0x00, 0xC7, 0x03, 0x00, 0x80, 0x03,
    0x07, 0x00, 0xC0, 0x00, 0x0E, 0x00, 0x60, 0x00, 0x1C, 0x00, 0x20, 0x00, 0x38, 0x00, 0x00, 0x00, 0x30, // 202
    0x00, 0x00, 0x20, 0x00, 0x00, 0x00, 0x3C, 0x00, 0x00, 0x00, 0x3F, 0x00, 0x00, 0xE0, 0x07, 0x00, 0x00, 0xF8, 0x01, 0x00, 0x00,
    0x3F, 0x00, 0x00, 0xC0, 0x07, 0x00, 0x00, 0xE0, 0x01, 0x00, 0x00, 0xE0, 0x00, 0x00, 0x00, 0xC0, 0x07, 0x00, 0x00, 0x00, 0x3F,
    0x00, 0x00, 0x00, 0xF8, 0x01, 0x00, 0x00, 0xE0, 0x07, 0x00, 0x00, 0x00, 0x3F, 0x00, 0x00, 0x00, 0x3C, 0x00, 0x00, 0x00,
    0x20, // 203
    0x00, 0x00, 0x00, 0x00, 0x00, 0x00, 0x00, 0x00, 0xE0, 0xFF, 0x3F, 0x00, 0xE0, 0xFF, 0x3F, 0x00, 0xE0, 0x01, 0x00, 0x00, 0x80,
    0x1F, 0x00, 0x00, 0x00, 0x7C, 0x00, 0x00, 0x00, 0xE0, 0x03, 0x00, 0x00, 0x00, 0x1F, 0x00, 0x00, 0x00, 0x38, 0x00, 0x00, 0x00,
    0x1F, 0x00, 0x00, 0xE0, 0x03, 0x00, 0x00, 0xFC, 0x00, 0x00, 0x80, 0x1F, 0x00, 0x00, 0xE0, 0x03, 0x00, 0x00, 0xE0, 0xFF, 0x3F,
    0x00, 0xE0, 0xFF, 0x3F, // 204
    0x00, 0x00, 0x00, 0x00, 0x00, 0x00, 0x00, 0x00, 0xE0, 0xFF, 0x3F, 0x00, 0xE0, 0xFF, 0x3F, 0x00, 0xE0, 0x01, 0x00, 0x00, 0x80,
    0x03, 0x00, 0x00, 0x00, 0x0F, 0x00, 0x00, 0x00, 0x3C, 0x00, 0x00, 0x00, 0x70, 0x00, 0x00, 0x00, 0xE0, 0x01, 0x00, 0x00, 0x80,
    0x07, 0x00, 0x00, 0x00, 0x1E, 0x00, 0x00, 0x00, 0x3C, 0x00, 0xE0, 0xFF, 0x3F, 0x00, 0xE0, 0xFF, 0x3F, // 205
    0x00, 0x00, 0x00, 0x00, 0x60, 0x00, 0x30, 0x00, 0x60, 0x00, 0x30, 0x00, 0x60, 0x30, 0x30, 0x00, 0x60, 0x30, 0x30, 0x00, 0x60,
    0x30, 0x30, 0x00, 0x60, 0x30, 0x30, 0x00, 0x60, 0x30, 0x30, 0x00, 0x60, 0x30, 0x30, 0x00, 0x60, 0x30, 0x30, 0x00, 0x60, 0x30,
    0x30, 0x00, 0x60, 0x30, 0x30, 0x00, 0x60, 0x30, 0x30, 0x00, 0x60, 0x00, 0x30, 0x00, 0x60, 0x00, 0x30, // 206
    0x00, 0x00, 0x00, 0x00, 0x00, 0xF8, 0x00, 0x00, 0x00, 0xFF, 0x07, 0x00, 0x80, 0x8F, 0x0F, 0x00, 0xC0, 0x01, 0x1C, 0x00, 0xC0,
    0x00, 0x18, 0x00, 0xE0, 0x00, 0x38, 0x00, 0x60, 0x00, 0x30, 0x00, 0x60, 0x00, 0x30, 0x00, 0x60, 0x00, 0x30, 0x00, 0x60, 0x00,
    0x30, 0x00, 0x60, 0x00, 0x30, 0x00, 0xE0, 0x00, 0x38, 0x00, 0xC0, 0x00, 0x18, 0x00, 0xC0, 0x01, 0x1C, 0x00, 0x80, 0xDF, 0x0F,
    0x00, 0x00, 0xFF, 0x07, 0x00, 0x00, 0xF8, // 207
    0x00, 0x00, 0x00, 0x00, 0x00, 0x00, 0x00, 0x00, 0xE0, 0xFF, 0x3F, 0x00, 0xE0, 0xFF, 0x3F, 0x00, 0x60, 0x00, 0x00, 0x00, 0x60,
    0x00, 0x00, 0x00, 0x60, 0x00, 0x00, 0x00, 0x60, 0x00, 0x00, 0x00, 0x60, 0x00, 0x00, 0x00, 0x60, 0x00, 0x00, 0x00, 0x60, 0x00,
    0x00, 0x00, 0x60, 0x00, 0x00, 0x00, 0x60, 0x00, 0x00, 0x00, 0xE0, 0xFF, 0x3F, 0x00, 0xE0, 0xFF, 0x3F, // 208
    0x00, 0x00, 0x00, 0x00, 0x00, 0x00, 0x00, 0x00, 0xE0, 0xFF, 0x3F, 0x00, 0xE0, 0xFF, 0x3F, 0x00, 0x60, 0xC0, 0x00, 0x00, 0x60,
    0xC0, 0x00, 0x00, 0x60, 0xC0, 0x00, 0x00, 0x60, 0xC0, 0x00, 0x00, 0x60, 0xC0, 0x00, 0x00, 0x60, 0xC0, 0x00, 0x00, 0x60, 0xC0,
    0x00, 0x00, 0xE0, 0xE0, 0x00, 0x00, 0xC0, 0x7F, 0x00, 0x00, 0x80, 0x3F, 0x00, 0x00, 0x00, 0x0E, // 209
    0x00, 0x00, 0x00, 0x00, 0x60, 0x00, 0x30, 0x00, 0xE0, 0x00, 0x38, 0x00, 0xE0, 0x01, 0x3C, 0x00, 0xE0, 0x03, 0x37, 0x00, 0x60,
    0x87, 0x33, 0x00, 0x60, 0xCE, 0x31, 0x00, 0x60, 0xFC, 0x30, 0x00, 0x60, 0x78, 0x30, 0x00, 0x60, 0x00, 0x30, 0x00, 0x60, 0x00,
    0x30, 0x00, 0x60, 0x00, 0x30, 0x00, 0x60, 0x00, 0x30, 0x00, 0x00, 0x00, 0x30, // 211
    0x00, 0x00, 0x00, 0x00, 0x60, 0x00, 0x00, 0x00, 0x60, 0x00, 0x00, 0x00, 0x60, 0x00, 0x00, 0x00, 0x60, 0x00, 0x00, 0x00, 0x60,
    0x00, 0x00, 0x00, 0xE0, 0xFF, 0x3F, 0x00, 0xE0, 0xFF, 0x3F, 0x00, 0x60, 0x00, 0x00, 0x00, 0x60, 0x00, 0x00, 0x00, 0x60, 0x00,
    0x00, 0x00, 0x60, 0x00, 0x00, 0x00, 0x60, // 212
    0x00, 0x00, 0x00, 0x00, 0x60, 0x00, 0x00, 0x00, 0xE0, 0x00, 0x00, 0x00, 0xC0, 0x03, 0x00, 0x00, 0x80, 0x07, 0x00, 0x00, 0x00,
    0x1E, 0x00, 0x00, 0x00, 0x38, 0x00, 0x00, 0x00, 0xF0, 0x3F, 0x00, 0x00, 0xF0, 0x3F, 0x00, 0x00, 0x38, 0x00, 0x00, 0x00, 0x1E,
    0x00, 0x00, 0x80, 0x07, 0x00, 0x00, 0xC0, 0x03, 0x00, 0x00, 0xE0, 0x00, 0x00, 0x00, 0x60, // 213
    0x00, 0x00, 0x00, 0x00, 0x00, 0x78, 0x00, 0x00, 0x00, 0xFE, 0x01, 0x00, 0x00, 0xFF, 0x03, 0x00, 0x80, 0x03, 0x07, 0x00, 0x80,
    0x01, 0x06, 0x00, 0x80, 0x01, 0x06, 0x00, 0x80, 0x01, 0x06, 0x00, 0xE0, 0xFF, 0x3F, 0x00, 0xE0, 0xFF, 0x3F, 0x00, 0x80, 0x01,
    0x06, 0x00, 0x80, 0x01, 0x06, 0x00, 0x80, 0x01, 0x06, 0x00, 0x80, 0x03, 0x07, 0x00, 0x00, 0xFF, 0x03, 0x00, 0x00, 0xFE, 0x01,
    0x00, 0x00, 0x78, // 214
    0x00, 0x00, 0x00, 0x00, 0x20, 0x00, 0x30, 0x00, 0x60, 0x00, 0x38, 0x00, 0xE0, 0x01, 0x1E, 0x00, 0x80, 0x03, 0x0F, 0x00, 0x00,
    0xCF, 0x03, 0x00, 0x00, 0xFC, 0x00, 0x00, 0x00, 0x70, 0x00, 0x00, 0x00, 0xFC, 0x00, 0x00, 0x00, 0xCF, 0x03, 0x00, 0x80, 0x03,
    0x07, 0x00, 0xE0, 0x01, 0x1E, 0x00, 0x60, 0x00, 0x38, 0x00, 0x20, 0x00, 0x30, // 215
    0x00, 0x00, 0x00, 0x00, 0x00, 0x00, 0x00, 0x00, 0xE0, 0x3F, 0x00, 0x00, 0xE0, 0xFF, 0x00, 0x00, 0x00, 0xE0, 0x00, 0x00, 0x00,
    0xC0, 0x01, 0x00, 0x00, 0x80, 0x01, 0x00, 0x00, 0x80, 0x01, 0x00, 0xE0, 0xFF, 0x3F, 0x00, 0xE0, 0xFF, 0x3F, 0x00, 0xE0, 0xFF,
    0x3F, 0x00, 0x00, 0x80, 0x01, 0x00, 0x00, 0x80, 0x01, 0x00, 0x00, 0xC0, 0x01, 0x00, 0x00, 0xE0, 0x00, 0x00, 0xE0, 0x7F, 0x00,
    0x00, 0xE0, 0x3F, // 216
    0x00, 0x00, 0x00, 0x00, 0x00, 0x38, 0x30, 0x00, 0x00, 0xFF, 0x31, 0x00, 0x80, 0xFF, 0x33, 0x00, 0xC0, 0x01, 0x37, 0x00, 0xC0,
    0x00, 0x3E, 0x00, 0xE0, 0x00, 0x3C, 0x00, 0x60, 0x00, 0x38, 0x00, 0x60, 0x00, 0x00, 0x00, 0x60, 0x00, 0x00, 0x00, 0x60, 0x00,
    0x38, 0x00, 0x60, 0x00, 0x3C, 0x00, 0xC0, 0x00, 0x3E, 0x00, 0xC0, 0x01, 0x37, 0x00, 0x80, 0xFF, 0x33, 0x00, 0x00, 0xFF, 0x31,
    0x00, 0x00, 0x38, 0x30,                                                                               // 217
    0x0C, 0x00, 0x00, 0x00, 0xE0, 0xFF, 0x3F, 0x00, 0xE0, 0xFF, 0x3F, 0x00, 0x00, 0x00, 0x00, 0x00, 0x0C, // 218
    0x00, 0x00, 0x00, 0x00, 0x60, 0x00, 0x00, 0x00, 0xE0, 0x00, 0x00, 0x00, 0xC0, 0x03, 0x00, 0x00, 0x80, 0x07, 0x00, 0x00, 0x0C,
    0x1E, 0x00, 0x00, 0x0C, 0x38, 0x00, 0x00, 0x00, 0xF0, 0x3F, 0x00, 0x00, 0xF0, 0x3F, 0x00, 0x0C, 0x38, 0x00, 0x00, 0x0C, 0x1E,
    0x00, 0x00, 0x00, 0x07, 0x00, 0x00, 0xC0, 0x03, 0x00, 0x00, 0xE0, 0x00, 0x00, 0x00, 0x60, // 219
    0x00, 0x00, 0x00, 0x00, 0x00, 0xF0, 0x07, 0x00, 0x00, 0xFC, 0x1F, 0x00, 0x00, 0x1C, 0x3C, 0x00, 0x00, 0x06, 0x30, 0x00, 0x00,
    0x06, 0x30, 0x00, 0x80, 0x06, 0x30, 0x00, 0xF0, 0x06, 0x30, 0x00, 0x30, 0x0C, 0x18, 0x00, 0x10, 0x38, 0x0E, 0x00, 0x00, 0xF8,
    0x1F, 0x00, 0x00, 0xFE, 0x3F, 0x00, 0x00, 0x06, 0x20, // 220
    0x00, 0x00, 0x00, 0x00, 0x00, 0x18, 0x1F, 0x00, 0x00, 0xFC, 0x1F, 0x00, 0x00, 0xEE, 0x39, 0x00, 0x00, 0xC6, 0x30, 0x00, 0x80,
    0xC6, 0x30, 0x00, 0xF0, 0xC6, 0x30, 0x00, 0x30, 0xC6, 0x30, 0x00, 0x10, 0x0C, 0x18, 0x00, 0x00, 0x0C, 0x18, // 221
    0x00, 0x00, 0x00, 0x00, 0x00, 0x02, 0x00, 0x00, 0x00, 0xFE, 0x3F, 0x00, 0x00, 0xFE, 0x3F, 0x00, 0x00, 0x0C, 0x00, 0x00, 0x00,
    0x0C, 0x00, 0x00, 0x80, 0x06, 0x00, 0x00, 0xF0, 0x06, 0x00, 0x00, 0x30, 0x06, 0x00, 0x00, 0x10, 0x0E, 0x00, 0x00, 0x00, 0xFE,
    0xFF, 0x07, 0x00, 0xFC, 0xFF, 0x07, // 222
    0x00, 0x00, 0x00, 0x00, 0x00, 0x00, 0x00, 0x00, 0x80, 0xFE, 0x3F, 0x00, 0xF0, 0xFE, 0x3F, 0x00, 0x30, 0x00, 0x20, 0x00,
    0x10, // 223
    0x00, 0x00, 0x00, 0x00, 0x00, 0x00, 0x00, 0x00, 0x00, 0xFE, 0x0F, 0x00, 0xC0, 0xFE, 0x1F, 0x00, 0xC0, 0x00, 0x38, 0x00, 0x00,
    0x00, 0x30, 0x00, 0xF0, 0x00, 0x30, 0x00, 0x78, 0x00, 0x30, 0x00, 0x08, 0x00, 0x30, 0x00, 0xC0, 0x02, 0x38, 0x00, 0xC0, 0x3E,
    0x1E, 0x00, 0x00, 0xFE, 0x0F, 0x00, 0x00, 0xF0, 0x03, // 224
    0x00, 0x00, 0x00, 0x00, 0x00, 0xF0, 0x07, 0x00, 0x00, 0xFC, 0x1F, 0x00, 0x00, 0x1C, 0x3C, 0x00, 0x00, 0x06, 0x30, 0x00, 0x00,
    0x06, 0x30, 0x00, 0x00, 0x06, 0x30, 0x00, 0x00, 0x06, 0x30, 0x00, 0x00, 0x0C, 0x18, 0x00, 0x00, 0x38, 0x0E, 0x00, 0x00, 0xF8,
    0x1F, 0x00, 0x00, 0xFE, 0x3F, 0x00, 0x00, 0x06, 0x20, // 225
    0x00, 0x00, 0x00, 0x00, 0x00, 0x00, 0x00, 0x00, 0x80, 0xFF, 0xFF, 0x07, 0xC0, 0xFF, 0xFF, 0x07, 0xE0, 0x00, 0x18, 0x00, 0x60,
    0x00, 0x30, 0x00, 0x60, 0x00, 0x30, 0x00, 0x60, 0x30, 0x30, 0x00, 0x60, 0x30, 0x30, 0x00, 0xE0, 0x78, 0x30, 0x00, 0xC0, 0x6F,
    0x18, 0x00, 0x80, 0xC7, 0x1F, 0x00, 0x00, 0x80, 0x07, // 226
    0x00, 0x02, 0x00, 0x00, 0x00, 0x1E, 0x00, 0x00, 0x00, 0xFC, 0x00, 0x00, 0x00, 0xE0, 0x07, 0x00, 0x00, 0x00, 0xFF, 0x07, 0x00,
    0x00, 0xF0, 0x07, 0x00, 0x00, 0x7F, 0x00, 0x00, 0xE0, 0x07, 0x00, 0x00, 0xFC, 0x00, 0x00, 0x00, 0x1E, 0x00, 0x00, 0x00,
    0x02, // 227
    0x00, 0x00, 0x00, 0x00, 0x00, 0xC0, 0x07, 0x00, 0x00, 0xF0, 0x1F, 0x00, 0xE0, 0x30, 0x1C, 0x00, 0xE0, 0x19, 0x38, 0x00, 0xE0,
    0x0D, 0x30, 0x00, 0x60, 0x0F, 0x30, 0x00, 0x60, 0x06, 0x30, 0x00, 0x60, 0x1C, 0x38, 0x00, 0x60, 0x38, 0x1C, 0x00, 0x60, 0xF0,
    0x1F, 0x00, 0x00, 0xC0, 0x07, // 228
    0x00, 0x00, 0x00, 0x00, 0x00, 0x18, 0x1F, 0x00, 0x00, 0xFC, 0x1F, 0x00, 0x00, 0xEE, 0x39, 0x00, 0x00, 0xC6, 0x30, 0x00, 0x00,
    0xC6, 0x30, 0x00, 0x00, 0xC6, 0x30, 0x00, 0x00, 0xC6, 0x30, 0x00, 0x00, 0x0C, 0x18, 0x00, 0x00, 0x0C, 0x18, // 229
    0x00, 0x00, 0x00, 0x00, 0x00, 0x00, 0x0F, 0x00, 0x60, 0xC0, 0x1F, 0x00, 0x60, 0xF0, 0x18, 0x00, 0x60, 0x38, 0x30, 0x00, 0x60,
    0x0C, 0x30, 0x00, 0x60, 0x06, 0x30, 0x00, 0x60, 0x03, 0x60, 0x00, 0xE0, 0x01, 0x60, 0x02, 0xE0, 0x00, 0xE0, 0x03, 0x00, 0x00,
    0x80, // 230
    0x00, 0x00, 0x00, 0x00, 0x00, 0x02, 0x00, 0x00, 0x00, 0xFE, 0x3F, 0x00, 0x00, 0xFE, 0x3F, 0x00, 0x00, 0x0C, 0x00, 0x00, 0x00,
    0x0C, 0x00, 0x00, 0x00, 0x06, 0x00, 0x00, 0x00, 0x06, 0x00, 0x00, 0x00, 0x06, 0x00, 0x00, 0x00, 0x0E, 0x00, 0x00, 0x00, 0xFE,
    0xFF, 0x07, 0x00, 0xFC, 0xFF, 0x07, // 231
    0x00, 0x00, 0x00, 0x00, 0x00, 0xFC, 0x01, 0x00, 0x80, 0xFF, 0x0F, 0x00, 0xC0, 0x67, 0x1F, 0x00, 0xE0, 0x60, 0x38, 0x00, 0x60,
    0x60, 0x30, 0x00, 0x60, 0x60, 0x30, 0x00, 0x60, 0x60, 0x30, 0x00, 0xE0, 0x60, 0x38, 0x00, 0xC0, 0x6F, 0x1F, 0x00, 0x80, 0xFF,
    0x0F, 0x00, 0x00, 0xFC, 0x01,                                                                                     // 232
    0x00, 0x00, 0x00, 0x00, 0x00, 0x00, 0x00, 0x00, 0x00, 0xFE, 0x3F, 0x00, 0x00, 0xFE, 0x3F, 0x00, 0x00, 0x00, 0x20, // 233
    0x00, 0x00, 0x00, 0x00, 0x00, 0x00, 0x00, 0x00, 0x00, 0xFE, 0x3F, 0x00, 0x00, 0xFE, 0x3F, 0x00, 0x00, 0xC0, 0x01, 0x00, 0x00,
    0xE0, 0x00, 0x00, 0x00, 0xF0, 0x03, 0x00, 0x00, 0x38, 0x07, 0x00, 0x00, 0x1C, 0x1E, 0x00, 0x00, 0x06, 0x38, 0x00, 0x00, 0x02,
    0x30, 0x00, 0x00, 0x00, 0x20, // 234
    0x00, 0x00, 0x20, 0x00, 0x00, 0x00, 0x38, 0x00, 0x60, 0x00, 0x3E, 0x00, 0x60, 0x80, 0x07, 0x00, 0xE0, 0xE1, 0x01, 0x00, 0xC0,
    0x7F, 0x00, 0x00, 0x00, 0x3F, 0x00, 0x00, 0x00, 0xF8, 0x00, 0x00, 0x00, 0xE0, 0x07, 0x00, 0x00, 0x00, 0x3F, 0x00, 0x00, 0x00,
    0x38, 0x00, 0x00, 0x00, 0x20, // 235
    0x00, 0x00, 0x00, 0x00, 0x00, 0x00, 0x00, 0x00, 0x00, 0xFE, 0xFF, 0x07, 0x00, 0xFE, 0xFF, 0x07, 0x00, 0x00, 0x38, 0x00, 0x00,
    0x00, 0x30, 0x00, 0x00, 0x00, 0x30, 0x00, 0x00, 0x00, 0x30, 0x00, 0x00, 0x00, 0x30, 0x00, 0x00, 0x00, 0x1C, 0x00, 0x00, 0xFE,
    0x3F, 0x00, 0x00, 0xFE, 0x3F, // 236
    0x00, 0x06, 0x00, 0x00, 0x00, 0x3E, 0x00, 0x00, 0x00, 0xFC, 0x01, 0x00, 0x00, 0xC0, 0x0F, 0x00, 0x00, 0x00, 0x3E, 0x00, 0x00,
    0x00, 0x30, 0x00, 0x00, 0x00, 0x1C, 0x00, 0x00, 0x00, 0x0F, 0x00, 0x00, 0xFE, 0x03, 0x00, 0x00, 0x7E, // 237
    0x00, 0x00, 0x00, 0x00, 0x00, 0x00, 0x0F, 0x00, 0x60, 0x80, 0x1F, 0x00, 0x60, 0xCF, 0x39, 0x00, 0xE0, 0x4F, 0x30, 0x00, 0xE0,
    0x78, 0x30, 0x00, 0xE0, 0x30, 0x30, 0x00, 0x60, 0x30, 0x60, 0x00, 0x60, 0x30, 0x60, 0x03, 0x60, 0x00, 0xE0, 0x03, // 238
    0x00, 0x00, 0x00, 0x00, 0x00, 0xF0, 0x07, 0x00, 0x00, 0xFC, 0x1F, 0x00, 0x00, 0x1C, 0x1C, 0x00, 0x00, 0x0E, 0x38, 0x00, 0x00,
    0x06, 0x30, 0x00, 0x00, 0x06, 0x30, 0x00, 0x00, 0x06, 0x30, 0x00, 0x00, 0x0E, 0x38, 0x00, 0x00, 0x1C, 0x1C, 0x00, 0x00, 0xFC,
    0x0F, 0x00, 0x00, 0xF0, 0x07, // 239
    0x00, 0x00, 0x00, 0x00, 0x00, 0x06, 0x00, 0x00, 0x00, 0x06, 0x00, 0x00, 0x00, 0x06, 0x3C, 0x00, 0x00, 0xFE, 0x3F, 0x00, 0x00,
    0xFE, 0x07, 0x00, 0x00, 0x06, 0x00, 0x00, 0x00, 0x06, 0x00, 0x00, 0x00, 0x06, 0x00, 0x00, 0x00, 0x06, 0x00, 0x00, 0x00, 0x06,
    0x00, 0x00, 0x00, 0xFE, 0x1F, 0x00, 0x00, 0xFE, 0x3F, 0x00, 0x00, 0x06, 0x30, 0x00, 0x00, 0x06, 0x30, 0x00, 0x00, 0x06, // 240
    0x00, 0x00, 0x00, 0x00, 0x00, 0x00, 0x00, 0x00, 0x00, 0xF8, 0xFF, 0x07, 0x00, 0xFC, 0xFF, 0x07, 0x00, 0x0C, 0x18, 0x00, 0x00,
    0x06, 0x30, 0x00, 0x00, 0x06, 0x30, 0x00, 0x00, 0x06, 0x30, 0x00, 0x00, 0x06, 0x30, 0x00, 0x00, 0x0C, 0x38, 0x00, 0x00, 0x3C,
    0x1C, 0x00, 0x00, 0xF8, 0x0F, 0x00, 0x00, 0xE0, 0x07, // 241
    0x00, 0x00, 0x00, 0x00, 0x00, 0xC0, 0x07, 0x00, 0x00, 0xF0, 0x0F, 0x00, 0x00, 0x7C, 0x1C, 0x00, 0x00, 0x0C, 0x18, 0x00, 0x00,
    0x06, 0x38, 0x00, 0x00, 0x06, 0x30, 0x00, 0x00, 0x06, 0x30, 0x00, 0x00, 0x06, 0x70, 0x00, 0x00, 0x0E, 0xE0, 0x03, 0x00, 0x04,
    0xC0, 0x03, // 242
    0x00, 0x00, 0x00, 0x00, 0x00, 0xE0, 0x07, 0x00, 0x00, 0xF8, 0x0F, 0x00, 0x00, 0x3C, 0x1C, 0x00, 0x00, 0x0C, 0x38, 0x00, 0x00,
    0x06, 0x30, 0x00, 0x00, 0x06, 0x30, 0x00, 0x00, 0x06, 0x30, 0x00, 0x00, 0x06, 0x30, 0x00, 0x00, 0x0E, 0x38, 0x00, 0x00, 0xFE,
    0x1F, 0x00, 0x00, 0xF6, 0x0F, 0x00, 0x00, 0xC6, 0x03, 0x00, 0x00, 0x06, 0x00, 0x00, 0x00, 0x06, // 243
    0x00, 0x06, 0x00, 0x00, 0x00, 0x06, 0x00, 0x00, 0x00, 0x06, 0x00, 0x00, 0x00, 0xFE, 0x0F, 0x00, 0x00, 0xFE, 0x3F, 0x00, 0x00,
    0xFE, 0x3F, 0x00, 0x00, 0x06, 0x30, 0x00, 0x00, 0x06, 0x30, 0x00, 0x00, 0x06, // 244
    0x00, 0x00, 0x00, 0x00, 0x00, 0x00, 0x00, 0x00, 0x00, 0xFE, 0x0F, 0x00, 0x00, 0xFE, 0x1F, 0x00, 0x00, 0x00, 0x38, 0x00, 0x00,
    0x00, 0x30, 0x00, 0x00, 0x00, 0x30, 0x00, 0x00, 0x00, 0x30, 0x00, 0x00, 0x00, 0x30, 0x00, 0x00, 0x02, 0x38, 0x00, 0x00, 0x3E,
    0x1E, 0x00, 0x00, 0xFE, 0x0F, 0x00, 0x00, 0xF0, 0x03, // 245
    0x00, 0x00, 0x00, 0x00, 0x00, 0xE0, 0x07, 0x00, 0x00, 0xF8, 0x0F, 0x00, 0x00, 0x3C, 0x1C, 0x00, 0x00, 0x0E, 0x38, 0x00, 0x00,
    0x06, 0x30, 0x00, 0x00, 0x00, 0x30, 0x00, 0x00, 0xF8, 0xFF, 0x07, 0x00, 0xFC, 0xFF, 0x07, 0x00, 0x06, 0x30, 0x00, 0x00, 0x06,
    0x30, 0x00, 0x00, 0x06, 0x18, 0x00, 0x00, 0x1E, 0x1E, 0x00, 0x00, 0xFC, 0x0F, 0x00, 0x00, 0xF0, 0x03, // 246
    0x00, 0x02, 0x00, 0x00, 0x00, 0x06, 0x00, 0x06, 0x00, 0x0E, 0x80, 0x07, 0x00, 0x1C, 0xE0, 0x01, 0x00, 0x78, 0x78, 0x00, 0x00,
    0xE0, 0x1F, 0x00, 0x00, 0x80, 0x07, 0x00, 0x00, 0xC0, 0x1F, 0x00, 0x00, 0xF0, 0x78, 0x00, 0x00, 0x3C, 0xE0, 0x01, 0x00, 0x0E,
    0x80, 0x07, 0x00, 0x02, 0x00, 0x06, // 247
    0x00, 0x00, 0x00, 0x00, 0x00, 0x00, 0x00, 0x00, 0x00, 0xFE, 0x0F, 0x00, 0x00, 0xFE, 0x1F, 0x00, 0x00, 0x00, 0x18, 0x00, 0x00,
    0x00, 0x30, 0x00, 0x00, 0x00, 0x30, 0x00, 0x00, 0x00, 0x30, 0x00, 0xC0, 0xFF, 0xFF, 0x07, 0xC0, 0xFF, 0xFF, 0x07, 0x00, 0x00,
    0x30, 0x00, 0x00, 0x00, 0x30, 0x00, 0x00, 0x00, 0x30, 0x00, 0x00, 0x00, 0x18, 0x00, 0x00, 0xFE, 0x1F, 0x00, 0x00, 0xFE,
    0x0F, // 248
    0x00, 0x00, 0x00, 0x00, 0x00, 0xE0, 0x07, 0x00, 0x00, 0xF8, 0x1F, 0x00, 0x00, 0x1C, 0x3C, 0x00, 0x00, 0x0E, 0x30, 0x00, 0x00,
    0x06, 0x30, 0x00, 0x00, 0x00, 0x30, 0x00, 0x00, 0x00, 0x18, 0x00, 0x00, 0xC0, 0x0F, 0x00, 0x00, 0xC0, 0x0F, 0x00, 0x00, 0x00,
    0x18, 0x00, 0x00, 0x00, 0x30, 0x00, 0x00, 0x06, 0x30, 0x00, 0x00, 0x0E, 0x30, 0x00, 0x00, 0x3C, 0x3C, 0x00, 0x00, 0xF8, 0x1F,
    0x00, 0x00, 0xE0, 0x07,                                                                               // 249
    0x00, 0x00, 0x00, 0x00, 0x00, 0xFE, 0x3F, 0x00, 0x00, 0xFE, 0x3F, 0x00, 0xC0, 0x00, 0x20, 0x00, 0xC0, // 250
    0x00, 0x00, 0x00, 0x00, 0x00, 0x00, 0x00, 0x00, 0x00, 0xFE, 0x0F, 0x00, 0x00, 0xFE, 0x1F, 0x00, 0x00, 0x00, 0x38, 0x00, 0xC0,
    0x00, 0x30, 0x00, 0x00, 0x00, 0x30, 0x00, 0x00, 0x00, 0x30, 0x00, 0x00, 0x00, 0x30, 0x00, 0xC0, 0x02, 0x38, 0x00, 0xC0, 0x3E,
    0x1E, 0x00, 0x00, 0xFE, 0x0F, 0x00, 0x00, 0xF0, 0x03, // 251
    0x00, 0x00, 0x00, 0x00, 0x00, 0xF0, 0x07, 0x00, 0x00, 0xFC, 0x1F, 0x00, 0x00, 0x1C, 0x1C, 0x00, 0x00, 0x0E, 0x38, 0x00, 0x00,
    0x06, 0x30, 0x00, 0x80, 0x06, 0x30, 0x00, 0xF0, 0x06, 0x30, 0x00, 0x30, 0x0E, 0x38, 0x00, 0x10, 0x1C, 0x1C, 0x00, 0x00, 0xFC,
    0x0F, 0x00, 0x00, 0xF0, 0x07, // 252
    0x00, 0x00, 0x00, 0x00, 0x00, 0x00, 0x00, 0x00, 0x00, 0xFE, 0x0F, 0x00, 0x00, 0xFE, 0x1F, 0x00, 0x00, 0x00, 0x38, 0x00, 0x00,
    0x00, 0x30, 0x00, 0x80, 0x00, 0x30, 0x00, 0xF0, 0x00, 0x30, 0x00, 0x30, 0x00, 0x30, 0x00, 0x10, 0x02, 0x38, 0x00, 0x00, 0x3E,
    0x1E, 0x00, 0x00, 0xFE, 0x0F, 0x00, 0x00, 0xF0, 0x03, // 253
    0x00, 0x00, 0x00, 0x00, 0x00, 0xE0, 0x07, 0x00, 0x00, 0xF8, 0x1F, 0x00, 0x00, 0x1C, 0x3C, 0x00, 0x00, 0x0E, 0x30, 0x00, 0x00,
    0x06, 0x30, 0x00, 0x00, 0x00, 0x30, 0x00, 0x00, 0x00, 0x18, 0x00, 0x80, 0xC0, 0x0F, 0x00, 0xF0, 0xC0, 0x0F, 0x00, 0x30, 0x00,
    0x18, 0x00, 0x10, 0x00, 0x30, 0x00, 0x00, 0x06, 0x30, 0x00, 0x00, 0x0E, 0x30, 0x00, 0x00, 0x3C, 0x3C, 0x00, 0x00, 0xF8, 0x1F,
    0x00, 0x00, 0xE0, 0x07, // 254
};

#endif // OLED_GR
