#pragma once

// Traditional Chinese 10x10 bitmap font for OLEDDisplayCJK (FontUTF8).
//
// Rasterised from the fonts below. Each codepoint is taken from the first font in
// the chain that covers it. No font file is redistributed here; this header holds
// bitmap data only.
//
//   Fusion Pixel Font, 10px monospaced, zh_hant - TakWolf
//     https://github.com/TakWolf/fusion-pixel-font
//     SIL Open Font License 1.1, Reserved Font Name "Fusion Pixel"
//
//   Boutique Bitmap 9x9, version 1.93 - fancy type foundry (Cen-cyun Liu, Luke Liu)
//     https://fontspeech.blogspot.com/
//     Free to use, copy, modify and redistribute, commercially or otherwise;
//     derivatives carry the same terms; provided without warranty.
//     Supplies the Bopomofo tone marks and the Greek letters Fusion Pixel lacks.
//
//   Noto Sans CJK TC DemiLight - Google
//     https://github.com/notofonts/noto-cjk
//     SIL Open Font License 1.1
//     Last-resort fallback.
//
// Full licence texts are in licenses/fonts/ at the repository root.
//
// Both pixel fonts are drawn on a 10x10 em box with the ink kept inside 9x9, and
// that one-pixel side bearing is the only thing separating adjacent characters:
// the CJK branch of OLEDDisplay::drawStringInternal advances the cursor by exactly
// font->w and adds no tracking of its own. Glyphs must therefore be rasterised at
// the font origin, not centred on their ink box: centring, as the default path
// does for outline fonts, eats the bearing and runs the characters together.
//
// Generated file, do not edit by hand.

#include "FontUTF8.h"

#define utf8_10x10_COUNT 5093
#define utf8_10x10_WIDTH  10
#define utf8_10x10_HEIGHT 10

static const uint16_t utf8_10x10_map[5093] PROGMEM = {
    0x002A, 0x002F, 0x00B2, 0x02C7, 0x02CA, 0x02CB, 0x02D9, 0x0391, 0x0392, 0x0393, 0x0394, 0x0395,
    0x0396, 0x0397, 0x0398, 0x0399, 0x039A, 0x039B, 0x039C, 0x039D, 0x039E, 0x039F, 0x03A0, 0x03A1,
    0x03A3, 0x03A4, 0x03A5, 0x03A6, 0x03A7, 0x03A8, 0x03A9, 0x03B1, 0x03B2, 0x03B3, 0x03B4, 0x03B5,
    0x03B6, 0x03B7, 0x03B8, 0x03B9, 0x03BA, 0x03BB, 0x03BC, 0x03BD, 0x03BE, 0x03BF, 0x03C0, 0x03C1,
    0x03C3, 0x03C4, 0x03C5, 0x03C6, 0x03C7, 0x03C8, 0x03C9, 0x201C, 0x201D, 0x2026, 0x2103, 0x2109,
    0x2202, 0x2207, 0x3001, 0x3002, 0x300C, 0x300D, 0x3041, 0x3042, 0x3043, 0x3044, 0x3045, 0x3046,
    0x3047, 0x3048, 0x3049, 0x304A, 0x304B, 0x304C, 0x304D, 0x304E, 0x304F, 0x3050, 0x3051, 0x3052,
    0x3053, 0x3054, 0x3055, 0x3056, 0x3057, 0x3058, 0x3059, 0x305A, 0x305B, 0x305C, 0x305D, 0x305E,
    0x305F, 0x3060, 0x3061, 0x3062, 0x3063, 0x3064, 0x3065, 0x3066, 0x3067, 0x3068, 0x3069, 0x306A,
    0x306B, 0x306C, 0x306D, 0x306E, 0x306F, 0x3070, 0x3071, 0x3072, 0x3073, 0x3074, 0x3075, 0x3076,
    0x3077, 0x3078, 0x3079, 0x307A, 0x307B, 0x307C, 0x307D, 0x307E, 0x307F, 0x3080, 0x3081, 0x3082,
    0x3083, 0x3084, 0x3085, 0x3086, 0x3087, 0x3088, 0x3089, 0x308A, 0x308B, 0x308C, 0x308D, 0x308E,
    0x308F, 0x3090, 0x3091, 0x3092, 0x3093, 0x30A1, 0x30A2, 0x30A3, 0x30A4, 0x30A5, 0x30A6, 0x30A7,
    0x30A8, 0x30A9, 0x30AA, 0x30AB, 0x30AC, 0x30AD, 0x30AE, 0x30AF, 0x30B0, 0x30B1, 0x30B2, 0x30B3,
    0x30B4, 0x30B5, 0x30B6, 0x30B7, 0x30B8, 0x30B9, 0x30BA, 0x30BB, 0x30BC, 0x30BD, 0x30BE, 0x30BF,
    0x30C0, 0x30C1, 0x30C2, 0x30C3, 0x30C4, 0x30C5, 0x30C6, 0x30C7, 0x30C8, 0x30C9, 0x30CA, 0x30CB,
    0x30CC, 0x30CD, 0x30CE, 0x30CF, 0x30D0, 0x30D1, 0x30D2, 0x30D3, 0x30D4, 0x30D5, 0x30D6, 0x30D7,
    0x30D8, 0x30D9, 0x30DA, 0x30DB, 0x30DC, 0x30DD, 0x30DE, 0x30DF, 0x30E0, 0x30E1, 0x30E2, 0x30E3,
    0x30E4, 0x30E5, 0x30E6, 0x30E7, 0x30E8, 0x30E9, 0x30EA, 0x30EB, 0x30EC, 0x30ED, 0x30EE, 0x30EF,
    0x30F0, 0x30F1, 0x30F2, 0x30F3, 0x30F5, 0x30F6, 0x30FB, 0x30FC, 0x30FD, 0x30FE, 0x3105, 0x3106,
    0x3107, 0x3108, 0x3109, 0x310A, 0x310B, 0x310C, 0x310D, 0x310E, 0x310F, 0x3110, 0x3111, 0x3112,
    0x3113, 0x3114, 0x3115, 0x3116, 0x3117, 0x3118, 0x3119, 0x311A, 0x311B, 0x311C, 0x311D, 0x311E,
    0x311F, 0x3120, 0x3121, 0x3122, 0x3123, 0x3124, 0x3125, 0x3126, 0x3127, 0x3128, 0x3129, 0x4E00,
    0x4E01, 0x4E03, 0x4E08, 0x4E09, 0x4E0A, 0x4E0B, 0x4E0D, 0x4E10, 0x4E11, 0x4E14, 0x4E15, 0x4E16,
    0x4E18, 0x4E19, 0x4E1E, 0x4E1F, 0x4E26, 0x4E2B, 0x4E2D, 0x4E32, 0x4E38, 0x4E39, 0x4E3B, 0x4E43,
    0x4E45, 0x4E48, 0x4E4B, 0x4E4D, 0x4E4E, 0x4E4F, 0x4E52, 0x4E53, 0x4E56, 0x4E58, 0x4E59, 0x4E5D,
    0x4E5E, 0x4E5F, 0x4E69, 0x4E73, 0x4E7E, 0x4E82, 0x4E86, 0x4E88, 0x4E8B, 0x4E8C, 0x4E8E, 0x4E91,
    0x4E92, 0x4E94, 0x4E95, 0x4E99, 0x4E9B, 0x4E9E, 0x4E9F, 0x4EA1, 0x4EA4, 0x4EA5, 0x4EA6, 0x4EA8,
    0x4EAB, 0x4EAC, 0x4EAD, 0x4EAE, 0x4EBA, 0x4EC0, 0x4EC1, 0x4EC3, 0x4EC4, 0x4EC6, 0x4EC7, 0x4ECA,
    0x4ECB, 0x4ECD, 0x4ED4, 0x4ED5, 0x4ED6, 0x4ED7, 0x4ED8, 0x4ED9, 0x4EDE, 0x4EDF, 0x4EE3, 0x4EE4,
    0x4EE5, 0x4EF0, 0x4EF2, 0x4EF3, 0x4EF6, 0x4EFB, 0x4EFD, 0x4EFF, 0x4F01, 0x4F09, 0x4F0A, 0x4F0D,
    0x4F0F, 0x4F10, 0x4F11, 0x4F15, 0x4F19, 0x4F2F, 0x4F30, 0x4F34, 0x4F36, 0x4F38, 0x4F3A, 0x4F3C,
    0x4F3D, 0x4F43, 0x4F46, 0x4F47, 0x4F4D, 0x4F4E, 0x4F4F, 0x4F50, 0x4F51, 0x4F54, 0x4F55, 0x4F57,
    0x4F59, 0x4F5B, 0x4F5C, 0x4F5D, 0x4F5E, 0x4F60, 0x4F63, 0x4F69, 0x4F6C, 0x4F6F, 0x4F70, 0x4F73,
    0x4F75, 0x4F7B, 0x4F7E, 0x4F7F, 0x4F83, 0x4F86, 0x4F88, 0x4F8B, 0x4F8D, 0x4F8F, 0x4F96, 0x4F9B,
    0x4F9D, 0x4FAE, 0x4FAF, 0x4FB5, 0x4FB6, 0x4FBF, 0x4FC2, 0x4FC3, 0x4FC4, 0x4FCA, 0x4FCE, 0x4FCF,
    0x4FD0, 0x4FD1, 0x4FD7, 0x4FD8, 0x4FDA, 0x4FDD, 0x4FDE, 0x4FDF, 0x4FE0, 0x4FE1, 0x4FEE, 0x4FEF,
    0x4FF1, 0x4FF3, 0x4FF8, 0x4FFA, 0x4FFE, 0x5000, 0x5006, 0x5009, 0x500B, 0x500C, 0x500D, 0x500F,
    0x5011, 0x5012, 0x5014, 0x5016, 0x5018, 0x5019, 0x501A, 0x501F, 0x5021, 0x5023, 0x5025, 0x5026,
    0x5028, 0x5029, 0x502A, 0x502B, 0x502D, 0x503C, 0x5043, 0x5047, 0x5049, 0x504C, 0x504E, 0x504F,
    0x5055, 0x505A, 0x505C, 0x5065, 0x5074, 0x5075, 0x5076, 0x5077, 0x507A, 0x507D, 0x5080, 0x5085,
    0x508D, 0x5091, 0x5096, 0x5098, 0x5099, 0x50A2, 0x50AC, 0x50AD, 0x50AF, 0x50B2, 0x50B3, 0x50B5,
    0x50B7, 0x50BB, 0x50BE, 0x50C5, 0x50CF, 0x50D1, 0x50D5, 0x50D6, 0x50DA, 0x50E5, 0x50E7, 0x50ED,
    0x50EE, 0x50F1, 0x50F5, 0x50F9, 0x50FB, 0x5100, 0x5102, 0x5104, 0x5108, 0x5109, 0x5110, 0x5112,
    0x5114, 0x5118, 0x511F, 0x5121, 0x512A, 0x5132, 0x5137, 0x513C, 0x5140, 0x5141, 0x5143, 0x5144,
    0x5145, 0x5146, 0x5147, 0x5148, 0x5149, 0x514B, 0x514C, 0x514D, 0x5152, 0x5154, 0x5155, 0x5157,
    0x515C, 0x5162, 0x5165, 0x5167, 0x5168, 0x5169, 0x516B, 0x516C, 0x516D, 0x516E, 0x5171, 0x5175,
    0x5176, 0x5177, 0x5178, 0x517C, 0x5180, 0x5189, 0x518A, 0x518D, 0x5191, 0x5192, 0x5195, 0x5197,
    0x51A0, 0x51A2, 0x51A4, 0x51A5, 0x51AC, 0x51B0, 0x51B6, 0x51B7, 0x51BD, 0x51C6, 0x51CB, 0x51CC,
    0x51CD, 0x51DC, 0x51DD, 0x51E0, 0x51E1, 0x51F0, 0x51F1, 0x51F3, 0x51F6, 0x51F8, 0x51F9, 0x51FA,
    0x51FD, 0x5200, 0x5201, 0x5203, 0x5206, 0x5207, 0x5208, 0x520A, 0x520E, 0x5211, 0x5212, 0x5217,
    0x521D, 0x5224, 0x5225, 0x5228, 0x5229, 0x522A, 0x522E, 0x5230, 0x5236, 0x5237, 0x5238, 0x523A,
    0x523B, 0x5241, 0x5243, 0x5247, 0x524A, 0x524B, 0x524C, 0x524D, 0x524E, 0x5254, 0x5256, 0x525B,
    0x525C, 0x525D, 0x5269, 0x526A, 0x526F, 0x5272, 0x5274, 0x5275, 0x5277, 0x527D, 0x527F, 0x5283,
    0x5287, 0x5288, 0x5289, 0x528D, 0x5291, 0x529B, 0x529F, 0x52A0, 0x52A3, 0x52A9, 0x52AA, 0x52AB,
    0x52AC, 0x52BE, 0x52C1, 0x52C3, 0x52C7, 0x52C9, 0x52D2, 0x52D5, 0x52D7, 0x52D8, 0x52D9, 0x52DB,
    0x52DD, 0x52DE, 0x52DF, 0x52E2, 0x52E4, 0x52E6, 0x52F5, 0x52F8, 0x52FB, 0x52FE, 0x52FF, 0x5305,
    0x5306, 0x5308, 0x530D, 0x530F, 0x5310, 0x5315, 0x5316, 0x5317, 0x5319, 0x531D, 0x5320, 0x5321,
    0x5323, 0x532A, 0x532F, 0x5331, 0x5339, 0x533E, 0x533F, 0x5340, 0x5341, 0x5343, 0x5345, 0x5347,
    0x5348, 0x5349, 0x534A, 0x5351, 0x5352, 0x5353, 0x5354, 0x5357, 0x535A, 0x535C, 0x535E, 0x5360,
    0x5361, 0x5366, 0x536E, 0x536F, 0x5370, 0x5371, 0x5373, 0x5375, 0x5377, 0x5378, 0x5379, 0x537B,
    0x537F, 0x5384, 0x539A, 0x539D, 0x539F, 0x53A5, 0x53AD, 0x53B2, 0x53BB, 0x53C3, 0x53C8, 0x53C9,
    0x53CA, 0x53CB, 0x53CD, 0x53D4, 0x53D6, 0x53D7, 0x53DB, 0x53DF, 0x53E2, 0x53E3, 0x53E4, 0x53E5,
    0x53E6, 0x53E8, 0x53E9, 0x53EA, 0x53EB, 0x53EC, 0x53ED, 0x53EE, 0x53EF, 0x53F0, 0x53F1, 0x53F2,
    0x53F3, 0x53F5, 0x53F8, 0x53FC, 0x5401, 0x5403, 0x5404, 0x5406, 0x5408, 0x5409, 0x540A, 0x540B,
    0x540C, 0x540D, 0x540E, 0x540F, 0x5410, 0x5411, 0x5412, 0x541B, 0x541D, 0x541E, 0x541F, 0x5420,
    0x5426, 0x5427, 0x5429, 0x542B, 0x542D, 0x542E, 0x5431, 0x5433, 0x5435, 0x5436, 0x5438, 0x5439,
    0x543B, 0x543C, 0x543E, 0x5440, 0x5442, 0x5443, 0x5446, 0x5448, 0x544A, 0x544E, 0x5462, 0x5468,
    0x5471, 0x5473, 0x5475, 0x5476, 0x5477, 0x5478, 0x547B, 0x547C, 0x547D, 0x5480, 0x5484, 0x5486,
    0x548B, 0x548C, 0x548E, 0x5490, 0x5492, 0x5495, 0x5496, 0x549A, 0x54A6, 0x54A8, 0x54AA, 0x54AB,
    0x54AC, 0x54AF, 0x54B1, 0x54B3, 0x54B8, 0x54BB, 0x54BD, 0x54C0, 0x54C1, 0x54C2, 0x54C4, 0x54C7,
    0x54C8, 0x54C9, 0x54CE, 0x54E1, 0x54E5, 0x54E6, 0x54E8, 0x54E9, 0x54EA, 0x54ED, 0x54EE, 0x54F2,
    0x54FA, 0x54FC, 0x5501, 0x5506, 0x5509, 0x5510, 0x5514, 0x5527, 0x552C, 0x552E, 0x552F, 0x5531,
    0x5533, 0x5537, 0x5538, 0x553E, 0x5543, 0x5544, 0x5546, 0x554A, 0x554F, 0x5555, 0x5556, 0x555C,
    0x555E, 0x555F, 0x5561, 0x5563, 0x5564, 0x5566, 0x556A, 0x557B, 0x557C, 0x557E, 0x5580, 0x5582,
    0x5583, 0x5584, 0x5587, 0x5589, 0x558A, 0x558B, 0x5594, 0x5598, 0x559A, 0x559C, 0x559D, 0x559F,
    0x55A7, 0x55AA, 0x55AC, 0x55AE, 0x55B1, 0x55B2, 0x55B3, 0x55BB, 0x55C5, 0x55C6, 0x55C7, 0x55CE,
    0x55D1, 0x55D3, 0x55DA, 0x55DC, 0x55DF, 0x55E1, 0x55E3, 0x55E4, 0x55E5, 0x55E6, 0x55E8, 0x55EF,
    0x55F7, 0x55FD, 0x55FE, 0x5600, 0x5606, 0x5608, 0x5609, 0x560D, 0x560E, 0x5614, 0x5616, 0x5617,
    0x561B, 0x561F, 0x5629, 0x562E, 0x562F, 0x5630, 0x5632, 0x5634, 0x5636, 0x5639, 0x563B, 0x563F,
    0x564E, 0x5653, 0x5657, 0x5659, 0x5662, 0x5664, 0x5665, 0x5668, 0x5669, 0x566A, 0x566B, 0x566C,
    0x566F, 0x5671, 0x5674, 0x5678, 0x5679, 0x5680, 0x5685, 0x5687, 0x568E, 0x568F, 0x5690, 0x5695,
    0x56A5, 0x56A8, 0x56AE, 0x56B4, 0x56B6, 0x56B7, 0x56BC, 0x56C0, 0x56C1, 0x56C2, 0x56C8, 0x56C9,
    0x56CA, 0x56CC, 0x56D1, 0x56DA, 0x56DB, 0x56DE, 0x56E0, 0x56E4, 0x56EA, 0x56F0, 0x56FA, 0x5703,
    0x5708, 0x570B, 0x570D, 0x5712, 0x5713, 0x5716, 0x5718, 0x571F, 0x5728, 0x572C, 0x572D, 0x572F,
    0x5730, 0x5733, 0x573E, 0x5740, 0x5747, 0x574A, 0x574D, 0x574E, 0x574F, 0x5750, 0x5751, 0x5761,
    0x5764, 0x5766, 0x5769, 0x576A, 0x5777, 0x577C, 0x5782, 0x5783, 0x578B, 0x57A0, 0x57A2, 0x57A3,
    0x57AE, 0x57C2, 0x57C3, 0x57CB, 0x57CE, 0x57D4, 0x57DF, 0x57E0, 0x57E4, 0x57F7, 0x57F9, 0x57FA,
    0x5802, 0x5805, 0x5806, 0x580A, 0x5821, 0x5824, 0x582A, 0x582F, 0x5830, 0x5831, 0x5834, 0x5835,
    0x584A, 0x584C, 0x5851, 0x5854, 0x5857, 0x5858, 0x585A, 0x585E, 0x5862, 0x586B, 0x586D, 0x5875,
    0x5879, 0x587E, 0x5880, 0x5883, 0x5885, 0x588A, 0x5893, 0x589C, 0x589E, 0x589F, 0x58A8, 0x58AE,
    0x58B3, 0x58BE, 0x58C1, 0x58C5, 0x58C7, 0x58D1, 0x58D3, 0x58D5, 0x58D8, 0x58D9, 0x58DE, 0x58DF,
    0x58E2, 0x58E4, 0x58E9, 0x58EB, 0x58EC, 0x58EF, 0x58F9, 0x58FA, 0x58FD, 0x590F, 0x5914, 0x5915,
    0x5916, 0x5919, 0x591A, 0x591C, 0x5920, 0x5922, 0x5924, 0x5925, 0x5927, 0x5929, 0x592A, 0x592B,
    0x592D, 0x592E, 0x5931, 0x5937, 0x5938, 0x593E, 0x5944, 0x5947, 0x5948, 0x5949, 0x594E, 0x594F,
    0x5950, 0x5951, 0x5954, 0x5955, 0x5957, 0x5958, 0x595A, 0x5960, 0x5962, 0x5967, 0x5969, 0x596A,
    0x596E, 0x5973, 0x5974, 0x5976, 0x5978, 0x5979, 0x597D, 0x5981, 0x5982, 0x5983, 0x5984, 0x598A,
    0x598D, 0x5992, 0x5993, 0x5996, 0x5999, 0x599D, 0x599E, 0x59A3, 0x59A4, 0x59A5, 0x59A8, 0x59AE,
    0x59AF, 0x59B3, 0x59B9, 0x59BB, 0x59BE, 0x59C6, 0x59CA, 0x59CB, 0x59CD, 0x59D0, 0x59D1, 0x59D2,
    0x59D3, 0x59D4, 0x59D8, 0x59DA, 0x59DC, 0x59E3, 0x59E5, 0x59E6, 0x59E8, 0x59EA, 0x59EC, 0x59FB,
    0x59FF, 0x5A01, 0x5A03, 0x5A0C, 0x5A11, 0x5A13, 0x5A18, 0x5A1B, 0x5A1C, 0x5A1F, 0x5A20, 0x5A23,
    0x5A25, 0x5A29, 0x5A36, 0x5A3C, 0x5A40, 0x5A41, 0x5A46, 0x5A49, 0x5A4A, 0x5A5A, 0x5A62, 0x5A66,
    0x5A6A, 0x5A77, 0x5A7F, 0x5A92, 0x5A9A, 0x5A9B, 0x5AB2, 0x5AB3, 0x5ABC, 0x5ABD, 0x5ABE, 0x5AC1,
    0x5AC2, 0x5AC9, 0x5ACC, 0x5AD6, 0x5AD7, 0x5AD8, 0x5AE1, 0x5AE3, 0x5AE6, 0x5AE9, 0x5AF5, 0x5AFB,
    0x5B09, 0x5B0B, 0x5B0C, 0x5B1D, 0x5B24, 0x5B2A, 0x5B30, 0x5B34, 0x5B38, 0x5B40, 0x5B50, 0x5B51,
    0x5B53, 0x5B54, 0x5B55, 0x5B57, 0x5B58, 0x5B5A, 0x5B5C, 0x5B5D, 0x5B5F, 0x5B63, 0x5B64, 0x5B69,
    0x5B6B, 0x5B70, 0x5B71, 0x5B73, 0x5B75, 0x5B78, 0x5B7A, 0x5B7D, 0x5B7F, 0x5B83, 0x5B85, 0x5B87,
    0x5B88, 0x5B89, 0x5B8B, 0x5B8C, 0x5B8F, 0x5B97, 0x5B98, 0x5B99, 0x5B9A, 0x5B9B, 0x5B9C, 0x5BA2,
    0x5BA3, 0x5BA4, 0x5BA5, 0x5BA6, 0x5BAE, 0x5BB0, 0x5BB3, 0x5BB4, 0x5BB5, 0x5BB6, 0x5BB8, 0x5BB9,
    0x5BBF, 0x5BC2, 0x5BC4, 0x5BC5, 0x5BC6, 0x5BC7, 0x5BCC, 0x5BD0, 0x5BD2, 0x5BD3, 0x5BDE, 0x5BDF,
    0x5BE1, 0x5BE2, 0x5BE4, 0x5BE5, 0x5BE6, 0x5BE7, 0x5BE8, 0x5BE9, 0x5BEB, 0x5BEC, 0x5BEE, 0x5BF5,
    0x5BF6, 0x5BF8, 0x5BFA, 0x5C01, 0x5C04, 0x5C07, 0x5C08, 0x5C09, 0x5C0A, 0x5C0B, 0x5C0D, 0x5C0E,
    0x5C0F, 0x5C11, 0x5C16, 0x5C1A, 0x5C24, 0x5C2C, 0x5C31, 0x5C37, 0x5C38, 0x5C39, 0x5C3A, 0x5C3C,
    0x5C3E, 0x5C3F, 0x5C40, 0x5C41, 0x5C45, 0x5C46, 0x5C48, 0x5C4B, 0x5C4D, 0x5C4E, 0x5C4F, 0x5C50,
    0x5C51, 0x5C55, 0x5C5C, 0x5C60, 0x5C62, 0x5C64, 0x5C65, 0x5C6C, 0x5C6F, 0x5C71, 0x5C79, 0x5C8C,
    0x5C90, 0x5C91, 0x5C94, 0x5CA1, 0x5CA9, 0x5CAB, 0x5CB1, 0x5CB3, 0x5CB7, 0x5CB8, 0x5CD9, 0x5CE8,
    0x5CEA, 0x5CED, 0x5CF0, 0x5CF6, 0x5CFB, 0x5CFD, 0x5D01, 0x5D06, 0x5D07, 0x5D0E, 0x5D11, 0x5D14,
    0x5D16, 0x5D19, 0x5D1B, 0x5D22, 0x5D29, 0x5D4C, 0x5D50, 0x5D69, 0x5D84, 0x5D87, 0x5D9D, 0x5DBA,
    0x5DBC, 0x5DBD, 0x5DCD, 0x5DD2, 0x5DD4, 0x5DD6, 0x5DDD, 0x5DDE, 0x5DE1, 0x5DE2, 0x5DE5, 0x5DE6,
    0x5DE7, 0x5DE8, 0x5DEB, 0x5DEE, 0x5DF1, 0x5DF2, 0x5DF3, 0x5DF4, 0x5DF7, 0x5DFD, 0x5DFE, 0x5E02,
    0x5E03, 0x5E06, 0x5E0C, 0x5E11, 0x5E15, 0x5E16, 0x5E18, 0x5E1A, 0x5E1B, 0x5E1D, 0x5E25, 0x5E2B,
    0x5E2D, 0x5E33, 0x5E36, 0x5E37, 0x5E38, 0x5E3D, 0x5E40, 0x5E45, 0x5E4C, 0x5E54, 0x5E55, 0x5E57,
    0x5E5B, 0x5E5F, 0x5E62, 0x5E63, 0x5E6B, 0x5E72, 0x5E73, 0x5E74, 0x5E76, 0x5E78, 0x5E79, 0x5E7B,
    0x5E7C, 0x5E7D, 0x5E7E, 0x5E87, 0x5E8A, 0x5E8F, 0x5E95, 0x5E96, 0x5E97, 0x5E9A, 0x5E9C, 0x5EA0,
    0x5EA6, 0x5EA7, 0x5EAB, 0x5EAD, 0x5EB5, 0x5EB6, 0x5EB7, 0x5EB8, 0x5EBE, 0x5EC1, 0x5EC2, 0x5EC8,
    0x5EC9, 0x5ECA, 0x5ED3, 0x5ED6, 0x5EDA, 0x5EDD, 0x5EDF, 0x5EE0, 0x5EE2, 0x5EE3, 0x5EEC, 0x5EF3,
    0x5EF6, 0x5EF7, 0x5EFA, 0x5EFF, 0x5F01, 0x5F04, 0x5F08, 0x5F0A, 0x5F0F, 0x5F12, 0x5F13, 0x5F14,
    0x5F15, 0x5F17, 0x5F18, 0x5F1B, 0x5F1F, 0x5F26, 0x5F27, 0x5F29, 0x5F2D, 0x5F31, 0x5F35, 0x5F37,
    0x5F3C, 0x5F46, 0x5F48, 0x5F4C, 0x5F4E, 0x5F57, 0x5F59, 0x5F5E, 0x5F62, 0x5F64, 0x5F65, 0x5F69,
    0x5F6A, 0x5F6B, 0x5F6C, 0x5F6D, 0x5F70, 0x5F71, 0x5F77, 0x5F79, 0x5F7C, 0x5F7F, 0x5F80, 0x5F81,
    0x5F85, 0x5F87, 0x5F88, 0x5F8A, 0x5F8B, 0x5F8C, 0x5F90, 0x5F91, 0x5F92, 0x5F97, 0x5F98, 0x5F99,
    0x5F9E, 0x5FA1, 0x5FA8, 0x5FA9, 0x5FAA, 0x5FAC, 0x5FAE, 0x5FB5, 0x5FB7, 0x5FB9, 0x5FBD, 0x5FC3,
    0x5FC5, 0x5FCC, 0x5FCD, 0x5FD6, 0x5FD7, 0x5FD8, 0x5FD9, 0x5FDD, 0x5FE0, 0x5FEB, 0x5FF1, 0x5FF5,
    0x5FFD, 0x5FFF, 0x600E, 0x600F, 0x6012, 0x6014, 0x6015, 0x6016, 0x601D, 0x6020, 0x6021, 0x6025,
    0x6027, 0x6028, 0x602A, 0x602F, 0x6035, 0x6043, 0x6046, 0x604D, 0x6050, 0x6055, 0x6059, 0x6062,
    0x6063, 0x6064, 0x6065, 0x6068, 0x6069, 0x606A, 0x606B, 0x606C, 0x606D, 0x606F, 0x6070, 0x607F,
    0x6084, 0x6085, 0x6089, 0x608C, 0x608D, 0x6094, 0x6096, 0x609A, 0x609F, 0x60A0, 0x60A3, 0x60A8,
    0x60B2, 0x60B4, 0x60B5, 0x60B6, 0x60B8, 0x60BB, 0x60BC, 0x60BD, 0x60C5, 0x60C6, 0x60CB, 0x60D1,
    0x60D5, 0x60D8, 0x60DA, 0x60DC, 0x60DF, 0x60E0, 0x60E1, 0x60E6, 0x60F0, 0x60F1, 0x60F3, 0x60F4,
    0x60F6, 0x60F9, 0x60FA, 0x60FB, 0x6100, 0x6101, 0x6108, 0x6109, 0x610E, 0x610F, 0x6115, 0x611A,
    0x611B, 0x611C, 0x611F, 0x6123, 0x6127, 0x6134, 0x613E, 0x613F, 0x6144, 0x6147, 0x6148, 0x614B,
    0x614C, 0x614D, 0x614E, 0x6155, 0x6158, 0x615A, 0x615D, 0x615F, 0x6162, 0x6163, 0x6167, 0x6168,
    0x616B, 0x616E, 0x6170, 0x6176, 0x6177, 0x617C, 0x617E, 0x6182, 0x618A, 0x618E, 0x6190, 0x6191,
    0x6194, 0x619A, 0x61A4, 0x61A7, 0x61A9, 0x61AB, 0x61AC, 0x61B2, 0x61B6, 0x61BE, 0x61C2, 0x61C7,
    0x61C8, 0x61C9, 0x61CA, 0x61CD, 0x61E3, 0x61E6, 0x61F2, 0x61F5, 0x61F6, 0x61F7, 0x61F8, 0x61FA,
    0x61FC, 0x61FE, 0x61FF, 0x6200, 0x6208, 0x620A, 0x620C, 0x620D, 0x620E, 0x6210, 0x6211, 0x6212,
    0x6215, 0x6216, 0x621A, 0x621B, 0x621F, 0x6221, 0x6222, 0x622A, 0x622E, 0x6230, 0x6232, 0x6233,
    0x6234, 0x6236, 0x623E, 0x623F, 0x6240, 0x6241, 0x6247, 0x6248, 0x6249, 0x624B, 0x624D, 0x624E,
    0x6252, 0x6253, 0x6254, 0x6258, 0x625B, 0x6263, 0x626D, 0x626E, 0x626F, 0x6273, 0x6276, 0x6279,
    0x627C, 0x627E, 0x627F, 0x6280, 0x6284, 0x6289, 0x628A, 0x6291, 0x6292, 0x6293, 0x6295, 0x6296,
    0x6297, 0x6298, 0x62A8, 0x62AB, 0x62AC, 0x62B1, 0x62B5, 0x62B9, 0x62BC, 0x62BD, 0x62BF, 0x62C2,
    0x62C4, 0x62C6, 0x62C7, 0x62C8, 0x62C9, 0x62CB, 0x62CC, 0x62CD, 0x62CE, 0x62D0, 0x62D2, 0x62D3,
    0x62D4, 0x62D6, 0x62D7, 0x62D8, 0x62D9, 0x62DA, 0x62DB, 0x62DC, 0x62EC, 0x62ED, 0x62EE, 0x62EF,
    0x62F1, 0x62F3, 0x62F4, 0x62F7, 0x62FC, 0x62FD, 0x62FE, 0x62FF, 0x6301, 0x6307, 0x6308, 0x6309,
    0x6311, 0x6316, 0x6328, 0x632A, 0x632B, 0x632F, 0x633A, 0x633D, 0x633E, 0x6342, 0x6346, 0x6349,
    0x634E, 0x634F, 0x6350, 0x6355, 0x6367, 0x6368, 0x6369, 0x636B, 0x6371, 0x6372, 0x6376, 0x6377,
    0x637B, 0x6380, 0x6383, 0x6384, 0x6388, 0x6389, 0x638C, 0x638F, 0x6392, 0x6396, 0x6398, 0x6399,
    0x639B, 0x63A0, 0x63A1, 0x63A2, 0x63A3, 0x63A5, 0x63A7, 0x63A8, 0x63A9, 0x63AA, 0x63AC, 0x63C0,
    0x63C6, 0x63C9, 0x63CD, 0x63CF, 0x63D0, 0x63D2, 0x63D6, 0x63DA, 0x63DB, 0x63E1, 0x63E3, 0x63E9,
    0x63EA, 0x63ED, 0x63EE, 0x63F4, 0x640D, 0x640F, 0x6413, 0x6414, 0x6416, 0x6417, 0x641C, 0x641E,
    0x642A, 0x642C, 0x642D, 0x6436, 0x643D, 0x643E, 0x6451, 0x6452, 0x6454, 0x6458, 0x645F, 0x6467,
    0x6469, 0x646F, 0x6478, 0x6479, 0x647A, 0x6487, 0x6488, 0x6490, 0x6492, 0x6493, 0x6495, 0x649A,
    0x649E, 0x64A4, 0x64A5, 0x64A9, 0x64AB, 0x64AC, 0x64AD, 0x64AE, 0x64B0, 0x64B2, 0x64BB, 0x64BC,
    0x64BF, 0x64C1, 0x64C2, 0x64C4, 0x64C5, 0x64C7, 0x64CA, 0x64CB, 0x64CD, 0x64CE, 0x64D2, 0x64D4,
    0x64D8, 0x64DA, 0x64E0, 0x64E6, 0x64EC, 0x64F0, 0x64F1, 0x64F2, 0x64F4, 0x64FA, 0x64FB, 0x64FE,
    0x6500, 0x6506, 0x650F, 0x6514, 0x6518, 0x6519, 0x651C, 0x651D, 0x6523, 0x6524, 0x652A, 0x652B,
    0x652C, 0x652F, 0x6536, 0x6539, 0x653B, 0x653E, 0x653F, 0x6545, 0x6548, 0x654F, 0x6551, 0x6556,
    0x6557, 0x6558, 0x6559, 0x655D, 0x655E, 0x6562, 0x6563, 0x6566, 0x656C, 0x6572, 0x6574, 0x6575,
    0x6577, 0x6578, 0x6582, 0x6583, 0x6587, 0x6590, 0x6591, 0x6597, 0x6599, 0x659C, 0x659F, 0x65A1,
    0x65A4, 0x65A5, 0x65A7, 0x65AB, 0x65AC, 0x65AF, 0x65B0, 0x65B7, 0x65B9, 0x65BC, 0x65BD, 0x65C1,
    0x65C5, 0x65CB, 0x65CC, 0x65CE, 0x65CF, 0x65D6, 0x65D7, 0x65E2, 0x65E5, 0x65E6, 0x65E8, 0x65E9,
    0x65EC, 0x65ED, 0x65F1, 0x65FA, 0x6600, 0x6602, 0x6606, 0x660C, 0x660E, 0x660F, 0x6613, 0x6614,
    0x661F, 0x6620, 0x6625, 0x6627, 0x6628, 0x662D, 0x662F, 0x6642, 0x6643, 0x6649, 0x664C, 0x664F,
    0x6652, 0x665A, 0x665D, 0x6664, 0x6666, 0x6668, 0x666E, 0x666F, 0x6670, 0x6674, 0x6676, 0x667A,
    0x6687, 0x6688, 0x6689, 0x6691, 0x6696, 0x6697, 0x66A2, 0x66A8, 0x66AB, 0x66AE, 0x66B4, 0x66B9,
    0x66C6, 0x66C9, 0x66D6, 0x66D9, 0x66DD, 0x66E0, 0x66E6, 0x66F0, 0x66F2, 0x66F3, 0x66F4, 0x66F7,
    0x66F8, 0x66F9, 0x66FC, 0x66FE, 0x66FF, 0x6700, 0x6703, 0x6708, 0x6709, 0x670B, 0x670D, 0x6714,
    0x6715, 0x6717, 0x671B, 0x671D, 0x671F, 0x6726, 0x6727, 0x6728, 0x672A, 0x672B, 0x672C, 0x672D,
    0x672E, 0x6731, 0x6734, 0x6735, 0x673D, 0x6749, 0x674E, 0x674F, 0x6750, 0x6751, 0x6756, 0x675C,
    0x675E, 0x675F, 0x676D, 0x676F, 0x6770, 0x6771, 0x6773, 0x6775, 0x6777, 0x677E, 0x677F, 0x6787,
    0x6789, 0x678B, 0x6790, 0x6795, 0x6797, 0x679A, 0x679C, 0x679D, 0x67AF, 0x67B4, 0x67B6, 0x67B8,
    0x67C4, 0x67CF, 0x67D0, 0x67D1, 0x67D3, 0x67D4, 0x67DA, 0x67DE, 0x67E5, 0x67E9, 0x67EC, 0x67EF,
    0x67F1, 0x67F3, 0x67F4, 0x67F5, 0x67FF, 0x6813, 0x6817, 0x6821, 0x6829, 0x682A, 0x6838, 0x6839,
    0x683C, 0x683D, 0x6840, 0x6842, 0x6843, 0x6845, 0x6846, 0x6848, 0x684C, 0x6850, 0x6851, 0x6853,
    0x6854, 0x6876, 0x687F, 0x6881, 0x6883, 0x6885, 0x6886, 0x6893, 0x6894, 0x6897, 0x689D, 0x689F,
    0x68A2, 0x68A7, 0x68A8, 0x68AD, 0x68AF, 0x68B0, 0x68B1, 0x68B3, 0x68B5, 0x68C4, 0x68C9, 0x68CB,
    0x68CD, 0x68D2, 0x68D5, 0x68D7, 0x68D8, 0x68DA, 0x68DF, 0x68E0, 0x68E3, 0x68E7, 0x68EE, 0x68F2,
    0x68F5, 0x68F9, 0x68FA, 0x6905, 0x690D, 0x690E, 0x6912, 0x6930, 0x694A, 0x6953, 0x6954, 0x695A,
    0x695E, 0x6960, 0x6968, 0x696B, 0x696D, 0x6975, 0x6977, 0x6979, 0x6982, 0x6986, 0x6994, 0x6995,
    0x699B, 0x699C, 0x69A8, 0x69AB, 0x69AD, 0x69AE, 0x69B4, 0x69B7, 0x69BB, 0x69C1, 0x69CB, 0x69CC,
    0x69CD, 0x69D0, 0x69D3, 0x69E8, 0x69F3, 0x69FD, 0x6A01, 0x6A02, 0x6A05, 0x6A0A, 0x6A13, 0x6A19,
    0x6A1E, 0x6A1F, 0x6A21, 0x6A23, 0x6A35, 0x6A38, 0x6A39, 0x6A3A, 0x6A3D, 0x6A44, 0x6A47, 0x6A4B,
    0x6A58, 0x6A59, 0x6A5F, 0x6A61, 0x6A62, 0x6A6B, 0x6A80, 0x6A84, 0x6A94, 0x6A9C, 0x6AA2, 0x6AAC,
    0x6AB3, 0x6AB8, 0x6ABB, 0x6AC2, 0x6AC3, 0x6AD3, 0x6ADA, 0x6ADB, 0x6ADD, 0x6AE5, 0x6AFB, 0x6B04,
    0x6B0A, 0x6B16, 0x6B20, 0x6B21, 0x6B23, 0x6B32, 0x6B3A, 0x6B3D, 0x6B3E, 0x6B47, 0x6B49, 0x6B4C,
    0x6B50, 0x6B59, 0x6B5F, 0x6B61, 0x6B62, 0x6B63, 0x6B64, 0x6B65, 0x6B66, 0x6B67, 0x6B6A, 0x6B72,
    0x6B77, 0x6B78, 0x6B79, 0x6B7B, 0x6B7F, 0x6B83, 0x6B86, 0x6B89, 0x6B8A, 0x6B96, 0x6B98, 0x6BA4,
    0x6BAE, 0x6BAF, 0x6BB2, 0x6BB5, 0x6BB7, 0x6BBA, 0x6BBC, 0x6BBF, 0x6BC0, 0x6BC5, 0x6BC6, 0x6BCB,
    0x6BCD, 0x6BCF, 0x6BD2, 0x6BD3, 0x6BD4, 0x6BD7, 0x6BDB, 0x6BEB, 0x6BEF, 0x6BFD, 0x6C0F, 0x6C10,
    0x6C11, 0x6C13, 0x6C16, 0x6C1B, 0x6C1F, 0x6C23, 0x6C24, 0x6C26, 0x6C27, 0x6C28, 0x6C2B, 0x6C2E,
    0x6C2F, 0x6C33, 0x6C34, 0x6C38, 0x6C3E, 0x6C40, 0x6C41, 0x6C42, 0x6C50, 0x6C55, 0x6C57, 0x6C59,
    0x6C5D, 0x6C5E, 0x6C5F, 0x6C60, 0x6C68, 0x6C6A, 0x6C70, 0x6C72, 0x6C7A, 0x6C7D, 0x6C7E, 0x6C81,
    0x6C83, 0x6C85, 0x6C88, 0x6C89, 0x6C8C, 0x6C90, 0x6C92, 0x6C96, 0x6C99, 0x6C9B, 0x6CAB, 0x6CAE,
    0x6CB1, 0x6CB3, 0x6CB8, 0x6CB9, 0x6CBB, 0x6CBC, 0x6CBD, 0x6CBE, 0x6CBF, 0x6CC1, 0x6CC4, 0x6CC5,
    0x6CC9, 0x6CCA, 0x6CCC, 0x6CD3, 0x6CD5, 0x6CD7, 0x6CDB, 0x6CE1, 0x6CE2, 0x6CE3, 0x6CE5, 0x6CE8,
    0x6CF0, 0x6CF1, 0x6CF3, 0x6D0B, 0x6D0C, 0x6D17, 0x6D1B, 0x6D1E, 0x6D25, 0x6D2A, 0x6D31, 0x6D32,
    0x6D36, 0x6D3B, 0x6D3D, 0x6D3E, 0x6D41, 0x6D59, 0x6D5A, 0x6D66, 0x6D69, 0x6D6A, 0x6D6C, 0x6D6E,
    0x6D74, 0x6D77, 0x6D78, 0x6D87, 0x6D88, 0x6D89, 0x6D8E, 0x6D93, 0x6D95, 0x6DAE, 0x6DAF, 0x6DB2,
    0x6DB5, 0x6DB8, 0x6DBC, 0x6DC4, 0x6DC5, 0x6DC6, 0x6DC7, 0x6DCB, 0x6DCC, 0x6DD1, 0x6DD2, 0x6DD8,
    0x6DD9, 0x6DDA, 0x6DDE, 0x6DE1, 0x6DE4, 0x6DE8, 0x6DEA, 0x6DEB, 0x6DEE, 0x6DF1, 0x6DF3, 0x6DF5,
    0x6DF7, 0x6DF9, 0x6DFA, 0x6DFB, 0x6E05, 0x6E19, 0x6E1A, 0x6E1B, 0x6E1D, 0x6E20, 0x6E21, 0x6E23,
    0x6E24, 0x6E25, 0x6E26, 0x6E2C, 0x6E2D, 0x6E2F, 0x6E32, 0x6E34, 0x6E38, 0x6E3A, 0x6E3E, 0x6E43,
    0x6E4A, 0x6E4D, 0x6E54, 0x6E56, 0x6E58, 0x6E5B, 0x6E67, 0x6E6E, 0x6E6F, 0x6E89, 0x6E90, 0x6E96,
    0x6E98, 0x6E9C, 0x6E9D, 0x6EA2, 0x6EA5, 0x6EAA, 0x6EAB, 0x6EAF, 0x6EB6, 0x6EBA, 0x6EBC, 0x6EC2,
    0x6EC4, 0x6EC5, 0x6EC7, 0x6ECB, 0x6ECC, 0x6ED1, 0x6ED3, 0x6ED4, 0x6EEC, 0x6EEF, 0x6EF2, 0x6EF4,
    0x6EFE, 0x6EFF, 0x6F01, 0x6F02, 0x6F06, 0x6F0F, 0x6F13, 0x6F14, 0x6F15, 0x6F20, 0x6F22, 0x6F23,
    0x6F29, 0x6F2A, 0x6F2B, 0x6F2C, 0x6F2F, 0x6F31, 0x6F32, 0x6F33, 0x6F38, 0x6F3E, 0x6F3F, 0x6F51,
    0x6F54, 0x6F58, 0x6F5B, 0x6F64, 0x6F66, 0x6F6D, 0x6F6E, 0x6F70, 0x6F78, 0x6F7A, 0x6F7C, 0x6F80,
    0x6F84, 0x6F86, 0x6F88, 0x6F8E, 0x6F97, 0x6FA1, 0x6FA4, 0x6FA7, 0x6FB1, 0x6FB3, 0x6FB9, 0x6FC0,
    0x6FC1, 0x6FC2, 0x6FC3, 0x6FD8, 0x6FDB, 0x6FDF, 0x6FE0, 0x6FE1, 0x6FE4, 0x6FEB, 0x6FEC, 0x6FEF,
    0x6FF1, 0x6FFA, 0x6FFE, 0x7006, 0x7009, 0x700B, 0x700F, 0x7011, 0x7015, 0x701A, 0x701B, 0x701D,
    0x701F, 0x7028, 0x7030, 0x703E, 0x704C, 0x7051, 0x7058, 0x7063, 0x7064, 0x706B, 0x7070, 0x7076,
    0x7078, 0x707C, 0x707D, 0x708A, 0x708E, 0x7092, 0x7095, 0x7099, 0x70AB, 0x70AC, 0x70AD, 0x70AE,
    0x70AF, 0x70B3, 0x70B8, 0x70BA, 0x70C8, 0x70CA, 0x70CF, 0x70D8, 0x70D9, 0x70E4, 0x70F9, 0x70FD,
    0x7109, 0x710A, 0x7119, 0x711A, 0x7121, 0x7126, 0x7130, 0x7136, 0x7149, 0x714C, 0x714E, 0x7159,
    0x715C, 0x715E, 0x7164, 0x7165, 0x7166, 0x7167, 0x7169, 0x716C, 0x716E, 0x717D, 0x7184, 0x718A,
    0x7194, 0x7199, 0x719F, 0x71A8, 0x71AC, 0x71B1, 0x71B9, 0x71BE, 0x71C3, 0x71C4, 0x71C8, 0x71C9,
    0x71CE, 0x71D0, 0x71D2, 0x71D5, 0x71D9, 0x71DC, 0x71DF, 0x71E5, 0x71E6, 0x71E7, 0x71EC, 0x71ED,
    0x71EE, 0x71F4, 0x71FB, 0x7206, 0x720D, 0x7210, 0x721B, 0x7228, 0x722A, 0x722C, 0x722D, 0x7230,
    0x7235, 0x7236, 0x7238, 0x7239, 0x723A, 0x723B, 0x723D, 0x723E, 0x7246, 0x7247, 0x7248, 0x724C,
    0x7252, 0x7256, 0x7258, 0x7259, 0x725B, 0x725D, 0x725F, 0x7260, 0x7261, 0x7262, 0x7267, 0x7269,
    0x726F, 0x7272, 0x7274, 0x7279, 0x727D, 0x7280, 0x7281, 0x7284, 0x7292, 0x7296, 0x729B, 0x72A2,
    0x72A7, 0x72AC, 0x72AF, 0x72C0, 0x72C2, 0x72C4, 0x72CE, 0x72D0, 0x72D7, 0x72D9, 0x72E0, 0x72E1,
    0x72E9, 0x72F7, 0x72F8, 0x72F9, 0x72FC, 0x72FD, 0x7313, 0x7316, 0x7319, 0x731B, 0x731C, 0x7325,
    0x7329, 0x7334, 0x7336, 0x7337, 0x733E, 0x733F, 0x7344, 0x7345, 0x734E, 0x7350, 0x7357, 0x7368,
    0x7370, 0x7372, 0x7375, 0x7377, 0x7378, 0x737A, 0x737B, 0x7380, 0x7384, 0x7387, 0x7389, 0x738B,
    0x7396, 0x739F, 0x73A8, 0x73A9, 0x73AB, 0x73B2, 0x73B3, 0x73B7, 0x73BB, 0x73C0, 0x73CA, 0x73CD,
    0x73E0, 0x73ED, 0x73EE, 0x73FE, 0x7403, 0x7405, 0x7406, 0x7409, 0x740A, 0x740D, 0x7422, 0x7425,
    0x742A, 0x7433, 0x7434, 0x7435, 0x7436, 0x743A, 0x743F, 0x7441, 0x7455, 0x7459, 0x745A, 0x745B,
    0x745C, 0x745E, 0x745F, 0x7463, 0x7464, 0x7469, 0x746A, 0x746F, 0x7470, 0x7483, 0x748B, 0x749C,
    0x74A3, 0x74A6, 0x74A7, 0x74A9, 0x74B0, 0x74BD, 0x74CA, 0x74CF, 0x74DC, 0x74E0, 0x74E2, 0x74E3,
    0x74E6, 0x74F6, 0x74F7, 0x7504, 0x750C, 0x7515, 0x7518, 0x751A, 0x751C, 0x751F, 0x7522, 0x7525,
    0x7526, 0x7528, 0x7529, 0x752B, 0x752C, 0x752D, 0x7530, 0x7531, 0x7532, 0x7533, 0x7537, 0x7538,
    0x753D, 0x754C, 0x754F, 0x7554, 0x7559, 0x755A, 0x755C, 0x755D, 0x7562, 0x7565, 0x7566, 0x756A,
    0x756B, 0x7570, 0x7576, 0x7578, 0x7586, 0x7587, 0x758A, 0x758B, 0x758F, 0x7591, 0x7599, 0x759A,
    0x759D, 0x75A4, 0x75A5, 0x75AB, 0x75B2, 0x75B3, 0x75B5, 0x75B9, 0x75BC, 0x75BD, 0x75BE, 0x75C5,
    0x75C7, 0x75CA, 0x75D4, 0x75D5, 0x75D8, 0x75D9, 0x75DB, 0x75DE, 0x75E2, 0x75E3, 0x75F0, 0x75F1,
    0x75F2, 0x75F4, 0x75FA, 0x75FF, 0x7600, 0x7601, 0x7609, 0x760B, 0x760D, 0x7613, 0x761F, 0x7620,
    0x7621, 0x7624, 0x7626, 0x7627, 0x7629, 0x7634, 0x7638, 0x7642, 0x7646, 0x764C, 0x7652, 0x7656,
    0x7658, 0x7662, 0x7665, 0x7669, 0x766C, 0x766E, 0x7671, 0x7672, 0x7678, 0x767B, 0x767C, 0x767D,
    0x767E, 0x7682, 0x7684, 0x7686, 0x7687, 0x7688, 0x768E, 0x7693, 0x7696, 0x769A, 0x76AE, 0x76B0,
    0x76B4, 0x76BA, 0x76BF, 0x76C2, 0x76C3, 0x76C6, 0x76C8, 0x76CA, 0x76CD, 0x76CE, 0x76D2, 0x76D4,
    0x76DB, 0x76DC, 0x76DE, 0x76DF, 0x76E1, 0x76E3, 0x76E4, 0x76E5, 0x76E7, 0x76EA, 0x76EE, 0x76EF,
    0x76F2, 0x76F4, 0x76F8, 0x76F9, 0x76FC, 0x76FE, 0x7701, 0x7709, 0x770B, 0x771F, 0x7720, 0x7728,
    0x7729, 0x7736, 0x7737, 0x7738, 0x773A, 0x773C, 0x773E, 0x774F, 0x775B, 0x775C, 0x775E, 0x7761,
    0x7763, 0x7765, 0x7766, 0x7768, 0x776A, 0x776B, 0x776C, 0x7779, 0x777D, 0x777F, 0x7784, 0x7787,
    0x778C, 0x778E, 0x7791, 0x779E, 0x779F, 0x77A0, 0x77A5, 0x77A7, 0x77AA, 0x77AC, 0x77AD, 0x77B0,
    0x77B3, 0x77BB, 0x77BD, 0x77BF, 0x77C7, 0x77D3, 0x77D7, 0x77DA, 0x77DB, 0x77DC, 0x77E2, 0x77E3,
    0x77E5, 0x77E9, 0x77ED, 0x77EE, 0x77EF, 0x77F3, 0x77FD, 0x7802, 0x780C, 0x780D, 0x7814, 0x781D,
    0x7825, 0x7827, 0x782D, 0x7830, 0x7834, 0x7837, 0x7838, 0x7843, 0x785D, 0x786B, 0x786C, 0x786F,
    0x787C, 0x7889, 0x788C, 0x788E, 0x7891, 0x7897, 0x7898, 0x789F, 0x78A7, 0x78A9, 0x78B0, 0x78B3,
    0x78BA, 0x78BC, 0x78BE, 0x78C1, 0x78C5, 0x78CA, 0x78CB, 0x78D0, 0x78D5, 0x78DA, 0x78E8, 0x78EC,
    0x78EF, 0x78F4, 0x78F7, 0x78FA, 0x7901, 0x790E, 0x7919, 0x7926, 0x792A, 0x792B, 0x792C, 0x793A,
    0x793E, 0x7940, 0x7941, 0x7946, 0x7947, 0x7948, 0x7949, 0x7950, 0x7955, 0x7956, 0x7957, 0x795A,
    0x795D, 0x795E, 0x795F, 0x7960, 0x7965, 0x7968, 0x796D, 0x797A, 0x797F, 0x7981, 0x798D, 0x798E,
    0x798F, 0x79A6, 0x79A7, 0x79AA, 0x79AE, 0x79B1, 0x79B9, 0x79BD, 0x79BE, 0x79BF, 0x79C0, 0x79C1,
    0x79C9, 0x79CB, 0x79D1, 0x79D2, 0x79DF, 0x79E3, 0x79E4, 0x79E6, 0x79E7, 0x79E9, 0x79FB, 0x7A00,
    0x7A05, 0x7A08, 0x7A0B, 0x7A0D, 0x7A14, 0x7A1A, 0x7A1C, 0x7A1F, 0x7A20, 0x7A2E, 0x7A31, 0x7A37,
    0x7A3B, 0x7A3C, 0x7A3D, 0x7A3F, 0x7A40, 0x7A46, 0x7A4C, 0x7A4D, 0x7A4E, 0x7A57, 0x7A61, 0x7A62,
    0x7A69, 0x7A6B, 0x7A74, 0x7A76, 0x7A79, 0x7A7A, 0x7A7F, 0x7A81, 0x7A84, 0x7A88, 0x7A92, 0x7A95,
    0x7A96, 0x7A97, 0x7A98, 0x7A9F, 0x7AA0, 0x7AA9, 0x7AAA, 0x7AAE, 0x7AAF, 0x7ABA, 0x7AC4, 0x7AC5,
    0x7AC7, 0x7ACA, 0x7ACB, 0x7AD9, 0x7ADF, 0x7AE0, 0x7AE3, 0x7AE5, 0x7AED, 0x7AEF, 0x7AF6, 0x7AF9,
    0x7AFA, 0x7AFD, 0x7AFF, 0x7B06, 0x7B11, 0x7B19, 0x7B1B, 0x7B1E, 0x7B20, 0x7B26, 0x7B28, 0x7B2C,
    0x7B46, 0x7B49, 0x7B4B, 0x7B4D, 0x7B4F, 0x7B50, 0x7B52, 0x7B54, 0x7B56, 0x7B60, 0x7B75, 0x7B77,
    0x7B8B, 0x7B8F, 0x7B94, 0x7B95, 0x7B97, 0x7B9D, 0x7BA1, 0x7BAD, 0x7BB1, 0x7BB4, 0x7BC0, 0x7BC1,
    0x7BC4, 0x7BC6, 0x7BC7, 0x7BC9, 0x7BD9, 0x7BDB, 0x7BE1, 0x7BE4, 0x7BE9, 0x7BF7, 0x7BFE, 0x7C07,
    0x7C0D, 0x7C11, 0x7C1E, 0x7C21, 0x7C23, 0x7C27, 0x7C2A, 0x7C2B, 0x7C37, 0x7C38, 0x7C3D, 0x7C3E,
    0x7C3F, 0x7C43, 0x7C4C, 0x7C4D, 0x7C50, 0x7C5F, 0x7C60, 0x7C64, 0x7C6C, 0x7C6E, 0x7C72, 0x7C73,
    0x7C89, 0x7C92, 0x7C97, 0x7C9F, 0x7CA5, 0x7CB1, 0x7CB3, 0x7CB5, 0x7CB9, 0x7CBD, 0x7CBE, 0x7CCA,
    0x7CD5, 0x7CD6, 0x7CD9, 0x7CDC, 0x7CDE, 0x7CDF, 0x7CE0, 0x7CE2, 0x7CE7, 0x7CEF, 0x7CF8, 0x7CFB,
    0x7CFE, 0x7D00, 0x7D02, 0x7D04, 0x7D05, 0x7D07, 0x7D09, 0x7D0A, 0x7D0B, 0x7D0D, 0x7D10, 0x7D14,
    0x7D15, 0x7D17, 0x7D19, 0x7D1A, 0x7D1B, 0x7D1C, 0x7D20, 0x7D21, 0x7D22, 0x7D2B, 0x7D2E, 0x7D2F,
    0x7D30, 0x7D33, 0x7D39, 0x7D3C, 0x7D40, 0x7D42, 0x7D43, 0x7D44, 0x7D46, 0x7D50, 0x7D55, 0x7D5E,
    0x7D61, 0x7D62, 0x7D66, 0x7D68, 0x7D6E, 0x7D71, 0x7D72, 0x7D79, 0x7D81, 0x7D8F, 0x7D91, 0x7D93,
    0x7D9C, 0x7D9E, 0x7DA0, 0x7DA2, 0x7DAD, 0x7DB0, 0x7DB1, 0x7DB2, 0x7DB4, 0x7DB5, 0x7DB8, 0x7DBA,
    0x7DBB, 0x7DBD, 0x7DBE, 0x7DBF, 0x7DC7, 0x7DCA, 0x7DD2, 0x7DD8, 0x7DDA, 0x7DDD, 0x7DDE, 0x7DE0,
    0x7DE3, 0x7DE8, 0x7DE9, 0x7DEC, 0x7DEF, 0x7DF4, 0x7DFB, 0x7E08, 0x7E0A, 0x7E11, 0x7E1B, 0x7E23,
    0x7E2B, 0x7E2E, 0x7E31, 0x7E32, 0x7E37, 0x7E3D, 0x7E3E, 0x7E41, 0x7E43, 0x7E45, 0x7E46, 0x7E54,
    0x7E55, 0x7E5A, 0x7E5E, 0x7E61, 0x7E69, 0x7E6A, 0x7E6B, 0x7E6D, 0x7E79, 0x7E7C, 0x7E7D, 0x7E82,
    0x7E8C, 0x7E8F, 0x7E93, 0x7E96, 0x7E9C, 0x7F36, 0x7F38, 0x7F3A, 0x7F3D, 0x7F44, 0x7F48, 0x7F50,
    0x7F54, 0x7F55, 0x7F5F, 0x7F69, 0x7F6A, 0x7F6E, 0x7F70, 0x7F72, 0x7F75, 0x7F77, 0x7F79, 0x7F85,
    0x7F88, 0x7F8A, 0x7F8B, 0x7F8C, 0x7F8E, 0x7F94, 0x7F9A, 0x7F9E, 0x7FA4, 0x7FA8, 0x7FA9, 0x7FAF,
    0x7FB2, 0x7FB6, 0x7FB8, 0x7FB9, 0x7FBD, 0x7FBF, 0x7FC1, 0x7FC5, 0x7FCC, 0x7FCE, 0x7FD2, 0x7FD4,
    0x7FD5, 0x7FDF, 0x7FE0, 0x7FE1, 0x7FE9, 0x7FF0, 0x7FF1, 0x7FF3, 0x7FF9, 0x7FFB, 0x7FFC, 0x8000,
    0x8001, 0x8003, 0x8005, 0x8006, 0x800C, 0x800D, 0x8010, 0x8012, 0x8015, 0x8017, 0x8018, 0x8019,
    0x801C, 0x8033, 0x8036, 0x803D, 0x803F, 0x8046, 0x804A, 0x8056, 0x8058, 0x805A, 0x805E, 0x806F,
    0x8070, 0x8071, 0x8072, 0x8073, 0x8076, 0x8077, 0x807D, 0x807E, 0x807F, 0x8084, 0x8085, 0x8086,
    0x8087, 0x8089, 0x808B, 0x808C, 0x8093, 0x8096, 0x8098, 0x809A, 0x809B, 0x809D, 0x80A1, 0x80A2,
    0x80A5, 0x80A9, 0x80AA, 0x80AB, 0x80AF, 0x80B1, 0x80B2, 0x80B4, 0x80BA, 0x80C3, 0x80C4, 0x80CC,
    0x80CE, 0x80D6, 0x80DA, 0x80DB, 0x80DE, 0x80E1, 0x80E4, 0x80E5, 0x80ED, 0x80F0, 0x80F1, 0x80F3,
    0x80F4, 0x80F8, 0x80FD, 0x8102, 0x8105, 0x8106, 0x8108, 0x810A, 0x8116, 0x8123, 0x8129, 0x812B,
    0x812F, 0x8139, 0x813E, 0x8146, 0x814B, 0x814E, 0x8150, 0x8151, 0x8154, 0x8155, 0x8165, 0x8166,
    0x816B, 0x816E, 0x8170, 0x8171, 0x8173, 0x8178, 0x8179, 0x817A, 0x817F, 0x8180, 0x8188, 0x818A,
    0x818F, 0x819A, 0x819B, 0x819C, 0x819D, 0x81A0, 0x81A8, 0x81A9, 0x81B3, 0x81BA, 0x81BD, 0x81BE,
    0x81BF, 0x81C0, 0x81C2, 0x81C3, 0x81C6, 0x81C9, 0x81CD, 0x81CF, 0x81D8, 0x81DA, 0x81DF, 0x81E3,
    0x81E5, 0x81E7, 0x81E8, 0x81EA, 0x81EC, 0x81ED, 0x81F3, 0x81F4, 0x81FA, 0x81FB, 0x81FC, 0x81FE,
    0x8200, 0x8202, 0x8205, 0x8207, 0x8208, 0x8209, 0x820A, 0x820C, 0x820D, 0x8210, 0x8212, 0x8214,
    0x821B, 0x821C, 0x821E, 0x821F, 0x8222, 0x8228, 0x822A, 0x822B, 0x822C, 0x8235, 0x8236, 0x8237,
    0x8239, 0x8247, 0x8258, 0x8259, 0x8266, 0x826E, 0x826F, 0x8271, 0x8272, 0x827E, 0x828B, 0x828D,
    0x8292, 0x8299, 0x829D, 0x829F, 0x82A5, 0x82AC, 0x82AD, 0x82B1, 0x82B3, 0x82B9, 0x82BB, 0x82BD,
    0x82D1, 0x82D2, 0x82D3, 0x82D4, 0x82D7, 0x82DB, 0x82DC, 0x82DE, 0x82DF, 0x82E3, 0x82E5, 0x82E6,
    0x82E7, 0x82F1, 0x8301, 0x8302, 0x8303, 0x8304, 0x8305, 0x8309, 0x8317, 0x832B, 0x8331, 0x8332,
    0x8334, 0x8335, 0x8336, 0x8338, 0x8339, 0x8340, 0x8349, 0x834A, 0x834F, 0x8350, 0x8352, 0x8354,
    0x8377, 0x8378, 0x837B, 0x837C, 0x8389, 0x838A, 0x838E, 0x8392, 0x8393, 0x8396, 0x8398, 0x839E,
    0x83A0, 0x83A2, 0x83AB, 0x83BD, 0x83C1, 0x83C5, 0x83CA, 0x83CC, 0x83DC, 0x83E0, 0x83E9, 0x83EF,
    0x83F0, 0x83F1, 0x83F2, 0x83F4, 0x83F8, 0x83FD, 0x8403, 0x8404, 0x840A, 0x840B, 0x840C, 0x840D,
    0x840E, 0x842C, 0x8431, 0x8435, 0x8438, 0x843C, 0x843D, 0x8449, 0x8457, 0x845B, 0x8461, 0x8463,
    0x8466, 0x8469, 0x846B, 0x846C, 0x8475, 0x8477, 0x8482, 0x8490, 0x8499, 0x849C, 0x849E, 0x84B2,
    0x84B8, 0x84BC, 0x84BF, 0x84C0, 0x84C4, 0x84C6, 0x84C9, 0x84CB, 0x84D3, 0x84EC, 0x84EE, 0x84FF,
    0x8511, 0x8513, 0x8514, 0x8517, 0x851A, 0x8521, 0x8523, 0x8525, 0x852C, 0x852D, 0x853D, 0x8543,
    0x8548, 0x8549, 0x854A, 0x8559, 0x8568, 0x8569, 0x856A, 0x856D, 0x857E, 0x8584, 0x8587, 0x8591,
    0x8594, 0x859B, 0x859C, 0x85A9, 0x85AA, 0x85AF, 0x85B0, 0x85C9, 0x85CD, 0x85CF, 0x85D0, 0x85D5,
    0x85DD, 0x85E4, 0x85E5, 0x85E9, 0x85EA, 0x85F9, 0x85FA, 0x85FB, 0x8606, 0x8607, 0x860A, 0x860B,
    0x8611, 0x8617, 0x861A, 0x862D, 0x8638, 0x863F, 0x864E, 0x8650, 0x8654, 0x8655, 0x865B, 0x865C,
    0x865E, 0x865F, 0x8667, 0x866B, 0x8671, 0x8679, 0x868A, 0x868C, 0x8693, 0x86A3, 0x86A4, 0x86A9,
    0x86AA, 0x86AF, 0x86B1, 0x86B5, 0x86B6, 0x86C0, 0x86C4, 0x86C6, 0x86C7, 0x86CB, 0x86D4, 0x86D9,
    0x86DB, 0x86DF, 0x86E4, 0x86ED, 0x86F9, 0x86FB, 0x86FE, 0x8700, 0x8702, 0x8703, 0x8707, 0x8708,
    0x8713, 0x8718, 0x871C, 0x8722, 0x8725, 0x8734, 0x873B, 0x873F, 0x874C, 0x8755, 0x8757, 0x8759,
    0x8760, 0x8766, 0x8768, 0x8774, 0x8776, 0x8778, 0x8782, 0x8783, 0x878D, 0x879E, 0x879F, 0x87A2,
    0x87AB, 0x87B3, 0x87BA, 0x87BB, 0x87C0, 0x87C6, 0x87C8, 0x87CB, 0x87D1, 0x87D2, 0x87EC, 0x87EF,
    0x87F2, 0x87F9, 0x87FB, 0x8805, 0x880D, 0x8814, 0x8815, 0x881F, 0x8821, 0x8822, 0x8823, 0x8831,
    0x8836, 0x8839, 0x883B, 0x8840, 0x884C, 0x884D, 0x8853, 0x8857, 0x8859, 0x885B, 0x885D, 0x8861,
    0x8862, 0x8863, 0x8868, 0x886B, 0x8870, 0x8877, 0x8881, 0x8882, 0x8888, 0x888B, 0x888D, 0x8892,
    0x8896, 0x889E, 0x88AB, 0x88B1, 0x88C1, 0x88C2, 0x88CA, 0x88D4, 0x88D5, 0x88D8, 0x88D9, 0x88DC,
    0x88DD, 0x88DF, 0x88E1, 0x88E8, 0x88F3, 0x88F4, 0x88F8, 0x88F9, 0x88FD, 0x8902, 0x8907, 0x8910,
    0x8912, 0x8913, 0x891A, 0x8925, 0x892A, 0x892B, 0x8932, 0x8936, 0x8938, 0x893B, 0x8944, 0x8956,
    0x895F, 0x8960, 0x8964, 0x896A, 0x896F, 0x8972, 0x897F, 0x8981, 0x8983, 0x8986, 0x898B, 0x898F,
    0x8993, 0x8996, 0x89A6, 0x89AA, 0x89AC, 0x89B2, 0x89BA, 0x89BD, 0x89C0, 0x89D2, 0x89E3, 0x89F4,
    0x89F8, 0x8A00, 0x8A02, 0x8A03, 0x8A08, 0x8A0A, 0x8A0C, 0x8A0E, 0x8A10, 0x8A13, 0x8A15, 0x8A16,
    0x8A17, 0x8A18, 0x8A1B, 0x8A1D, 0x8A1F, 0x8A23, 0x8A25, 0x8A2A, 0x8A2D, 0x8A31, 0x8A34, 0x8A3A,
    0x8A3B, 0x8A3C, 0x8A41, 0x8A46, 0x8A50, 0x8A54, 0x8A55, 0x8A5B, 0x8A5E, 0x8A60, 0x8A62, 0x8A63,
    0x8A66, 0x8A69, 0x8A6B, 0x8A6C, 0x8A6D, 0x8A6E, 0x8A70, 0x8A71, 0x8A72, 0x8A73, 0x8A79, 0x8A7C,
    0x8A85, 0x8A87, 0x8A8C, 0x8A8D, 0x8A91, 0x8A93, 0x8A95, 0x8A98, 0x8A9E, 0x8AA0, 0x8AA1, 0x8AA3,
    0x8AA4, 0x8AA5, 0x8AA6, 0x8AA8, 0x8AAA, 0x8AB0, 0x8AB2, 0x8ABC, 0x8ABF, 0x8AC2, 0x8AC4, 0x8AC7,
    0x8AC9, 0x8ACB, 0x8ACD, 0x8AD2, 0x8AD6, 0x8ADC, 0x8AE6, 0x8AE7, 0x8AEB, 0x8AED, 0x8AEE, 0x8AF1,
    0x8AF7, 0x8AF8, 0x8AFA, 0x8AFE, 0x8B00, 0x8B01, 0x8B02, 0x8B04, 0x8B0A, 0x8B0E, 0x8B17, 0x8B19,
    0x8B1B, 0x8B1D, 0x8B20, 0x8B28, 0x8B2C, 0x8B39, 0x8B41, 0x8B49, 0x8B4E, 0x8B4F, 0x8B58, 0x8B5A,
    0x8B5C, 0x8B66, 0x8B6C, 0x8B6F, 0x8B70, 0x8B74, 0x8B77, 0x8B7D, 0x8B80, 0x8B8A, 0x8B92, 0x8B93,
    0x8B96, 0x8B9A, 0x8C37, 0x8C3F, 0x8C41, 0x8C46, 0x8C48, 0x8C49, 0x8C4C, 0x8C4E, 0x8C50, 0x8C54,
    0x8C55, 0x8C5A, 0x8C61, 0x8C62, 0x8C6A, 0x8C6B, 0x8C6C, 0x8C79, 0x8C7A, 0x8C82, 0x8C89, 0x8C8A,
    0x8C8C, 0x8C8D, 0x8C93, 0x8C9D, 0x8C9E, 0x8CA0, 0x8CA1, 0x8CA2, 0x8CA7, 0x8CA8, 0x8CA9, 0x8CAA,
    0x8CAB, 0x8CAC, 0x8CAF, 0x8CB2, 0x8CB3, 0x8CB4, 0x8CB6, 0x8CB7, 0x8CB8, 0x8CBB, 0x8CBC, 0x8CBD,
    0x8CBF, 0x8CC0, 0x8CC1, 0x8CC2, 0x8CC3, 0x8CC4, 0x8CC5, 0x8CC7, 0x8CC8, 0x8CCA, 0x8CD1, 0x8CD2,
    0x8CD3, 0x8CDC, 0x8CDE, 0x8CE0, 0x8CE2, 0x8CE3, 0x8CE4, 0x8CE6, 0x8CEA, 0x8CEC, 0x8CED, 0x8CF4,
    0x8CFA, 0x8CFC, 0x8CFD, 0x8D05, 0x8D08, 0x8D0A, 0x8D0D, 0x8D0F, 0x8D13, 0x8D16, 0x8D17, 0x8D1B,
    0x8D64, 0x8D66, 0x8D67, 0x8D6B, 0x8D6D, 0x8D70, 0x8D73, 0x8D74, 0x8D77, 0x8D81, 0x8D85, 0x8D8A,
    0x8D95, 0x8D99, 0x8D9F, 0x8DA3, 0x8DA8, 0x8DB3, 0x8DB4, 0x8DBE, 0x8DC6, 0x8DCB, 0x8DCC, 0x8DCE,
    0x8DD1, 0x8DDA, 0x8DDB, 0x8DDD, 0x8DDF, 0x8DE1, 0x8DE8, 0x8DEA, 0x8DEF, 0x8DF3, 0x8DFA, 0x8DFC,
    0x8E0F, 0x8E10, 0x8E1D, 0x8E1F, 0x8E22, 0x8E29, 0x8E2B, 0x8E31, 0x8E34, 0x8E35, 0x8E39, 0x8E42,
    0x8E44, 0x8E48, 0x8E49, 0x8E4A, 0x8E4B, 0x8E59, 0x8E63, 0x8E64, 0x8E66, 0x8E6C, 0x8E72, 0x8E76,
    0x8E7A, 0x8E7C, 0x8E81, 0x8E82, 0x8E85, 0x8E87, 0x8E89, 0x8E8A, 0x8E8D, 0x8E91, 0x8EA1, 0x8EAA,
    0x8EAB, 0x8EAC, 0x8EB2, 0x8EBA, 0x8EC0, 0x8ECA, 0x8ECB, 0x8ECC, 0x8ECD, 0x8ED2, 0x8ED4, 0x8EDB,
    0x8EDF, 0x8EF8, 0x8EFB, 0x8EFC, 0x8EFE, 0x8F03, 0x8F09, 0x8F0A, 0x8F12, 0x8F13, 0x8F14, 0x8F15,
    0x8F1B, 0x8F1C, 0x8F1D, 0x8F1F, 0x8F26, 0x8F29, 0x8F2A, 0x8F2F, 0x8F38, 0x8F3B, 0x8F3E, 0x8F3F,
    0x8F42, 0x8F44, 0x8F45, 0x8F49, 0x8F4D, 0x8F4E, 0x8F54, 0x8F5F, 0x8F61, 0x8F9B, 0x8F9C, 0x8F9F,
    0x8FA3, 0x8FA6, 0x8FA8, 0x8FAD, 0x8FAE, 0x8FAF, 0x8FB0, 0x8FB1, 0x8FB2, 0x8FC2, 0x8FC4, 0x8FC5,
    0x8FC6, 0x8FCE, 0x8FD1, 0x8FD4, 0x8FE2, 0x8FE5, 0x8FE6, 0x8FEA, 0x8FEB, 0x8FED, 0x8FF0, 0x8FF4,
    0x8FF7, 0x8FFA, 0x8FFD, 0x9000, 0x9001, 0x9003, 0x9005, 0x9006, 0x900D, 0x900F, 0x9010, 0x9014,
    0x9015, 0x9016, 0x9017, 0x9019, 0x901A, 0x901B, 0x901D, 0x901E, 0x901F, 0x9020, 0x9022, 0x9023,
    0x902E, 0x9031, 0x9032, 0x9035, 0x9038, 0x903C, 0x903E, 0x9041, 0x9042, 0x9047, 0x904A, 0x904B,
    0x904D, 0x904E, 0x904F, 0x9050, 0x9051, 0x9053, 0x9054, 0x9055, 0x9058, 0x9059, 0x905C, 0x905E,
    0x9060, 0x9063, 0x9068, 0x9069, 0x906D, 0x906E, 0x9072, 0x9074, 0x9075, 0x9077, 0x9078, 0x907A,
    0x907C, 0x907D, 0x907F, 0x9080, 0x9081, 0x9082, 0x9084, 0x9087, 0x908A, 0x908F, 0x9090, 0x9091,
    0x9095, 0x90A2, 0x90A3, 0x90A6, 0x90AA, 0x90B1, 0x90B5, 0x90B8, 0x90C1, 0x90CA, 0x90CE, 0x90E1,
    0x90E8, 0x90ED, 0x90F5, 0x90FD, 0x9102, 0x9109, 0x9112, 0x9119, 0x9127, 0x912D, 0x9130, 0x9131,
    0x9139, 0x9149, 0x914A, 0x914B, 0x914C, 0x914D, 0x9152, 0x9157, 0x9163, 0x9165, 0x9169, 0x916A,
    0x916C, 0x9175, 0x9177, 0x9178, 0x9183, 0x9187, 0x9189, 0x918B, 0x9192, 0x919C, 0x919E, 0x91A3,
    0x91AB, 0x91AC, 0x91BA, 0x91C0, 0x91C1, 0x91C7, 0x91C9, 0x91CB, 0x91CC, 0x91CD, 0x91CE, 0x91CF,
    0x91D0, 0x91D1, 0x91D7, 0x91D8, 0x91DC, 0x91DD, 0x91E3, 0x91E6, 0x91E7, 0x91F5, 0x9209, 0x920D,
    0x9210, 0x9214, 0x9215, 0x921E, 0x9223, 0x9234, 0x9237, 0x9238, 0x923D, 0x923E, 0x9240, 0x924B,
    0x9251, 0x9257, 0x925B, 0x9264, 0x9278, 0x927B, 0x9280, 0x9285, 0x9293, 0x9296, 0x9298, 0x929C,
    0x92AC, 0x92B3, 0x92B7, 0x92BB, 0x92BC, 0x92C1, 0x92C5, 0x92D2, 0x92E4, 0x92EA, 0x92F8, 0x92FC,
    0x9304, 0x9310, 0x9318, 0x931A, 0x9320, 0x9322, 0x9326, 0x9328, 0x932B, 0x932F, 0x9333, 0x9336,
    0x934A, 0x934B, 0x934D, 0x935B, 0x9365, 0x936C, 0x9370, 0x9375, 0x937E, 0x9382, 0x938A, 0x9394,
    0x9396, 0x93A2, 0x93AE, 0x93B3, 0x93C3, 0x93C8, 0x93CD, 0x93D1, 0x93D6, 0x93D7, 0x93D8, 0x93DC,
    0x93DD, 0x93DF, 0x93E1, 0x93E2, 0x93E4, 0x93FD, 0x9403, 0x9418, 0x942E, 0x9432, 0x9433, 0x9435,
    0x9438, 0x943A, 0x9444, 0x9451, 0x9452, 0x9460, 0x9463, 0x9470, 0x9472, 0x947C, 0x947D, 0x947E,
    0x947F, 0x9577, 0x9580, 0x9582, 0x9583, 0x9589, 0x958B, 0x958F, 0x9591, 0x9592, 0x9593, 0x9594,
    0x9598, 0x95A1, 0x95A3, 0x95A4, 0x95A5, 0x95A8, 0x95A9, 0x95AD, 0x95B1, 0x95BB, 0x95C6, 0x95C8,
    0x95CA, 0x95CB, 0x95CC, 0x95D0, 0x95D4, 0x95D6, 0x95DC, 0x95E1, 0x95E2, 0x961C, 0x9621, 0x962A,
    0x962E, 0x9631, 0x9632, 0x963B, 0x963F, 0x9640, 0x9644, 0x964B, 0x964C, 0x964D, 0x9650, 0x965B,
    0x965D, 0x9661, 0x9662, 0x9663, 0x9664, 0x966A, 0x9670, 0x9672, 0x9673, 0x9674, 0x9675, 0x9676,
    0x9677, 0x9678, 0x967D, 0x9685, 0x9686, 0x968A, 0x968B, 0x968D, 0x968E, 0x9694, 0x9695, 0x9698,
    0x9699, 0x969B, 0x969C, 0x96A7, 0x96A8, 0x96AA, 0x96B1, 0x96B4, 0x96B8, 0x96BB, 0x96C0, 0x96C1,
    0x96C4, 0x96C5, 0x96C6, 0x96C7, 0x96C9, 0x96CB, 0x96CC, 0x96CD, 0x96D5, 0x96D6, 0x96D9, 0x96DB,
    0x96DC, 0x96DE, 0x96E2, 0x96E3, 0x96E8, 0x96EA, 0x96EF, 0x96F2, 0x96F6, 0x96F7, 0x96F9, 0x96FB,
    0x9700, 0x9704, 0x9706, 0x9707, 0x9709, 0x970D, 0x970E, 0x970F, 0x9711, 0x9713, 0x9716, 0x971C,
    0x971E, 0x9727, 0x972A, 0x9732, 0x9738, 0x9739, 0x973D, 0x973E, 0x9742, 0x9744, 0x9748, 0x9752,
    0x9756, 0x975B, 0x975C, 0x975E, 0x9760, 0x9761, 0x9762, 0x9766, 0x9768, 0x9769, 0x9774, 0x9776,
    0x977C, 0x9785, 0x978B, 0x978D, 0x978F, 0x9798, 0x97A0, 0x97A3, 0x97A6, 0x97AD, 0x97C1, 0x97C3,
    0x97C6, 0x97CB, 0x97CC, 0x97D3, 0x97DC, 0x97ED, 0x97F3, 0x97F6, 0x97FB, 0x97FF, 0x9801, 0x9802,
    0x9803, 0x9805, 0x9806, 0x9808, 0x980A, 0x980C, 0x9810, 0x9811, 0x9812, 0x9813, 0x9817, 0x9818,
    0x9821, 0x9824, 0x982D, 0x9830, 0x9837, 0x9838, 0x9839, 0x983B, 0x9846, 0x984C, 0x984D, 0x984E,
    0x984F, 0x9853, 0x9858, 0x985B, 0x985E, 0x9867, 0x986B, 0x986F, 0x9870, 0x9871, 0x98A8, 0x98AF,
    0x98B1, 0x98B3, 0x98B6, 0x98BA, 0x98BC, 0x98C4, 0x98DB, 0x98DF, 0x98E2, 0x98E7, 0x98E9, 0x98EA,
    0x98ED, 0x98EF, 0x98F2, 0x98F4, 0x98FC, 0x98FD, 0x98FE, 0x9903, 0x9905, 0x9909, 0x990A, 0x990C,
    0x9910, 0x9912, 0x9913, 0x9918, 0x991B, 0x991E, 0x9921, 0x9928, 0x9935, 0x993D, 0x993E, 0x993F,
    0x9945, 0x9951, 0x9952, 0x995C, 0x995E, 0x9996, 0x9999, 0x99A5, 0x99A8, 0x99AC, 0x99AD, 0x99AE,
    0x99B1, 0x99B3, 0x99B4, 0x99C1, 0x99D0, 0x99D1, 0x99D2, 0x99D5, 0x99D9, 0x99DB, 0x99DD, 0x99DF,
    0x99E2, 0x99ED, 0x99F1, 0x99FF, 0x9A01, 0x9A0E, 0x9A16, 0x9A19, 0x9A2B, 0x9A30, 0x9A37, 0x9A3E,
    0x9A40, 0x9A43, 0x9A45, 0x9A55, 0x9A57, 0x9A5A, 0x9A5B, 0x9A5F, 0x9A62, 0x9A65, 0x9A6A, 0x9AA8,
    0x9AAF, 0x9AB0, 0x9AB7, 0x9AB8, 0x9ABC, 0x9ACF, 0x9AD2, 0x9AD3, 0x9AD4, 0x9AD8, 0x9AE6, 0x9AED,
    0x9AEE, 0x9AEF, 0x9AFB, 0x9B03, 0x9B06, 0x9B0D, 0x9B1A, 0x9B22, 0x9B25, 0x9B27, 0x9B28, 0x9B31,
    0x9B32, 0x9B3C, 0x9B41, 0x9B42, 0x9B44, 0x9B45, 0x9B4F, 0x9B54, 0x9B58, 0x9B5A, 0x9B6F, 0x9B77,
    0x9B91, 0x9BAA, 0x9BAB, 0x9BAE, 0x9BC9, 0x9BCA, 0x9BE7, 0x9BE8, 0x9BFD, 0x9C0D, 0x9C13, 0x9C25,
    0x9C2D, 0x9C31, 0x9C3B, 0x9C3E, 0x9C49, 0x9C54, 0x9C56, 0x9C57, 0x9C77, 0x9C78, 0x9CE5, 0x9CE9,
    0x9CF3, 0x9CF4, 0x9CF6, 0x9D06, 0x9D09, 0x9D12, 0x9D15, 0x9D1B, 0x9D23, 0x9D26, 0x9D28, 0x9D3B,
    0x9D3F, 0x9D51, 0x9D5D, 0x9D60, 0x9D61, 0x9D6A, 0x9D6C, 0x9D72, 0x9D89, 0x9DAF, 0x9DB4, 0x9DC2,
    0x9DD3, 0x9DD7, 0x9DE5, 0x9DF9, 0x9DFA, 0x9E1A, 0x9E1E, 0x9E79, 0x9E7C, 0x9E7D, 0x9E7F, 0x9E82,
    0x9E8B, 0x9E92, 0x9E93, 0x9E97, 0x9E9D, 0x9E9F, 0x9EA5, 0x9EA9, 0x9EB4, 0x9EB5, 0x9EBB, 0x9EBC,
    0x9EBE, 0x9EC3, 0x9ECD, 0x9ECE, 0x9ECF, 0x9ED1, 0x9ED4, 0x9ED8, 0x9EDB, 0x9EDC, 0x9EDD, 0x9EDE,
    0x9EE0, 0x9EE8, 0x9EEF, 0x9EF4, 0x9EF7, 0x9F07, 0x9F0E, 0x9F13, 0x9F15, 0x9F19, 0x9F20, 0x9F2C,
    0x9F34, 0x9F3B, 0x9F3E, 0x9F4A, 0x9F4B, 0x9F52, 0x9F5C, 0x9F5F, 0x9F61, 0x9F63, 0x9F66, 0x9F6A,
    0x9F6C, 0x9F72, 0x9F77, 0x9F8D, 0x9F90, 0x9F94, 0x9F9C, 0xFF01, 0xFF05, 0xFF06, 0xFF08, 0xFF09,
    0xFF0C, 0xFF0F, 0xFF1A, 0xFF1B, 0xFF5E,
};

static const uint8_t utf8_10x10_data[66209] PROGMEM = {
    0x00, 0x00, 0x00, 0x00, 0x00, 0x0A, 0x10, 0xE0, 0x00, 0x01, 0x0A, 0x00, 0x00, 0x00, 0x20, 0x80,
    0x00, 0x01, 0x04, 0x08, 0x20, 0x80, 0x00, 0x01, 0x04, 0x00, 0x00, 0x0C, 0x40, 0x80, 0x00, 0x01,
    0x1C, 0x00, 0x00, 0x00, 0x00, 0x00, 0x00, 0x00, 0x00, 0x00, 0x00, 0x11, 0x28, 0x40, 0x00, 0x00,
    0x00, 0x00, 0x00, 0x00, 0x00, 0x00, 0x00, 0x04, 0x08, 0x10, 0x20, 0x40, 0x00, 0x00, 0x00, 0x00,
    0x00, 0x00, 0x00, 0x40, 0x00, 0x02, 0x10, 0x80, 0x00, 0x04, 0x00, 0x00, 0x00, 0x00, 0x00, 0x00,
    0x00, 0x00, 0x0E, 0x38, 0xE0, 0x00, 0x00, 0x00, 0x00, 0x00, 0x00, 0x00, 0x70, 0x00, 0x01, 0x0A,
    0x28, 0x10, 0xC1, 0x87, 0x20, 0x82, 0x00, 0x00, 0x00, 0xF8, 0x40, 0x04, 0x11, 0x7C, 0x10, 0x42,
    0x08, 0x21, 0x7E, 0x00, 0x00, 0x00, 0xF0, 0x83, 0x08, 0x02, 0x08, 0x20, 0x80, 0x00, 0x02, 0x3C,
    0x00, 0x00, 0x00, 0x40, 0x00, 0x01, 0x0A, 0x28, 0x10, 0x41, 0x84, 0x20, 0xFE, 0x00, 0x00, 0x00,
    0xF8, 0x43, 0x08, 0x09, 0x3C, 0x90, 0x40, 0x00, 0x21, 0xFE, 0x00, 0x00, 0x00, 0xF0, 0x43, 0x08,
    0x10, 0x20, 0x40, 0x80, 0x08, 0x21, 0xFC, 0x00, 0x00, 0x00, 0x38, 0x47, 0x08, 0x21, 0xFC, 0x10,
    0x42, 0x08, 0x21, 0xCE, 0x01, 0x00, 0x00, 0xE0, 0x41, 0x88, 0x52, 0x7A, 0x29, 0x25, 0x10, 0x21,
    0x78, 0x00, 0x00, 0x00, 0xE0, 0x00, 0x01, 0x04, 0x10, 0x40, 0x00, 0x01, 0x04, 0x38, 0x00, 0x00,
    0x00, 0xB8, 0x43, 0x02, 0x05, 0x0C, 0x50, 0x40, 0x02, 0x11, 0xEE, 0x00, 0x00, 0x00, 0x70, 0x00,
    0x01, 0x0A, 0x28, 0x10, 0x41, 0x84, 0x20, 0xE2, 0x00, 0x00, 0x00, 0x1C, 0x67, 0x8C, 0x2A, 0xAA,
    0x48, 0x22, 0x89, 0x20, 0xC7, 0x01, 0x00, 0x00, 0x38, 0xC7, 0x08, 0x25, 0x94, 0x90, 0x42, 0x0A,
    0x31, 0xCE, 0x00, 0x00, 0x00, 0xE0, 0x47, 0x08, 0x00, 0x78, 0x00, 0x00, 0x00, 0x21, 0x7E, 0x00,
    0x00, 0x00, 0xE0, 0x40, 0x84, 0x20, 0x82, 0x08, 0x22, 0x08, 0x11, 0x38, 0x00, 0x00, 0x00, 0xF8,
    0x43, 0x04, 0x11, 0x44, 0x10, 0x41, 0x04, 0x11, 0xEE, 0x00, 0x00, 0x00, 0xF0, 0x81, 0x08, 0x22,
    0x88, 0xE0, 0x81, 0x00, 0x02, 0x1C, 0x00, 0x00, 0x00, 0xF0, 0x83, 0x08, 0x04, 0x20, 0x40, 0x80,
    0x08, 0x21, 0xFC, 0x00, 0x00, 0x00, 0xF8, 0x23, 0x89, 0x24, 0x10, 0x40, 0x00, 0x01, 0x04, 0x38,
    0x00, 0x00, 0x00, 0x18, 0x93, 0x12, 0x04, 0x10, 0x40, 0x00, 0x01, 0x04, 0x38, 0x00, 0x00, 0x00,
    0xF0, 0x01, 0x01, 0x1F, 0x92, 0x48, 0xC2, 0x07, 0x04, 0x7C, 0x00, 0x00, 0x00, 0xB8, 0x43, 0x04,
    0x0A, 0x10, 0x40, 0x80, 0x02, 0x11, 0xEE, 0x00, 0x00, 0x00, 0xE0, 0x20, 0x49, 0x55, 0x54, 0xE0,
    0x00, 0x01, 0x04, 0x38, 0x00, 0x00, 0x00, 0xE0, 0x40, 0x84, 0x20, 0x82, 0x08, 0x42, 0x84, 0x2A,
    0xEE, 0x00, 0x00, 0x00, 0x00, 0x00, 0x00, 0x46, 0xA4, 0x88, 0x21, 0x82, 0x0C, 0x4C, 0x00, 0x00,
    0x70, 0x20, 0x82, 0x08, 0x1D, 0x44, 0x10, 0xA2, 0x88, 0x1C, 0x02, 0x08, 0x00, 0x00, 0x00, 0x00,
    0x00, 0x33, 0x32, 0x40, 0x80, 0x00, 0x02, 0x04, 0x10, 0x00, 0x00, 0xC0, 0x81, 0x08, 0x04, 0x28,
    0x10, 0x21, 0x84, 0x08, 0x1C, 0x00, 0x00, 0x00, 0x00, 0x00, 0x00, 0x1C, 0x88, 0xE0, 0x40, 0x00,
    0x21, 0x78, 0x00, 0x00, 0xC8, 0x90, 0x80, 0x01, 0x02, 0x04, 0x10, 0x80, 0x00, 0x04, 0x20, 0x70,
    0x00, 0x00, 0x00, 0xC0, 0x86, 0x26, 0x88, 0x10, 0x41, 0x84, 0x08, 0x20, 0x80, 0x00, 0x00, 0xC0,
    0x81, 0x08, 0x21, 0xFC, 0x08, 0x21, 0x84, 0x08, 0x1C, 0x00, 0x00, 0x00, 0x00, 0x80, 0x00, 0x02,
    0x04, 0x10, 0x20, 0x88, 0x18, 0x1C, 0x00, 0x00, 0x00, 0x00, 0x00, 0x00, 0x62, 0x48, 0x90, 0xC0,
    0x81, 0x24, 0x62, 0x00, 0x00, 0x00, 0x60, 0x00, 0x02, 0x08, 0x20, 0xE0, 0x40, 0x82, 0x10, 0x81,
    0x01, 0x00, 0x00, 0x00, 0x80, 0x08, 0x22, 0x44, 0x10, 0x41, 0x92, 0x36, 0x02, 0x08, 0x00, 0x00,
    0x00, 0x00, 0x80, 0x41, 0x08, 0x21, 0x42, 0x04, 0x0D, 0x0C, 0x00, 0x00, 0xE0, 0x40, 0x80, 0x0F,
    0x01, 0x7C, 0x08, 0xC0, 0x01, 0x08, 0x20, 0x70, 0x00, 0x00, 0x00, 0x00, 0x00, 0x1C, 0x88, 0x10,
    0x42, 0x08, 0x11, 0x38, 0x00, 0x00, 0x00, 0x00, 0x00, 0x10, 0x3F, 0x4A, 0x20, 0x41, 0x02, 0x49,
    0xC2, 0x00, 0x00, 0x00, 0x00, 0x00, 0x07, 0x22, 0x84, 0x10, 0x42, 0x84, 0x0E, 0x02, 0x08, 0x00,
    0x00, 0x00, 0x00, 0x10, 0x3E, 0x44, 0x08, 0x21, 0x84, 0x08, 0x1C, 0x00, 0x00, 0x00, 0x00, 0x00,
    0x10, 0x3F, 0x12, 0x40, 0x80, 0x10, 0x22, 0x70, 0x00, 0x00, 0x00, 0x00, 0x40, 0x04, 0x21, 0x84,
    0x08, 0x21, 0x84, 0x08, 0x1C, 0x00, 0x00, 0x20, 0x80, 0x80, 0x07, 0x25, 0x92, 0x48, 0x22, 0x05,
    0x0F, 0x08, 0x20, 0x00, 0x00, 0x00, 0xC0, 0x10, 0x24, 0x50, 0xC0, 0x80, 0x01, 0x05, 0x22, 0x04,
    0x03, 0x20, 0x80, 0x30, 0x12, 0x45, 0x94, 0x48, 0x22, 0x05, 0x0F, 0x08, 0x20, 0x00, 0x00, 0x00,
    0x00, 0x00, 0x21, 0x12, 0x49, 0x14, 0x51, 0x4A, 0xC6, 0x00, 0x00, 0x00, 0x40, 0x82, 0x04, 0x36,
    0xD8, 0x00, 0x00, 0x00, 0x00, 0x00, 0x00, 0x00, 0x00, 0xD8, 0x60, 0x03, 0x09, 0x12, 0x00, 0x00,
    0x00, 0x00, 0x00, 0x00, 0x00, 0x00, 0x00, 0x00, 0x00, 0x00, 0x00, 0xD8, 0x66, 0x1B, 0x00, 0x00,
    0x00, 0x00, 0x00, 0x10, 0xA0, 0x0C, 0x49, 0x20, 0x80, 0x00, 0x02, 0x48, 0xC0, 0x00, 0x00, 0x00,
    0x10, 0xA0, 0x1E, 0x09, 0x20, 0x80, 0x03, 0x02, 0x08, 0x20, 0x00, 0x00, 0x00, 0xC0, 0x80, 0x04,
    0x10, 0x70, 0x20, 0x41, 0x04, 0x11, 0x24, 0x60, 0x00, 0x00, 0xFC, 0xF7, 0x9F, 0x21, 0x44, 0x30,
    0x81, 0x02, 0x0E, 0x10, 0x00, 0x00, 0x00, 0x00, 0x00, 0x00, 0x00, 0x10, 0x80, 0x00, 0x02, 0x00,
    0x00, 0x00, 0x00, 0x00, 0x00, 0x00, 0x00, 0x00, 0x30, 0x20, 0x81, 0x04, 0x0C, 0x00, 0x00, 0x00,
    0x00, 0x80, 0x03, 0x02, 0x08, 0x20, 0x80, 0x00, 0x02, 0x08, 0x00, 0x00, 0x00, 0x00, 0x00, 0x00,
    0x00, 0x02, 0x08, 0x20, 0x80, 0x00, 0x02, 0x08, 0x38, 0x00, 0x00, 0x00, 0x80, 0x80, 0x0F, 0x08,
    0xF0, 0xA1, 0x4A, 0x26, 0x89, 0x98, 0x01, 0x00, 0x20, 0xE0, 0x0F, 0x02, 0x7C, 0xA8, 0x92, 0x52,
    0x44, 0x09, 0x19, 0x03, 0x00, 0x00, 0x00, 0x80, 0x10, 0x42, 0x08, 0x22, 0x88, 0x22, 0x8A, 0x10,
    0x00, 0x00, 0x00, 0x10, 0x44, 0x20, 0x81, 0x04, 0x14, 0x50, 0x42, 0x09, 0x18, 0x00, 0x00, 0x00,
    0xC0, 0x03, 0x00, 0x7C, 0x08, 0x02, 0x08, 0x20, 0x60, 0x70, 0x00, 0x00, 0xF0, 0x00, 0x00, 0x1F,
    0x83, 0x00, 0x02, 0x08, 0x20, 0x60, 0x70, 0x00, 0x00, 0x00, 0xC0, 0x03, 0x00, 0x7E, 0x80, 0x00,
    0x01, 0x0A, 0x24, 0x08, 0x03, 0x00, 0xF0, 0x00, 0xC0, 0x1F, 0x20, 0x40, 0x80, 0x01, 0x09, 0x22,
    0x04, 0x07, 0x00, 0x00, 0x80, 0x88, 0x4F, 0x08, 0xF0, 0xA1, 0x48, 0x22, 0x89, 0x98, 0x01, 0x00,
    0x20, 0xF2, 0x13, 0x02, 0x7C, 0x28, 0x92, 0x50, 0x42, 0x09, 0x19, 0x03, 0x00, 0x10, 0x40, 0xC4,
    0x27, 0x24, 0x91, 0x44, 0x82, 0x08, 0x22, 0x64, 0x00, 0x00, 0x10, 0x45, 0xD4, 0x27, 0x24, 0x91,
    0x44, 0x82, 0x08, 0x22, 0x64, 0x00, 0x00, 0x40, 0xE0, 0x0F, 0x08, 0xFF, 0x01, 0xC1, 0x8F, 0x20,
    0x02, 0xF0, 0x01, 0x00, 0x40, 0xE5, 0x17, 0x08, 0xFF, 0x01, 0xC1, 0x8F, 0x20, 0x02, 0xF0, 0x01,
    0x00, 0x00, 0x02, 0x04, 0x0C, 0x0C, 0x08, 0xC0, 0x00, 0x0C, 0x40, 0x00, 0x02, 0x00, 0x00, 0x01,
    0x02, 0x56, 0x46, 0x05, 0x60, 0x00, 0x06, 0x20, 0x00, 0x01, 0x00, 0x08, 0x21, 0x44, 0x7E, 0x41,
    0x04, 0x11, 0x84, 0x10, 0x22, 0x60, 0x00, 0x00, 0x08, 0x25, 0x54, 0x3E, 0x41, 0x04, 0x11, 0x84,
    0x10, 0x22, 0x60, 0x00, 0x00, 0x00, 0xE0, 0x07, 0x00, 0x00, 0x00, 0x20, 0x40, 0x00, 0x01, 0xF8,
    0x03, 0x00, 0x00, 0xE5, 0x15, 0x00, 0x00, 0x00, 0x20, 0x40, 0x00, 0x01, 0xF8, 0x03, 0x00, 0x40,
    0xF0, 0x0F, 0x08, 0x20, 0xF8, 0x11, 0x44, 0x00, 0x01, 0xF8, 0x01, 0x00, 0x40, 0xF5, 0x17, 0x08,
    0x20, 0xF8, 0x11, 0x44, 0x00, 0x01, 0xF8, 0x01, 0x00, 0x08, 0x20, 0x80, 0x00, 0x02, 0x08, 0x20,
    0x88, 0x20, 0x42, 0xF0, 0x00, 0x00, 0x08, 0x20, 0x8A, 0x28, 0x02, 0x08, 0x20, 0x88, 0x20, 0x42,
    0xF0, 0x00, 0x00, 0x80, 0xF0, 0x1F, 0x08, 0x38, 0x90, 0x40, 0x02, 0x0E, 0x20, 0x70, 0x00, 0x00,
    0x40, 0xF5, 0x17, 0x04, 0x1C, 0x48, 0x20, 0x01, 0x07, 0x10, 0x38, 0x00, 0x00, 0x08, 0x21, 0xC4,
    0x7F, 0x42, 0x08, 0x21, 0x83, 0x00, 0x02, 0xF0, 0x03, 0x00, 0x08, 0x25, 0xD4, 0x7F, 0x42, 0x08,
    0x21, 0x83, 0x00, 0x02, 0xF0, 0x03, 0x00, 0xF8, 0x01, 0x01, 0x02, 0xFF, 0x41, 0x80, 0x00, 0x02,
    0x08, 0xC0, 0x01, 0x00, 0xF8, 0x05, 0x15, 0x02, 0xFF, 0x41, 0x80, 0x00, 0x02, 0x08, 0xC0, 0x01,
    0x00, 0x10, 0xF0, 0x07, 0x01, 0xF4, 0x08, 0x20, 0x80, 0x04, 0x09, 0xC4, 0x03, 0x00, 0x10, 0xF5,
    0x15, 0x01, 0xF4, 0x08, 0x20, 0x80, 0x04, 0x09, 0xC4, 0x03, 0x00, 0x20, 0xF0, 0x0F, 0x01, 0x04,
    0xF8, 0x21, 0x08, 0x20, 0x80, 0xF0, 0x01, 0x00, 0x20, 0xF5, 0x17, 0x01, 0x04, 0xF8, 0x21, 0x08,
    0x20, 0x80, 0xF0, 0x01, 0x00, 0x00, 0x00, 0x00, 0x1F, 0x83, 0x00, 0x02, 0x08, 0x10, 0x3C, 0x00,
    0x00, 0x00, 0x00, 0xC0, 0xC7, 0x20, 0x00, 0x01, 0x04, 0x10, 0x40, 0xC0, 0xF0, 0x00, 0x00, 0x00,
    0xC5, 0xD7, 0x20, 0x00, 0x01, 0x04, 0x10, 0x40, 0xC0, 0xF0, 0x00, 0x00, 0x00, 0xF0, 0x1F, 0x08,
    0x10, 0x20, 0x80, 0x00, 0x02, 0x10, 0x80, 0x03, 0x00, 0x00, 0xF0, 0x0F, 0x04, 0x48, 0x11, 0x45,
    0x00, 0x01, 0x08, 0xC0, 0x01, 0x00, 0x08, 0x20, 0x0C, 0x0D, 0x0C, 0x08, 0x10, 0x40, 0x00, 0x02,
    0xF0, 0x03, 0x00, 0x08, 0x25, 0x14, 0x0D, 0x0C, 0x08, 0x10, 0x40, 0x00, 0x02, 0xF0, 0x03, 0x00,
    0x10, 0xF0, 0x0D, 0x41, 0x42, 0x08, 0x21, 0x47, 0x32, 0x49, 0xC1, 0x00, 0x00, 0x08, 0xA0, 0x5F,
    0x00, 0x01, 0x04, 0x10, 0x41, 0x02, 0x0A, 0xC8, 0x07, 0x00, 0x90, 0xC0, 0x87, 0x29, 0x15, 0x55,
    0x94, 0x50, 0x5A, 0x95, 0x88, 0x05, 0x00, 0x10, 0x70, 0x07, 0x23, 0x04, 0x19, 0x54, 0x50, 0x59,
    0x94, 0x90, 0x05, 0x00, 0x00, 0xC0, 0x87, 0x24, 0x11, 0x45, 0x14, 0x51, 0x42, 0x89, 0x98, 0x01,
    0x00, 0x08, 0x21, 0x44, 0x7E, 0x41, 0x04, 0x11, 0x47, 0x32, 0x4A, 0xC9, 0x00, 0x00, 0x08, 0x25,
    0x54, 0x7E, 0x41, 0x04, 0x11, 0x47, 0x32, 0x4A, 0xC9, 0x00, 0x00, 0x08, 0x22, 0x54, 0x3E, 0x41,
    0x04, 0x11, 0x47, 0x32, 0x4A, 0xC9, 0x00, 0x00, 0xBC, 0x40, 0x82, 0x10, 0xC1, 0x05, 0x11, 0x44,
    0x10, 0x22, 0x70, 0x00, 0x00, 0x3C, 0x45, 0x94, 0x00, 0xC1, 0x04, 0x15, 0x44, 0x10, 0x22, 0x70,
    0x00, 0x00, 0x3C, 0x42, 0x94, 0x20, 0xC1, 0x04, 0x15, 0x44, 0x10, 0x22, 0x70, 0x00, 0x00, 0xF0,
    0x00, 0x01, 0x02, 0x08, 0x48, 0x22, 0x4A, 0x48, 0x21, 0x71, 0x00, 0x00, 0xF0, 0x00, 0x15, 0x52,
    0x08, 0x48, 0x22, 0x4A, 0x48, 0x21, 0x71, 0x00, 0x00, 0xF0, 0x02, 0x15, 0x22, 0x08, 0x48, 0x22,
    0x4A, 0x48, 0x21, 0x71, 0x00, 0x00, 0x00, 0x80, 0x00, 0x05, 0x22, 0x88, 0x10, 0x44, 0x20, 0x00,
    0x01, 0x00, 0x00, 0x00, 0x85, 0x14, 0x05, 0x22, 0x88, 0x10, 0x44, 0x20, 0x00, 0x01, 0x00, 0x00,
    0x00, 0x82, 0x14, 0x25, 0x22, 0x88, 0x10, 0x44, 0x20, 0x00, 0x01, 0x00, 0x00, 0xE8, 0x27, 0x44,
    0x7E, 0x41, 0x04, 0x11, 0x47, 0x32, 0x4A, 0xC9, 0x00, 0x00, 0xE8, 0x25, 0x54, 0x3E, 0x41, 0x04,
    0x11, 0x47, 0x32, 0x4A, 0xC9, 0x00, 0x00, 0xE8, 0x22, 0x54, 0x3E, 0x41, 0x04, 0x11, 0x47, 0x32,
    0x4A, 0xC9, 0x00, 0x00, 0x80, 0xE0, 0x0F, 0x08, 0xFF, 0x81, 0xC0, 0x83, 0x18, 0xA2, 0x70, 0x04,
    0x00, 0x78, 0x00, 0x01, 0x24, 0xBC, 0x48, 0x93, 0x58, 0x22, 0x46, 0x80, 0x00, 0x00, 0x10, 0x40,
    0xC8, 0x47, 0x04, 0x18, 0x50, 0x48, 0x21, 0x86, 0xF0, 0x01, 0x00, 0x90, 0xC0, 0x87, 0x29, 0x25,
    0x55, 0x94, 0x51, 0x42, 0x86, 0x80, 0x01, 0x00, 0x10, 0xF0, 0x03, 0x01, 0x04, 0xFC, 0x40, 0x08,
    0x21, 0x84, 0xE0, 0x01, 0x00, 0x00, 0x20, 0x81, 0x1E, 0x87, 0x10, 0x42, 0x08, 0x1A, 0x08, 0x20,
    0x00, 0x00, 0x48, 0x20, 0x0D, 0x4F, 0x07, 0x11, 0x44, 0x0E, 0x02, 0x08, 0x20, 0x00, 0x00, 0x00,
    0x10, 0x41, 0x1F, 0x93, 0x44, 0x12, 0x49, 0x1F, 0x10, 0x30, 0x00, 0x00, 0x80, 0x90, 0x4F, 0x49,
    0x23, 0x85, 0x54, 0x52, 0x3E, 0x20, 0x60, 0x00, 0x00, 0x00, 0x00, 0x01, 0x04, 0xF0, 0x40, 0xE0,
    0x41, 0x0C, 0x51, 0x38, 0x02, 0x00, 0x40, 0x00, 0x01, 0x3C, 0x10, 0x40, 0xE0, 0x41, 0x0C, 0x51,
    0x38, 0x02, 0x00, 0x60, 0x20, 0x86, 0x00, 0x3D, 0x0C, 0x11, 0x08, 0x20, 0x40, 0xF0, 0x00, 0x00,
    0xC8, 0xA0, 0x84, 0x21, 0x82, 0x08, 0x22, 0x08, 0x20, 0x40, 0xE0, 0x00, 0x00, 0xF8, 0x03, 0x02,
    0x06, 0x7C, 0x08, 0x12, 0x10, 0x46, 0xA4, 0xE0, 0x01, 0x00, 0x10, 0x40, 0xC3, 0x13, 0x44, 0x18,
    0x61, 0x44, 0x11, 0x45, 0x11, 0x02, 0x00, 0xF8, 0x01, 0x01, 0x02, 0x7C, 0x08, 0x12, 0x10, 0x40,
    0x80, 0xF0, 0x01, 0x00, 0x00, 0x40, 0x00, 0x1D, 0x8F, 0x10, 0x62, 0x48, 0x21, 0x45, 0x90, 0x00,
    0x00, 0x10, 0x40, 0xC7, 0x23, 0x04, 0x19, 0x64, 0x50, 0x41, 0x85, 0x90, 0x01, 0x00, 0x78, 0x00,
    0x01, 0x1F, 0x92, 0x24, 0x94, 0x50, 0x71, 0x25, 0x09, 0x03, 0x00, 0xF8, 0x01, 0x02, 0x1E, 0x96,
    0xA0, 0x82, 0x07, 0x01, 0xEE, 0x44, 0x04, 0x00, 0x40, 0xE0, 0x0F, 0x02, 0xBC, 0x89, 0x91, 0x05,
    0x11, 0x04, 0xE0, 0x07, 0x00, 0x20, 0x80, 0x00, 0x01, 0x04, 0x28, 0x60, 0x91, 0x44, 0x91, 0x84,
    0x01, 0x00, 0x00, 0xF0, 0x0F, 0x20, 0x88, 0x20, 0x81, 0x02, 0x02, 0x04, 0x08, 0x00, 0x00, 0xFC,
    0x03, 0x08, 0x22, 0x88, 0x20, 0x81, 0x02, 0x02, 0x04, 0x08, 0x00, 0x00, 0x00, 0x00, 0x04, 0x08,
    0x18, 0x5C, 0x00, 0x01, 0x04, 0x10, 0x40, 0x00, 0x00, 0x00, 0x01, 0x02, 0x04, 0x1C, 0x4C, 0x00,
    0x01, 0x04, 0x10, 0x40, 0x00, 0x00, 0x00, 0x00, 0x81, 0x3F, 0x82, 0x08, 0x02, 0x08, 0x10, 0x20,
    0x60, 0x00, 0x00, 0x20, 0xF0, 0x4F, 0x20, 0x81, 0x04, 0x02, 0x08, 0x10, 0x20, 0x60, 0x00, 0x00,
    0x00, 0x00, 0x00, 0x1F, 0x10, 0x40, 0x00, 0x01, 0x04, 0xFE, 0x00, 0x00, 0x00, 0x00, 0xE0, 0x0F,
    0x04, 0x10, 0x40, 0x00, 0x01, 0x04, 0xFF, 0x01, 0x00, 0x00, 0x00, 0x00, 0x02, 0x08, 0xFE, 0xC0,
    0x80, 0x02, 0x09, 0x22, 0xC0, 0x00, 0x00, 0x00, 0x01, 0xC4, 0x7F, 0x50, 0x20, 0x41, 0x84, 0x10,
    0x41, 0xC0, 0x00, 0x00, 0x20, 0x80, 0xC0, 0x7F, 0x08, 0x21, 0x44, 0x10, 0x41, 0x02, 0x85, 0x03,
    0x00, 0x20, 0x85, 0xD4, 0x3F, 0x88, 0x20, 0x42, 0x08, 0x21, 0x82, 0x84, 0x01, 0x00, 0x20, 0x80,
    0xC0, 0x3F, 0x10, 0x40, 0xF0, 0x0F, 0x08, 0x20, 0x80, 0x00, 0x00, 0x20, 0x85, 0xD4, 0x1F, 0x10,
    0x40, 0xF0, 0x0F, 0x08, 0x20, 0x80, 0x00, 0x00, 0x10, 0xC0, 0x0F, 0x21, 0x82, 0x04, 0x02, 0x04,
    0x10, 0x30, 0x38, 0x00, 0x00, 0x10, 0xC5, 0x17, 0x21, 0x82, 0x04, 0x02, 0x04, 0x10, 0x30, 0x38,
    0x00, 0x00, 0x10, 0x40, 0x00, 0x7F, 0x42, 0x04, 0x01, 0x04, 0x08, 0x10, 0x30, 0x00, 0x00, 0x10,
    0x45, 0x14, 0x7F, 0x42, 0x04, 0x01, 0x04, 0x08, 0x10, 0x30, 0x00, 0x00, 0x00, 0xF0, 0x0F, 0x20,
    0x80, 0x00, 0x02, 0x08, 0x20, 0x80, 0xFC, 0x03, 0x00, 0x00, 0xF5, 0x17, 0x10, 0x40, 0x00, 0x01,
    0x04, 0x10, 0x40, 0xFC, 0x01, 0x00, 0x10, 0x41, 0xC4, 0x7F, 0x44, 0x10, 0x41, 0x04, 0x10, 0x20,
    0x70, 0x00, 0x00, 0x10, 0x45, 0xD4, 0x7F, 0x44, 0x10, 0x41, 0x04, 0x10, 0x20, 0x70, 0x00, 0x00,
    0x18, 0x80, 0x00, 0x00, 0x03, 0x11, 0x04, 0x08, 0x10, 0x30, 0x38, 0x00, 0x00, 0x18, 0x85, 0x14,
    0x00, 0x03, 0x11, 0x04, 0x08, 0x10, 0x30, 0x38, 0x00, 0x00, 0xFC, 0x01, 0x04, 0x10, 0x40, 0x80,
    0x00, 0x03, 0x12, 0x84, 0x0C, 0x04, 0x00, 0xFC, 0x05, 0x14, 0x10, 0x20, 0x80, 0x00, 0x03, 0x12,
    0x84, 0x0C, 0x04, 0x00, 0x10, 0x40, 0x00, 0x79, 0x1C, 0x1D, 0x42, 0x04, 0x01, 0x04, 0xE0, 0x03,
    0x00, 0x10, 0x45, 0x14, 0x79, 0x1C, 0x1D, 0x42, 0x04, 0x01, 0x04, 0xE0, 0x03, 0x00, 0x04, 0x24,
    0x90, 0x40, 0x80, 0x00, 0x02, 0x04, 0x08, 0x10, 0x30, 0x00, 0x00, 0x00, 0x15, 0x94, 0x00, 0x82,
    0x00, 0x02, 0x04, 0x08, 0x10, 0x30, 0x00, 0x00, 0x10, 0xC0, 0x9F, 0x40, 0x05, 0x21, 0x02, 0x09,
    0x18, 0x30, 0x38, 0x00, 0x00, 0x10, 0xC5, 0x97, 0x20, 0x85, 0x20, 0x02, 0x05, 0x18, 0x30, 0x38,
    0x00, 0x00, 0x00, 0xE3, 0x03, 0x04, 0x10, 0xFC, 0x07, 0x01, 0x04, 0x08, 0x18, 0x00, 0x00, 0x00,
    0xE5, 0x17, 0x04, 0x10, 0xFC, 0x07, 0x01, 0x04, 0x08, 0x18, 0x00, 0x00, 0x00, 0x00, 0x40, 0x22,
    0x92, 0x48, 0x02, 0x04, 0x10, 0x30, 0x30, 0x00, 0x00, 0x00, 0x90, 0x90, 0x44, 0x12, 0x01, 0x02,
    0x08, 0x10, 0x30, 0x30, 0x00, 0x00, 0x00, 0x95, 0x94, 0x04, 0x12, 0x01, 0x04, 0x08, 0x10, 0x30,
    0x30, 0x00, 0x00, 0xF8, 0x03, 0x00, 0x00, 0xFF, 0x41, 0x00, 0x01, 0x04, 0x08, 0x18, 0x00, 0x00,
    0xF8, 0x05, 0x14, 0x00, 0xFF, 0x41, 0x00, 0x01, 0x04, 0x08, 0x18, 0x00, 0x00, 0x10, 0x40, 0x00,
    0x01, 0x1C, 0x90, 0x41, 0x08, 0x01, 0x04, 0x10, 0x00, 0x00, 0x10, 0x45, 0x14, 0x01, 0x1C, 0x90,
    0x41, 0x08, 0x01, 0x04, 0x10, 0x00, 0x00, 0x40, 0x00, 0xC1, 0x7F, 0x10, 0x40, 0x00, 0x01, 0x04,
    0x08, 0x18, 0x00, 0x00, 0x00, 0xE0, 0x07, 0x00, 0x00, 0x00, 0x00, 0x00, 0x00, 0xFF, 0x00, 0x00,
    0x00, 0xF8, 0x03, 0x08, 0x20, 0x4C, 0x40, 0x01, 0x02, 0x14, 0x8C, 0x0C, 0x00, 0x00, 0x40, 0xE0,
    0x0F, 0x20, 0x40, 0xC0, 0xC0, 0xC5, 0x64, 0x10, 0x40, 0x00, 0x00, 0x00, 0x01, 0x04, 0x10, 0x40,
    0x80, 0x00, 0x02, 0x04, 0x0C, 0x0C, 0x00, 0x00, 0x10, 0x41, 0x04, 0x11, 0x44, 0x08, 0x22, 0x88,
    0x20, 0x01, 0x05, 0x04, 0x00, 0x10, 0x45, 0x14, 0x11, 0x44, 0x08, 0x22, 0x88, 0x20, 0x01, 0x05,
    0x04, 0x00, 0x10, 0x42, 0x14, 0x31, 0x44, 0x08, 0x22, 0x88, 0x20, 0x01, 0x05, 0x04, 0x00, 0x08,
    0x20, 0x80, 0x70, 0x3E, 0x08, 0x20, 0x80, 0x00, 0x02, 0xF0, 0x07, 0x00, 0x08, 0x25, 0x94, 0x38,
    0x1E, 0x08, 0x20, 0x80, 0x00, 0x02, 0xF0, 0x07, 0x00, 0x08, 0x22, 0x94, 0x38, 0x1E, 0x08, 0x20,
    0x80, 0x00, 0x02, 0xF0, 0x07, 0x00, 0x00, 0xF0, 0x0F, 0x20, 0x80, 0x00, 0x02, 0x08, 0x10, 0x20,
    0x70, 0x00, 0x00, 0x00, 0xF5, 0x17, 0x20, 0x80, 0x00, 0x02, 0x08, 0x10, 0x20, 0x60, 0x00, 0x00,
    0x00, 0xF2, 0x17, 0x20, 0x80, 0x00, 0x02, 0x08, 0x10, 0x20, 0x70, 0x00, 0x00, 0x00, 0x80, 0x00,
    0x05, 0x22, 0x88, 0x10, 0x44, 0x20, 0x00, 0x01, 0x00, 0x00, 0x00, 0x85, 0x14, 0x05, 0x22, 0x88,
    0x10, 0x44, 0x20, 0x00, 0x01, 0x00, 0x00, 0x00, 0x82, 0x14, 0x25, 0x22, 0x88, 0x10, 0x44, 0x20,
    0x00, 0x01, 0x00, 0x00, 0x40, 0x00, 0xC1, 0x7F, 0x10, 0x48, 0x22, 0x49, 0x44, 0x11, 0x61, 0x00,
    0x00, 0x40, 0x05, 0xD5, 0x7F, 0x10, 0x48, 0x22, 0x49, 0x44, 0x11, 0x61, 0x00, 0x00, 0x40, 0x02,
    0xD5, 0x7F, 0x10, 0x48, 0x22, 0x49, 0x44, 0x11, 0x61, 0x00, 0x00, 0x00, 0xF0, 0x1F, 0x40, 0x80,
    0x00, 0x61, 0x02, 0x06, 0x10, 0x80, 0x00, 0x00, 0x38, 0x00, 0x03, 0x30, 0x0E, 0xC0, 0x00, 0xCC,
    0x01, 0x38, 0x00, 0x03, 0x00, 0x20, 0x80, 0x00, 0x02, 0x04, 0x10, 0x41, 0x88, 0x30, 0x32, 0x3D,
    0x04, 0x00, 0x00, 0x01, 0x04, 0x11, 0x28, 0xC0, 0x00, 0x03, 0x12, 0x84, 0x0C, 0x00, 0x00, 0xF8,
    0x83, 0x00, 0x02, 0xFF, 0x21, 0x80, 0x00, 0x02, 0x08, 0xC0, 0x03, 0x00, 0x00, 0x20, 0x00, 0x3D,
    0x8F, 0x10, 0x82, 0x04, 0x02, 0x10, 0x40, 0x00, 0x00, 0x08, 0x40, 0x1E, 0x47, 0x87, 0x20, 0x82,
    0x04, 0x02, 0x10, 0x40, 0x00, 0x00, 0x00, 0x00, 0x80, 0x1F, 0x40, 0x00, 0x01, 0x04, 0x08, 0x20,
    0xFC, 0x03, 0x00, 0x00, 0xE0, 0x0F, 0x20, 0x80, 0x00, 0x02, 0x04, 0x10, 0x40, 0xFC, 0x07, 0x00,
    0x00, 0x00, 0x80, 0x1F, 0x40, 0x00, 0xE1, 0x07, 0x10, 0x40, 0xF8, 0x01, 0x00, 0xF8, 0x03, 0x08,
    0x20, 0x80, 0xF8, 0x03, 0x08, 0x20, 0x80, 0xF8, 0x03, 0x00, 0xF8, 0x01, 0x00, 0x00, 0xFF, 0x00,
    0x02, 0x04, 0x10, 0x30, 0x30, 0x00, 0x00, 0x08, 0x22, 0x88, 0x20, 0x82, 0x08, 0x02, 0x08, 0x20,
    0x40, 0xE0, 0x00, 0x00, 0x90, 0x40, 0x02, 0x09, 0x24, 0x90, 0x44, 0x92, 0x48, 0xA2, 0x84, 0x01,
    0x00, 0x08, 0x20, 0x80, 0x00, 0x02, 0x08, 0x22, 0x88, 0x10, 0x32, 0x38, 0x00, 0x00, 0xFC, 0x13,
    0x48, 0x20, 0x81, 0x04, 0x12, 0x48, 0x20, 0xFF, 0x00, 0x00, 0x00, 0x00, 0x00, 0x80, 0x3F, 0x82,
    0x08, 0x02, 0x08, 0x10, 0x20, 0x60, 0x00, 0x00, 0xFC, 0x13, 0x48, 0x20, 0x81, 0x00, 0x02, 0x08,
    0x10, 0x20, 0x70, 0x00, 0x00, 0x00, 0x01, 0xC4, 0x7F, 0x44, 0x10, 0x41, 0xC4, 0x7F, 0x40, 0x00,
    0x01, 0x00, 0x00, 0xF0, 0x1F, 0x40, 0x90, 0x40, 0x01, 0x01, 0x04, 0x10, 0xFC, 0x07, 0x00, 0xFC,
    0x03, 0x08, 0x20, 0xFF, 0x00, 0x02, 0x08, 0x10, 0x20, 0x70, 0x00, 0x00, 0x00, 0x30, 0x00, 0x41,
    0x00, 0x01, 0x02, 0x08, 0x10, 0x30, 0x38, 0x00, 0x00, 0x00, 0x80, 0x00, 0x02, 0xFE, 0x20, 0x82,
    0x08, 0x22, 0x84, 0x88, 0x01, 0x00, 0x00, 0x40, 0x00, 0x01, 0xFC, 0x88, 0x10, 0x02, 0x08, 0x10,
    0x30, 0x00, 0x00, 0x00, 0x00, 0x00, 0x00, 0x00, 0xC0, 0x00, 0x03, 0x00, 0x00, 0x00, 0x00, 0x00,
    0x00, 0x00, 0x00, 0x00, 0x00, 0xF8, 0x03, 0x00, 0x00, 0x00, 0x00, 0x00, 0x00, 0x00, 0x00, 0x00,
    0x01, 0x08, 0x40, 0x00, 0x02, 0x08, 0x00, 0x00, 0x00, 0x00, 0x00, 0x00, 0x14, 0x51, 0x08, 0x40,
    0x00, 0x02, 0x08, 0x00, 0x00, 0x00, 0x00, 0x08, 0x20, 0x80, 0x3F, 0x80, 0x00, 0x02, 0x08, 0x20,
    0x80, 0xC0, 0x01, 0x00, 0x10, 0x40, 0x00, 0x3F, 0x80, 0x10, 0x82, 0x04, 0x0C, 0x4C, 0x0C, 0x06,
    0x00, 0xFC, 0x17, 0x50, 0x40, 0x01, 0x05, 0x14, 0x50, 0x40, 0x01, 0x05, 0x04, 0x00, 0xFC, 0x17,
    0x40, 0x00, 0x01, 0x04, 0x10, 0x40, 0x00, 0x01, 0xFC, 0x07, 0x00, 0x08, 0x20, 0x80, 0x3F, 0x88,
    0x20, 0x42, 0x08, 0x21, 0x82, 0x84, 0x01, 0x00, 0x40, 0x00, 0xC1, 0x7F, 0x08, 0x20, 0x40, 0x04,
    0x21, 0xE2, 0x79, 0x04, 0x00, 0xF8, 0x01, 0x02, 0x04, 0xF8, 0x00, 0x02, 0x08, 0x20, 0x80, 0x80,
    0x01, 0x00, 0x48, 0x20, 0x81, 0x3F, 0x88, 0x20, 0x42, 0x08, 0x21, 0x82, 0x84, 0x01, 0x00, 0x20,
    0x82, 0x08, 0x11, 0x22, 0x44, 0x20, 0x02, 0x11, 0x88, 0x40, 0x04, 0x00, 0xFC, 0x87, 0x00, 0x02,
    0x04, 0xF0, 0x03, 0x08, 0x20, 0x80, 0xC0, 0x01, 0x00, 0xF8, 0x27, 0x80, 0x00, 0x02, 0x08, 0x20,
    0x80, 0x00, 0x02, 0x04, 0x00, 0x00, 0x00, 0x42, 0x08, 0x21, 0x84, 0x10, 0x42, 0x0E, 0x27, 0x80,
    0x00, 0x02, 0x00, 0x80, 0x00, 0x02, 0x04, 0x08, 0x10, 0x80, 0x00, 0x04, 0x20, 0x00, 0x01, 0x00,
    0xFC, 0x07, 0x01, 0x04, 0x10, 0x40, 0x00, 0x01, 0x04, 0x10, 0x40, 0x00, 0x00, 0x40, 0x20, 0x89,
    0x24, 0x92, 0x48, 0xE2, 0x0F, 0x04, 0x10, 0xFC, 0x07, 0x00, 0x00, 0x01, 0x02, 0x26, 0x46, 0x80,
    0x80, 0x83, 0x09, 0x20, 0x80, 0x00, 0x00, 0xF0, 0x07, 0x10, 0x40, 0xFC, 0x11, 0x40, 0x80, 0x00,
    0x02, 0x04, 0x00, 0x00, 0xF8, 0x23, 0x88, 0x20, 0x8A, 0x48, 0x22, 0x8A, 0x20, 0x82, 0xF8, 0x03,
    0x00, 0xFC, 0x87, 0x10, 0x42, 0x08, 0x21, 0x84, 0x0C, 0x02, 0x08, 0x20, 0x00, 0x00, 0x40, 0x00,
    0xC1, 0x7F, 0x08, 0x10, 0xC0, 0x0F, 0x20, 0x40, 0x80, 0x00, 0x00, 0x40, 0x00, 0x01, 0x04, 0x08,
    0x20, 0x40, 0x04, 0x21, 0xE2, 0x7D, 0x04, 0x00, 0x04, 0x24, 0x08, 0x11, 0x28, 0x40, 0x00, 0x01,
    0x04, 0x10, 0x40, 0x00, 0x00, 0xFC, 0x07, 0x01, 0x04, 0x1C, 0x08, 0x10, 0x40, 0x40, 0x82, 0xF0,
    0x01, 0x00, 0x40, 0xF0, 0x1F, 0x04, 0x1C, 0x08, 0x10, 0x40, 0x40, 0x82, 0xF0, 0x01, 0x00, 0x10,
    0x41, 0x04, 0x11, 0xFF, 0x11, 0x41, 0x04, 0x01, 0x04, 0xE0, 0x03, 0x00, 0xFC, 0x07, 0x81, 0x04,
    0x12, 0xF8, 0x87, 0x10, 0x41, 0x82, 0x04, 0x01, 0x00, 0x60, 0x40, 0xC1, 0x04, 0x10, 0x80, 0x00,
    0x02, 0x10, 0x80, 0x00, 0x04, 0x00, 0x20, 0x80, 0x00, 0x11, 0x22, 0x7C, 0x80, 0x04, 0x21, 0xE2,
    0x7D, 0x04, 0x00, 0xF8, 0x07, 0x10, 0x21, 0x88, 0x40, 0x01, 0x02, 0x14, 0x8C, 0x0C, 0x04, 0x00,
    0xFC, 0x41, 0x04, 0x11, 0x22, 0xF8, 0x03, 0x08, 0x10, 0x40, 0x80, 0x00, 0x00, 0x10, 0x40, 0x80,
    0x00, 0x02, 0xF8, 0x03, 0x08, 0x10, 0x40, 0x80, 0x00, 0x00, 0x40, 0x00, 0xC1, 0x7F, 0x10, 0xC0,
    0x80, 0x02, 0x0A, 0x24, 0x0C, 0x07, 0x00, 0x80, 0x00, 0x02, 0x04, 0x10, 0x20, 0x80, 0x00, 0x01,
    0x02, 0xFC, 0x07, 0x00, 0x90, 0x40, 0x02, 0x09, 0x24, 0x90, 0x40, 0x82, 0x08, 0x22, 0x04, 0x07,
    0x00, 0x00, 0x00, 0x00, 0x00, 0x00, 0xFC, 0x07, 0x00, 0x00, 0x00, 0x00, 0x00, 0x00, 0x00, 0x24,
    0x10, 0x21, 0x88, 0x40, 0x01, 0x02, 0x14, 0x8C, 0x0C, 0x04, 0x00, 0x04, 0x14, 0x50, 0x40, 0x01,
    0x05, 0x14, 0x50, 0x40, 0x01, 0xFD, 0x07, 0x00, 0x00, 0x00, 0x00, 0x00, 0x00, 0xFC, 0x07, 0x00,
    0x00, 0x00, 0x00, 0x00, 0x00, 0xFC, 0x07, 0x01, 0x04, 0x10, 0x40, 0x00, 0x01, 0x04, 0x10, 0x70,
    0x00, 0x00, 0x20, 0x80, 0x00, 0x62, 0x78, 0x3C, 0x80, 0x00, 0x42, 0x08, 0xC1, 0x07, 0x00, 0x80,
    0x00, 0xC2, 0x7F, 0x20, 0x90, 0x80, 0x02, 0x04, 0x6C, 0x0C, 0x06, 0x00, 0xF8, 0x03, 0x00, 0x00,
    0x00, 0xF0, 0x01, 0x00, 0x00, 0x00, 0xFC, 0x07, 0x00, 0x40, 0x00, 0x01, 0x04, 0xF0, 0x40, 0x00,
    0x01, 0x04, 0x10, 0xFC, 0x07, 0x00, 0xFC, 0x07, 0x01, 0x04, 0x30, 0x40, 0x01, 0x09, 0x04, 0x10,
    0x40, 0x00, 0x00, 0xFC, 0x07, 0x02, 0x04, 0x58, 0x50, 0x32, 0x11, 0x04, 0x10, 0x40, 0x00, 0x00,
    0xFC, 0x07, 0x81, 0x3C, 0x12, 0x48, 0xE0, 0x1F, 0x40, 0x00, 0x01, 0x03, 0x00, 0xF8, 0x81, 0x04,
    0x12, 0x48, 0xFC, 0x47, 0x04, 0x11, 0x44, 0xFC, 0x07, 0x00, 0xF8, 0x23, 0x88, 0x3F, 0x82, 0x08,
    0xE2, 0x8F, 0x20, 0x82, 0xFC, 0x07, 0x00, 0xFC, 0x07, 0x02, 0x04, 0x58, 0x50, 0x32, 0x11, 0x04,
    0x00, 0xFC, 0x07, 0x00, 0x48, 0x22, 0xC9, 0x7F, 0x92, 0x48, 0x22, 0x8F, 0x00, 0x02, 0xF8, 0x07,
    0x00, 0x00, 0xE3, 0x83, 0x00, 0x02, 0xF8, 0x23, 0x84, 0x10, 0x42, 0xFC, 0x07, 0x00, 0xFC, 0x07,
    0x01, 0x04, 0xFF, 0x45, 0x94, 0x52, 0x51, 0x01, 0x05, 0x06, 0x00, 0xF8, 0x03, 0x02, 0x44, 0xB7,
    0x50, 0x21, 0x49, 0x46, 0x00, 0xFC, 0x07, 0x00, 0xF8, 0x03, 0x81, 0x3F, 0x10, 0xFC, 0x07, 0x01,
    0x02, 0x44, 0xF8, 0x02, 0x00, 0x10, 0x81, 0xC2, 0x7F, 0x28, 0xA0, 0x90, 0x92, 0x2A, 0x28, 0xFC,
    0x07, 0x00, 0x08, 0x42, 0x04, 0x0A, 0x10, 0x40, 0x00, 0x01, 0x04, 0x10, 0x40, 0x00, 0x00, 0x40,
    0x00, 0xC1, 0x7F, 0x11, 0x45, 0xF4, 0x1F, 0x04, 0x10, 0x40, 0x00, 0x00, 0x40, 0xE0, 0x8F, 0x24,
    0xFE, 0x40, 0xF0, 0x5F, 0x44, 0xFF, 0x41, 0x00, 0x00, 0x20, 0x80, 0xC0, 0x1F, 0x48, 0x28, 0xC1,
    0x04, 0x52, 0x54, 0x0D, 0x07, 0x00, 0xF8, 0x23, 0x88, 0x22, 0x92, 0xFC, 0x27, 0x88, 0x20, 0x81,
    0x84, 0x03, 0x00, 0x20, 0x00, 0xC1, 0x7F, 0x10, 0x40, 0xE0, 0x0F, 0x04, 0x10, 0xFC, 0x07, 0x00,
    0xFC, 0x81, 0x04, 0x12, 0xC8, 0x21, 0x44, 0x10, 0x41, 0x82, 0x84, 0x01, 0x00, 0x20, 0x80, 0x0F,
    0x22, 0x84, 0x08, 0x01, 0x02, 0x14, 0x8C, 0x0C, 0x04, 0x00, 0x20, 0x80, 0x00, 0x09, 0x24, 0x48,
    0x10, 0x01, 0x22, 0x84, 0xF8, 0x05, 0x00, 0x40, 0x00, 0xC1, 0x3F, 0x40, 0x80, 0x20, 0x81, 0x02,
    0x05, 0xE4, 0x07, 0x00, 0x10, 0xC0, 0x9F, 0x02, 0xF9, 0x20, 0x80, 0x00, 0x3E, 0x08, 0x20, 0x00,
    0x00, 0x80, 0xE3, 0x01, 0x04, 0x92, 0x50, 0xF1, 0x1F, 0x04, 0x10, 0x70, 0x00, 0x00, 0x80, 0xF3,
    0x01, 0x02, 0xFF, 0x00, 0x21, 0x82, 0x04, 0x0D, 0xC4, 0x07, 0x00, 0x00, 0xE3, 0x83, 0x00, 0xFE,
    0x08, 0x21, 0xC4, 0x7F, 0x04, 0x0C, 0x00, 0x00, 0x00, 0xE3, 0x83, 0x00, 0xFE, 0x08, 0x21, 0xC4,
    0x7F, 0x40, 0x00, 0x06, 0x00, 0xF8, 0x03, 0xC1, 0x7F, 0x10, 0x50, 0x75, 0x0D, 0x15, 0x93, 0x41,
    0x00, 0x00, 0xF8, 0x03, 0xC1, 0x7F, 0x54, 0x5C, 0x47, 0xC5, 0x6E, 0x54, 0x4C, 0x06, 0x00, 0xFC,
    0x01, 0x02, 0x04, 0x08, 0x10, 0x20, 0x40, 0x40, 0x01, 0xF9, 0x07, 0x00, 0x20, 0x80, 0xC0, 0x1F,
    0x48, 0x20, 0x81, 0x04, 0x12, 0x44, 0x0D, 0x07, 0x00, 0x10, 0xC0, 0x8F, 0x00, 0xFD, 0x00, 0x01,
    0x03, 0x03, 0x02, 0xF1, 0x07, 0x00, 0x40, 0x20, 0x81, 0x3C, 0x9E, 0x4C, 0x22, 0x8D, 0x04, 0x02,
    0xF1, 0x07, 0x00, 0x10, 0x41, 0x04, 0x17, 0x44, 0x10, 0xF1, 0x45, 0x14, 0x51, 0x7D, 0x07, 0x00,
    0x7C, 0x41, 0x45, 0x12, 0x42, 0x78, 0x01, 0xC5, 0x5F, 0x48, 0x39, 0x07, 0x00, 0x90, 0xF0, 0x1E,
    0x05, 0xEF, 0x24, 0xF2, 0x04, 0x09, 0x2F, 0x11, 0x07, 0x00, 0xFC, 0x52, 0x89, 0x27, 0x88, 0xFC,
    0x52, 0xCA, 0x2F, 0xA5, 0xAC, 0x06, 0x00, 0xF8, 0x07, 0x10, 0x20, 0x60, 0x80, 0x00, 0x02, 0x08,
    0x20, 0xE0, 0x00, 0x00, 0xF8, 0x03, 0x04, 0x0A, 0xFF, 0x41, 0x04, 0x09, 0x04, 0x10, 0x70, 0x00,
    0x00, 0x40, 0xF0, 0x9F, 0x24, 0xFE, 0x40, 0xF2, 0x1F, 0x24, 0xFE, 0x40, 0x00, 0x00, 0x00, 0xE0,
    0x0F, 0x00, 0x00, 0x00, 0x00, 0x00, 0x00, 0xFF, 0x01, 0x00, 0x00, 0xF8, 0x03, 0x01, 0x04, 0x10,
    0xFC, 0x07, 0x01, 0x04, 0x10, 0x70, 0x00, 0x00, 0xF8, 0x03, 0x00, 0x00, 0xFF, 0x21, 0x80, 0x04,
    0x11, 0xA2, 0x78, 0x02, 0x00, 0xFC, 0x87, 0x00, 0x1E, 0x44, 0x10, 0xE1, 0x87, 0x08, 0x20, 0xFC,
    0x07, 0x00, 0xF8, 0x03, 0x01, 0x04, 0x10, 0xF8, 0x83, 0x08, 0x22, 0x88, 0xFC, 0x07, 0x00, 0x10,
    0x41, 0xC4, 0x7F, 0x44, 0x10, 0xF1, 0x1F, 0x11, 0x42, 0x08, 0x01, 0x00, 0xFC, 0x87, 0x00, 0x1E,
    0x44, 0x70, 0x21, 0x84, 0x0B, 0x20, 0xFC, 0x07, 0x00, 0x90, 0xD0, 0x5F, 0x09, 0x3D, 0x1D, 0x07,
    0x80, 0x3F, 0x00, 0xFC, 0x07, 0x00, 0xFC, 0x87, 0x02, 0x0A, 0xEF, 0x05, 0xF4, 0x1E, 0x0A, 0x28,
    0xFC, 0x07, 0x00, 0xFC, 0x87, 0x00, 0x7E, 0x17, 0x55, 0x55, 0xCD, 0x4D, 0x08, 0xFC, 0x07, 0x00,
    0x40, 0x00, 0xC1, 0x7F, 0x02, 0x08, 0x20, 0x80, 0x00, 0x02, 0xF8, 0x03, 0x00, 0x40, 0xF0, 0x1F,
    0x11, 0x82, 0x14, 0x85, 0x02, 0x04, 0x6C, 0x0C, 0x06, 0x00, 0x40, 0xF0, 0x1F, 0x12, 0x24, 0x60,
    0x62, 0x04, 0x08, 0x58, 0x1C, 0x02, 0x00, 0x40, 0x00, 0xC1, 0x7F, 0x48, 0x20, 0xA1, 0x4C, 0x52,
    0x44, 0x90, 0x01, 0x00, 0x40, 0xF0, 0x1F, 0x11, 0x7C, 0x00, 0xE0, 0x0F, 0x08, 0x10, 0x70, 0x00,
    0x00, 0x40, 0xF0, 0x1F, 0x11, 0x44, 0xF8, 0x03, 0xC2, 0x7F, 0x10, 0x70, 0x00, 0x00, 0x40, 0xF0,
    0x1F, 0x00, 0xFE, 0x08, 0xE2, 0x0F, 0x04, 0x92, 0x64, 0x04, 0x00, 0x40, 0xF0, 0x1F, 0x11, 0x44,
    0xFC, 0x17, 0x90, 0x3F, 0x10, 0x60, 0x00, 0x00, 0x40, 0xF0, 0x1F, 0x11, 0x7C, 0x00, 0xF0, 0x5F,
    0x51, 0x44, 0x0C, 0x07, 0x00, 0x40, 0x00, 0x01, 0x04, 0x10, 0xA0, 0x80, 0x02, 0x11, 0x82, 0x04,
    0x04, 0x00, 0x10, 0x41, 0x84, 0x10, 0xFB, 0x09, 0x21, 0x84, 0x10, 0x42, 0x08, 0x01, 0x00, 0x10,
    0x40, 0x8F, 0x00, 0x03, 0x08, 0x20, 0x80, 0x00, 0xFA, 0x09, 0x00, 0x00, 0xD0, 0x47, 0x88, 0x20,
    0x83, 0x08, 0x22, 0x88, 0x20, 0x82, 0x88, 0x03, 0x00, 0xF8, 0x27, 0x80, 0x10, 0x42, 0x08, 0x21,
    0x44, 0x28, 0x11, 0x31, 0x04, 0x00, 0xA0, 0x80, 0x02, 0x09, 0x66, 0x94, 0x42, 0x12, 0x09, 0x24,
    0x90, 0x00, 0x00, 0x90, 0x40, 0x02, 0x3F, 0xA2, 0x8C, 0x22, 0x89, 0x24, 0x8A, 0x28, 0x06, 0x00,
    0xE0, 0x40, 0x84, 0x20, 0x7D, 0x01, 0xE0, 0x0F, 0x20, 0x40, 0xE0, 0x00, 0x00, 0x40, 0x80, 0x02,
    0x11, 0x83, 0x11, 0x41, 0x04, 0x11, 0x44, 0x08, 0x01, 0x00, 0xF0, 0x43, 0x8A, 0x28, 0xA3, 0x89,
    0x24, 0x91, 0x44, 0x0A, 0x29, 0x03, 0x00, 0xD0, 0x47, 0x90, 0x20, 0x43, 0x08, 0xA1, 0x9F, 0x10,
    0x42, 0x88, 0x01, 0x00, 0x10, 0x41, 0x84, 0x7E, 0x43, 0x08, 0x21, 0x84, 0x10, 0x42, 0xE8, 0x07,
    0x00, 0x10, 0x41, 0x85, 0x74, 0x73, 0x69, 0x25, 0x85, 0x04, 0x12, 0xC9, 0x07, 0x00, 0x10, 0x42,
    0x88, 0x7E, 0x83, 0x48, 0x22, 0x8A, 0x10, 0xA2, 0x68, 0x04, 0x00, 0x10, 0x42, 0x88, 0x7F, 0x83,
    0x28, 0x22, 0x89, 0x20, 0x82, 0x08, 0x03, 0x00, 0x10, 0x41, 0x84, 0x52, 0x4B, 0x29, 0xA5, 0x94,
    0x52, 0x4A, 0xE9, 0x07, 0x00, 0xF0, 0x47, 0x92, 0x48, 0x2B, 0xA9, 0x24, 0x91, 0x4C, 0x0A, 0x29,
    0x03, 0x00, 0x10, 0x46, 0x87, 0x10, 0x43, 0xE8, 0x27, 0x84, 0x10, 0x42, 0x08, 0x01, 0x00, 0x90,
    0x44, 0x82, 0x7E, 0x43, 0x08, 0x21, 0x88, 0x20, 0x02, 0x09, 0x04, 0x00, 0xE0, 0x41, 0x88, 0x40,
    0xFD, 0x00, 0xE0, 0x1F, 0x44, 0x10, 0x41, 0x03, 0x00, 0x08, 0xA2, 0x88, 0x24, 0x82, 0x08, 0xA2,
    0xC4, 0x11, 0xB0, 0x30, 0x04, 0x00, 0x70, 0xA7, 0xD4, 0x52, 0x4A, 0x29, 0xA5, 0x94, 0x5A, 0xDE,
    0x09, 0x01, 0x00, 0x10, 0x41, 0x84, 0x7E, 0x4B, 0x29, 0xA5, 0x9F, 0x10, 0x42, 0x08, 0x01, 0x00,
    0x30, 0xA1, 0xC4, 0x5A, 0xDA, 0x28, 0xA1, 0x84, 0x52, 0x6A, 0x69, 0x07, 0x00, 0x50, 0x41, 0x85,
    0x7C, 0x4B, 0x08, 0xA1, 0x9F, 0x10, 0x42, 0x08, 0x01, 0x00, 0xD0, 0x47, 0x84, 0x10, 0x43, 0xE8,
    0x27, 0x84, 0x10, 0x42, 0xC8, 0x07, 0x00, 0x10, 0x43, 0x89, 0x24, 0x0B, 0xC9, 0x27, 0x92, 0x48,
    0x12, 0x49, 0x02, 0x00, 0x10, 0x41, 0x84, 0x7E, 0x23, 0x88, 0x27, 0x92, 0x44, 0x12, 0x29, 0x03,
    0x00, 0x40, 0x80, 0x02, 0x11, 0x93, 0x41, 0x20, 0x8F, 0x04, 0x12, 0xFC, 0x07, 0x00, 0x10, 0xC1,
    0x9F, 0x00, 0xF3, 0x48, 0x22, 0x89, 0x24, 0x8A, 0x28, 0x06, 0x00, 0xD0, 0x47, 0x94, 0x7E, 0x43,
    0x09, 0x25, 0x9F, 0x10, 0x42, 0xC8, 0x00, 0x00, 0xF0, 0x47, 0x82, 0x08, 0x23, 0xE8, 0x27, 0x91,
    0x44, 0x12, 0xF9, 0x07, 0x00, 0x10, 0x45, 0x94, 0x7E, 0x43, 0x08, 0x21, 0x84, 0x28, 0x12, 0x39,
    0x04, 0x00, 0x10, 0x45, 0x94, 0x7E, 0x43, 0x08, 0x25, 0x8C, 0x10, 0xA2, 0x68, 0x04, 0x00, 0x90,
    0x40, 0x82, 0x7E, 0x23, 0xC8, 0xA1, 0x8A, 0x49, 0x22, 0x88, 0x00, 0x00, 0x20, 0x81, 0x04, 0x7D,
    0x46, 0xD4, 0x47, 0x04, 0x29, 0x24, 0x51, 0x04, 0x00, 0x90, 0x20, 0xD2, 0x4A, 0xAA, 0x98, 0x20,
    0x82, 0x14, 0x52, 0x28, 0x06, 0x00, 0x10, 0x41, 0x82, 0x7E, 0x0B, 0x29, 0xA4, 0x9F, 0x42, 0x0A,
    0xE9, 0x07, 0x00, 0x10, 0x41, 0x84, 0x7E, 0x43, 0x08, 0x21, 0x9F, 0x44, 0x12, 0xC9, 0x07, 0x00,
    0x10, 0x41, 0x95, 0x34, 0x43, 0xE8, 0x27, 0x84, 0x7E, 0x42, 0x08, 0x01, 0x00, 0x90, 0x43, 0x91,
    0x02, 0xFB, 0x09, 0xA0, 0x9F, 0x48, 0x22, 0x89, 0x06, 0x00, 0x10, 0xC1, 0x9F, 0x52, 0xFB, 0x29,
    0xA5, 0x94, 0x7E, 0x42, 0x08, 0x01, 0x00, 0xF0, 0x47, 0x90, 0x5E, 0x03, 0xE9, 0xA5, 0x94, 0x52,
    0x7A, 0x09, 0x06, 0x00, 0x50, 0x44, 0x93, 0x54, 0x13, 0x49, 0x24, 0x8B, 0x23, 0x42, 0xC9, 0x04,
    0x00, 0x50, 0x47, 0x95, 0x5E, 0x53, 0x49, 0xA5, 0x94, 0x52, 0x42, 0xC9, 0x07, 0x00, 0xE8, 0xA7,
    0xD4, 0x52, 0x4A, 0xE9, 0xA7, 0x94, 0x52, 0x4A, 0xE9, 0x07, 0x00, 0xD0, 0x47, 0x91, 0x44, 0xF3,
    0x49, 0x24, 0x91, 0x7C, 0x02, 0xE8, 0x07, 0x00, 0x10, 0xC1, 0x9F, 0x42, 0x03, 0xE8, 0x27, 0x84,
    0x10, 0x42, 0xC8, 0x01, 0x00, 0x10, 0x41, 0x84, 0x7E, 0x03, 0x48, 0x22, 0x89, 0x24, 0x42, 0xE8,
    0x07, 0x00, 0xD0, 0x47, 0x89, 0x24, 0xF3, 0x49, 0x22, 0x91, 0x4C, 0x02, 0xE8, 0x07, 0x00, 0x90,
    0x40, 0x84, 0x7E, 0x43, 0x08, 0x21, 0x9F, 0x10, 0x42, 0xE8, 0x07, 0x00, 0x90, 0xC0, 0x9F, 0x04,
    0x13, 0xC8, 0xA7, 0x84, 0x12, 0x42, 0xE8, 0x07, 0x00, 0x10, 0xC1, 0x9F, 0x08, 0x23, 0xC8, 0xA7,
    0x91, 0x45, 0x12, 0xC9, 0x07, 0x00, 0x90, 0x40, 0x82, 0x78, 0x23, 0x88, 0xA0, 0x9F, 0x42, 0x0A,
    0xE9, 0x07, 0x00, 0xD0, 0x47, 0x88, 0x2E, 0xAB, 0xA8, 0xA2, 0x8A, 0x2E, 0x82, 0x08, 0x03, 0x00,
    0x90, 0xC0, 0x9F, 0x42, 0x13, 0x48, 0x26, 0x87, 0x04, 0x12, 0xC9, 0x07, 0x00, 0x40, 0xC0, 0xC6,
    0x60, 0x7C, 0x40, 0xE0, 0x0F, 0x04, 0x92, 0x64, 0x04, 0x00, 0x50, 0xC1, 0x9F, 0x54, 0xFB, 0x49,
    0xE1, 0x9F, 0x54, 0xCA, 0x29, 0x01, 0x00, 0x50, 0x40, 0x9F, 0x0A, 0xEB, 0x89, 0x20, 0x82, 0x78,
    0x22, 0x88, 0x00, 0x00, 0x50, 0x40, 0x9F, 0x42, 0x7B, 0x49, 0x25, 0x95, 0x5C, 0x02, 0x09, 0x03,
    0x00, 0xF0, 0x47, 0x80, 0x7E, 0x23, 0xE8, 0x27, 0x89, 0x24, 0x72, 0x38, 0x06, 0x00, 0x50, 0x40,
    0x9F, 0x54, 0x4B, 0x08, 0x21, 0x8D, 0x54, 0x4A, 0x89, 0x01, 0x00, 0xD0, 0x47, 0x95, 0x7C, 0x53,
    0x49, 0x25, 0x9F, 0x54, 0x52, 0x29, 0x05, 0x00, 0xF0, 0x67, 0x50, 0x5F, 0x15, 0xF5, 0x55, 0x55,
    0x55, 0x55, 0x55, 0x04, 0x00, 0x90, 0x44, 0x8F, 0x28, 0xFB, 0x89, 0x20, 0x9B, 0x1A, 0x22, 0x89,
    0x07, 0x00, 0x90, 0x44, 0x8A, 0x7E, 0x43, 0xE8, 0x27, 0x84, 0x10, 0xFA, 0x09, 0x01, 0x00, 0xF0,
    0x47, 0x84, 0x08, 0xFB, 0x29, 0xA4, 0x9F, 0x42, 0x0A, 0xE9, 0x07, 0x00, 0x10, 0x41, 0x9F, 0x10,
    0xFB, 0x09, 0x21, 0x9F, 0x10, 0x42, 0xE8, 0x07, 0x00, 0x50, 0x42, 0x85, 0x7F, 0x93, 0x48, 0xE2,
    0x9F, 0x24, 0x8A, 0x28, 0x02, 0x00, 0x50, 0x41, 0x95, 0x36, 0x53, 0x68, 0x63, 0x95, 0x14, 0x4A,
    0x19, 0x07, 0x00, 0x50, 0xA3, 0xD0, 0x3C, 0x92, 0xC8, 0x23, 0x89, 0x3C, 0x92, 0x28, 0x03, 0x00,
    0x10, 0xC1, 0x9F, 0x10, 0xFB, 0x29, 0xA5, 0x9F, 0x14, 0x62, 0x68, 0x06, 0x00, 0xD0, 0x47, 0x91,
    0x44, 0xF3, 0x09, 0x20, 0x95, 0x54, 0x4A, 0x19, 0x05, 0x00, 0x40, 0xF0, 0x1F, 0x15, 0x54, 0xE8,
    0x12, 0x11, 0x0E, 0x54, 0x4C, 0x06, 0x00, 0x90, 0x47, 0x91, 0x28, 0x43, 0x88, 0xA7, 0x91, 0x28,
    0x62, 0x68, 0x00, 0x00, 0xF8, 0xA4, 0x54, 0x56, 0x55, 0x55, 0xB5, 0x55, 0x54, 0x09, 0x1D, 0x06,
    0x00, 0x10, 0x41, 0x9F, 0x10, 0xFB, 0x09, 0xA4, 0x9F, 0x40, 0x12, 0x89, 0x06, 0x00, 0x50, 0x41,
    0x9F, 0x14, 0x43, 0xE8, 0x27, 0x84, 0x38, 0x52, 0x29, 0x01, 0x00, 0x40, 0x80, 0x02, 0x11, 0xBB,
    0x01, 0xE0, 0x8F, 0x2A, 0xFE, 0xA8, 0x02, 0x00, 0x50, 0x42, 0x89, 0x7E, 0x93, 0x48, 0xA2, 0x9F,
    0x00, 0x92, 0x28, 0x04, 0x00, 0x90, 0xC0, 0x9F, 0x08, 0x53, 0x49, 0xA5, 0x89, 0x25, 0x52, 0xE9,
    0x04, 0x00, 0x50, 0x40, 0x9F, 0x02, 0xFB, 0x49, 0xA5, 0x9F, 0x54, 0xF2, 0x09, 0x02, 0x00, 0xD0,
    0x43, 0x88, 0x7E, 0x13, 0xC8, 0xA7, 0x84, 0x7E, 0xA2, 0x68, 0x04, 0x00, 0xD0, 0x47, 0x90, 0x7C,
    0x03, 0xE9, 0x27, 0x91, 0x24, 0x62, 0x68, 0x06, 0x00, 0xD0, 0x43, 0x89, 0x24, 0xF3, 0x88, 0xA0,
    0x9F, 0x42, 0x0A, 0xE9, 0x07, 0x00, 0xD0, 0x47, 0x84, 0x7E, 0x4B, 0xE9, 0xA7, 0x94, 0x7E, 0x22,
    0x68, 0x07, 0x00, 0xF0, 0x47, 0x92, 0x24, 0x53, 0x88, 0xA4, 0x9F, 0x10, 0x52, 0x29, 0x05, 0x00,
    0xD0, 0x47, 0x91, 0x44, 0xF3, 0x09, 0x21, 0x9D, 0x14, 0x72, 0x28, 0x06, 0x00, 0x90, 0xC3, 0x95,
    0x14, 0xFB, 0x49, 0x21, 0x95, 0x2E, 0x92, 0x68, 0x05, 0x00, 0x90, 0x40, 0x91, 0x7E, 0xA3, 0x68,
    0x26, 0x8E, 0x26, 0x62, 0x68, 0x06, 0x00, 0xC8, 0x27, 0x51, 0x7D, 0x19, 0x41, 0x24, 0x9F, 0x44,
    0x15, 0xE5, 0x07, 0x00, 0x10, 0x41, 0x95, 0x34, 0x43, 0xC8, 0x27, 0x91, 0x7C, 0x12, 0x49, 0x06,
    0x00, 0x90, 0xC5, 0x95, 0x54, 0x7F, 0x49, 0xA5, 0x95, 0x5D, 0x12, 0x49, 0x06, 0x00, 0xD0, 0x43,
    0x88, 0x7E, 0x4B, 0xE9, 0xA7, 0x94, 0x7E, 0x4A, 0x29, 0x05, 0x00, 0x50, 0xC2, 0x90, 0x18, 0x93,
    0x28, 0x64, 0x9F, 0x44, 0x12, 0xC9, 0x07, 0x00, 0xD0, 0x47, 0x89, 0x4A, 0x43, 0xC8, 0x23, 0x88,
    0x7E, 0x42, 0x88, 0x01, 0x00, 0xD0, 0x47, 0x95, 0x7C, 0x53, 0xC9, 0x27, 0x84, 0x7C, 0x42, 0xE8,
    0x07, 0x00, 0xD0, 0x47, 0x91, 0x44, 0xF3, 0x09, 0xA1, 0x9F, 0x38, 0x52, 0x29, 0x01, 0x00, 0xF0,
    0x21, 0x48, 0x5F, 0x00, 0x3C, 0x95, 0xD4, 0x2B, 0x49, 0x35, 0x05, 0x00, 0x90, 0x40, 0x91, 0x7E,
    0x13, 0xC8, 0xA7, 0x84, 0x7E, 0xA2, 0x68, 0x04, 0x00, 0x10, 0xC1, 0x9F, 0x10, 0x53, 0x49, 0xA5,
    0x8E, 0x10, 0xA2, 0x68, 0x04, 0x00, 0xD0, 0x47, 0x80, 0x7E, 0x03, 0xC8, 0x27, 0x80, 0x7C, 0x12,
    0xC9, 0x07, 0x00, 0x90, 0x40, 0x9E, 0x44, 0xAB, 0xA8, 0xA1, 0x99, 0x1A, 0x8A, 0xC9, 0x01, 0x00,
    0x90, 0xC0, 0x9F, 0x52, 0xEB, 0xE9, 0xA4, 0x96, 0x6A, 0x26, 0x89, 0x06, 0x00, 0xD0, 0x43, 0x89,
    0x3C, 0x93, 0xC8, 0x23, 0x89, 0x7E, 0x92, 0x28, 0x04, 0x00, 0x48, 0xE1, 0x9D, 0x14, 0xDD, 0x45,
    0xD1, 0x45, 0x74, 0x49, 0x24, 0x01, 0x00, 0x10, 0xC1, 0x9F, 0x28, 0xFB, 0x49, 0xA1, 0x9F, 0x11,
    0xFA, 0x09, 0x01, 0x00, 0x90, 0xC0, 0x9F, 0x2C, 0x2B, 0xF9, 0xA7, 0x92, 0x7E, 0x2A, 0x88, 0x07,
    0x00, 0x90, 0xC0, 0x9F, 0x52, 0xFB, 0x29, 0xA5, 0x9F, 0x24, 0xFE, 0x09, 0x02, 0x00, 0xD0, 0x47,
    0x81, 0x7C, 0x13, 0xE8, 0x27, 0x85, 0x54, 0x92, 0xE8, 0x04, 0x00, 0xF0, 0x27, 0x42, 0x7F, 0x25,
    0xB5, 0xD5, 0x56, 0x6D, 0x25, 0x95, 0x06, 0x00, 0xE0, 0x41, 0x88, 0x7F, 0x85, 0xF0, 0x43, 0x80,
    0x3F, 0x85, 0xF0, 0x03, 0x00, 0xE8, 0xA7, 0xD4, 0x7E, 0x4A, 0xA9, 0xA7, 0x9A, 0x7A, 0x0A, 0xE9,
    0x07, 0x00, 0x90, 0xA0, 0xDF, 0x42, 0xF2, 0x48, 0x22, 0x9F, 0x44, 0x12, 0xC9, 0x07, 0x00, 0x10,
    0x41, 0x9F, 0x28, 0xFB, 0x09, 0x20, 0x9F, 0x44, 0x12, 0xC9, 0x07, 0x00, 0x90, 0x47, 0x91, 0x2A,
    0x6B, 0x68, 0xA6, 0x94, 0x7E, 0xA2, 0x68, 0x04, 0x00, 0x78, 0x67, 0x55, 0x77, 0x55, 0x75, 0x57,
    0x50, 0x41, 0x05, 0x15, 0x06, 0x00, 0xF8, 0x25, 0x95, 0x52, 0x7F, 0x25, 0xD5, 0x57, 0x52, 0x09,
    0xFD, 0x06, 0x00, 0xE0, 0xC7, 0x90, 0x7E, 0x4B, 0x68, 0x65, 0x9F, 0x10, 0x4A, 0xE9, 0x07, 0x00,
    0x10, 0xC1, 0x9F, 0x10, 0xFB, 0x49, 0xA2, 0x9F, 0x10, 0xFA, 0x09, 0x01, 0x00, 0x90, 0xA4, 0xCA,
    0x08, 0xFA, 0x29, 0xA4, 0x97, 0x52, 0x7A, 0x29, 0x06, 0x00, 0x90, 0x43, 0x88, 0x7C, 0x2B, 0xA8,
    0xA7, 0x85, 0x7A, 0x42, 0xC8, 0x06, 0x00, 0x90, 0xC0, 0x9F, 0x14, 0x8B, 0xF8, 0x27, 0x88, 0x2E,
    0xAA, 0xE8, 0x03, 0x00, 0x50, 0xC2, 0x9F, 0x24, 0x93, 0xF8, 0x27, 0x91, 0x7C, 0x12, 0xC9, 0x07,
    0x00, 0xD0, 0x43, 0x89, 0x3C, 0x93, 0xE8, 0xA7, 0x90, 0x7E, 0x0A, 0xE9, 0x07, 0x00, 0x50, 0xC1,
    0x9F, 0x44, 0x53, 0xE9, 0xA5, 0x8A, 0x29, 0x62, 0x69, 0x04, 0x00, 0x10, 0xC1, 0x9F, 0x54, 0x53,
    0x38, 0x27, 0x80, 0x7E, 0x42, 0xF8, 0x07, 0x00, 0x28, 0x25, 0x89, 0x7F, 0x93, 0xF8, 0xA7, 0x88,
    0x3D, 0x12, 0xC9, 0x07, 0x00, 0xE0, 0xC7, 0x90, 0x7E, 0x4B, 0xE8, 0xA7, 0x84, 0x7D, 0x12, 0xC9,
    0x07, 0x00, 0x10, 0x41, 0x9F, 0x10, 0xFB, 0x49, 0x25, 0x95, 0x7C, 0x12, 0x49, 0x06, 0x00, 0x90,
    0xC0, 0x99, 0x42, 0xDB, 0x29, 0xA4, 0x9F, 0x14, 0x4A, 0x19, 0x07, 0x00, 0xD0, 0x43, 0x90, 0x7E,
    0x03, 0xE8, 0x27, 0x95, 0x7E, 0x52, 0x49, 0x05, 0x00, 0xF0, 0x47, 0x84, 0x7E, 0x53, 0x28, 0xE5,
    0x9F, 0x24, 0x72, 0x38, 0x06, 0x00, 0xD0, 0x43, 0x84, 0x3C, 0x93, 0xC8, 0x23, 0x89, 0x3C, 0x92,
    0xE8, 0x07, 0x00, 0xE0, 0xC7, 0x92, 0x7A, 0x2B, 0xE9, 0xA7, 0x92, 0x32, 0x2A, 0xE9, 0x07, 0x00,
    0xE8, 0xA6, 0xD2, 0x6E, 0x0A, 0x68, 0xA7, 0x94, 0x26, 0x4A, 0xA9, 0x04, 0x00, 0x48, 0xA0, 0xCF,
    0x24, 0xFA, 0x29, 0xA2, 0x8F, 0x14, 0xFA, 0x09, 0x01, 0x00, 0x50, 0xC2, 0x9F, 0x10, 0xFB, 0x89,
    0x20, 0x9F, 0x46, 0x12, 0xC9, 0x07, 0x00, 0xD0, 0x47, 0x95, 0x7C, 0x53, 0xE9, 0x27, 0x81, 0x54,
    0x92, 0xE8, 0x04, 0x00, 0xF0, 0x47, 0x80, 0x7E, 0x0B, 0xE9, 0x67, 0x95, 0x7E, 0x52, 0x49, 0x05,
    0x00, 0x50, 0x42, 0x9B, 0x24, 0x93, 0xC8, 0x27, 0x91, 0x7C, 0x12, 0xC9, 0x07, 0x00, 0x50, 0x41,
    0x9D, 0x4F, 0x53, 0xE9, 0xA5, 0x8A, 0x2A, 0x7A, 0x89, 0x04, 0x00, 0x10, 0xC1, 0x9F, 0x24, 0x93,
    0xE8, 0xA7, 0x90, 0x3C, 0x42, 0x88, 0x01, 0x00, 0x10, 0xC1, 0x9F, 0x52, 0xFB, 0x19, 0xA5, 0x9F,
    0x12, 0x1A, 0x98, 0x07, 0x00, 0x78, 0x54, 0x55, 0x57, 0x55, 0x75, 0x55, 0x55, 0x57, 0x09, 0x55,
    0x06, 0x00, 0x90, 0x40, 0x9E, 0x08, 0xFB, 0x29, 0xA4, 0x9F, 0x42, 0xFA, 0x18, 0x04, 0x00, 0xE0,
    0xC7, 0x94, 0x7E, 0x4B, 0xE9, 0x27, 0x84, 0x7E, 0x2A, 0xA9, 0x05, 0x00, 0xD0, 0xA3, 0xD0, 0x7C,
    0x02, 0xE8, 0xA5, 0x94, 0x3E, 0x4A, 0xA9, 0x05, 0x00, 0xD0, 0xA2, 0xDA, 0x24, 0xAA, 0xC8, 0x27,
    0x91, 0x7C, 0x12, 0xC9, 0x07, 0x00, 0x50, 0x42, 0x84, 0x3E, 0x93, 0xE8, 0xA7, 0x90, 0x7F, 0x02,
    0xA9, 0x06, 0x00, 0x90, 0xC0, 0x9F, 0x4A, 0xFB, 0xA9, 0xA4, 0x9F, 0x2C, 0x2A, 0x99, 0x07, 0x00,
    0x10, 0xC5, 0x9F, 0x54, 0xF3, 0x49, 0x25, 0x88, 0x7E, 0x92, 0x88, 0x02, 0x00, 0x90, 0xC0, 0x9F,
    0x24, 0x93, 0xF8, 0x27, 0x92, 0x7E, 0x12, 0x29, 0x03, 0x00, 0xE8, 0xA2, 0x9E, 0x2D, 0xE3, 0x69,
    0x22, 0x84, 0x7F, 0x52, 0x28, 0x05, 0x00, 0x90, 0x43, 0x91, 0x7E, 0x13, 0xC9, 0x27, 0x81, 0x7C,
    0x1A, 0xC9, 0x07, 0x00, 0x40, 0xC0, 0xC6, 0x60, 0x92, 0x54, 0x25, 0x49, 0x55, 0xFF, 0x41, 0x00,
    0x00, 0x50, 0xC2, 0x9F, 0x24, 0xFB, 0x29, 0xA0, 0x9F, 0x53, 0xFA, 0x29, 0x05, 0x00, 0x90, 0xA0,
    0xDF, 0x42, 0xF2, 0x88, 0xA0, 0x95, 0x28, 0x9A, 0x89, 0x01, 0x00, 0xA0, 0xC4, 0x9F, 0x24, 0xFB,
    0x39, 0xA1, 0x9F, 0x12, 0x4A, 0xE8, 0x07, 0x00, 0x10, 0xC1, 0x9F, 0x52, 0xFB, 0x29, 0xA5, 0x9F,
    0x55, 0xF2, 0x49, 0x05, 0x00, 0x50, 0xA0, 0xDF, 0x52, 0xBA, 0xA9, 0xA4, 0x9F, 0x10, 0x1A, 0xA9,
    0x05, 0x00, 0x28, 0xE1, 0x9F, 0x42, 0x7F, 0x29, 0xE5, 0x8B, 0x2A, 0x6A, 0xD9, 0x04, 0x00, 0x90,
    0xC0, 0x9F, 0x4A, 0xFB, 0x89, 0xE4, 0x9F, 0x40, 0x12, 0x89, 0x06, 0x00, 0x88, 0xA0, 0xCF, 0x08,
    0xFE, 0x29, 0xA2, 0x8F, 0x22, 0xFA, 0x18, 0x04, 0x00, 0x50, 0xC0, 0x9F, 0x22, 0xFB, 0x28, 0xE2,
    0x9F, 0x54, 0x2A, 0x59, 0x03, 0x00, 0x50, 0xA0, 0xDF, 0x6A, 0x4A, 0xE9, 0x27, 0x89, 0x5A, 0x42,
    0xE8, 0x06, 0x00, 0xD0, 0x47, 0x84, 0x7A, 0x3B, 0xA9, 0xA7, 0x92, 0x7E, 0xA2, 0x68, 0x04, 0x00,
    0xF0, 0x47, 0x8A, 0x7E, 0x4B, 0xE9, 0x27, 0x84, 0x7E, 0x42, 0xE8, 0x07, 0x00, 0xD0, 0xC3, 0x88,
    0x7E, 0x2B, 0xE9, 0x27, 0x95, 0x3A, 0x52, 0xA9, 0x05, 0x00, 0xF0, 0x47, 0x82, 0x7E, 0x93, 0xA8,
    0x65, 0x80, 0x7E, 0x6A, 0x29, 0x06, 0x00, 0x50, 0xC5, 0x9F, 0x24, 0x93, 0xF8, 0x27, 0x84, 0x7E,
    0xA2, 0x68, 0x04, 0x00, 0x10, 0xC1, 0x9F, 0x10, 0xFB, 0x49, 0x24, 0x8A, 0x7F, 0x0A, 0xE9, 0x07,
    0x00, 0x10, 0xC1, 0x9F, 0x2A, 0xF3, 0x69, 0x64, 0x9F, 0x10, 0x52, 0xA9, 0x05, 0x00, 0x90, 0xC0,
    0x9F, 0x24, 0xFB, 0x49, 0xE2, 0x9F, 0x14, 0x4A, 0x19, 0x07, 0x00, 0x50, 0xC1, 0x9F, 0x52, 0xFB,
    0x29, 0xA5, 0x9F, 0x44, 0x12, 0xC9, 0x07, 0x00, 0x50, 0xC2, 0x9F, 0x2A, 0xFB, 0xA9, 0x62, 0x95,
    0x7E, 0x0A, 0xE9, 0x07, 0x00, 0x10, 0xC1, 0x9F, 0x24, 0x93, 0xF8, 0xA7, 0x94, 0x7E, 0x42, 0xE8,
    0x07, 0x00, 0xD0, 0x27, 0xC0, 0x7E, 0x0A, 0xE9, 0x67, 0x89, 0x7C, 0x9A, 0xC8, 0x07, 0x00, 0xF0,
    0xA7, 0x8A, 0x3E, 0xAB, 0xF8, 0xA7, 0x8A, 0x3E, 0xAA, 0xF8, 0x07, 0x00, 0xF8, 0x27, 0x85, 0x7F,
    0x55, 0xF5, 0x97, 0x48, 0x22, 0x71, 0x34, 0x06, 0x00, 0xF0, 0xA2, 0xDE, 0x5A, 0x7A, 0x29, 0xE7,
    0x8B, 0x7A, 0xAA, 0xE8, 0x02, 0x00, 0x90, 0xC2, 0x9F, 0x10, 0xFB, 0x49, 0xA5, 0x9F, 0x54, 0xBA,
    0x48, 0x05, 0x00, 0x50, 0xC1, 0x9F, 0x54, 0xFB, 0x29, 0xA0, 0x9F, 0x55, 0x92, 0xC8, 0x04, 0x00,
    0x10, 0x41, 0x9F, 0x28, 0xFB, 0x49, 0x24, 0x9F, 0x12, 0x16, 0xC9, 0x05, 0x00, 0xD0, 0x43, 0x90,
    0x7E, 0x03, 0xF8, 0x27, 0x95, 0x7F, 0x0A, 0xE9, 0x07, 0x00, 0x90, 0x43, 0x91, 0x7A, 0x03, 0xE8,
    0xA7, 0x94, 0x7E, 0xA2, 0x68, 0x05, 0x00, 0x10, 0xC1, 0x9F, 0x40, 0xFB, 0x18, 0xA5, 0x8F, 0x22,
    0x7A, 0x38, 0x06, 0x00, 0xF0, 0x47, 0x82, 0x7F, 0x23, 0xE9, 0x26, 0x82, 0x7F, 0x2A, 0xA9, 0x06,
    0x00, 0xF0, 0x47, 0x82, 0x7E, 0x23, 0xE9, 0x23, 0x80, 0x7F, 0x2A, 0xE9, 0x06, 0x00, 0x90, 0xC0,
    0x9F, 0x48, 0xFB, 0xA9, 0x62, 0x95, 0x7E, 0x52, 0xF9, 0x07, 0x00, 0x90, 0xC2, 0x9F, 0x24, 0xFB,
    0x29, 0xA4, 0x9F, 0x42, 0xFA, 0x18, 0x04, 0x00, 0xE8, 0xA3, 0x8A, 0x3E, 0x01, 0xF4, 0x57, 0x55,
    0x7F, 0x55, 0xF5, 0x07, 0x00, 0xF0, 0xC7, 0x88, 0x3E, 0x8B, 0xF8, 0xA7, 0x94, 0x25, 0x62, 0x68,
    0x06, 0x00, 0x78, 0x22, 0x9E, 0x27, 0xE1, 0x75, 0x15, 0x5E, 0x57, 0x55, 0x75, 0x07, 0x00, 0x70,
    0x47, 0x80, 0x6E, 0xAB, 0xE8, 0x27, 0x95, 0x7E, 0x96, 0xC8, 0x06, 0x00, 0xD0, 0x47, 0x95, 0x7E,
    0x4B, 0xE8, 0xA7, 0x92, 0x5E, 0xAE, 0x88, 0x05, 0x00, 0xFC, 0x47, 0x02, 0x09, 0x24, 0x90, 0x20,
    0x82, 0x48, 0x21, 0x85, 0x07, 0x00, 0x20, 0x40, 0x84, 0x20, 0xFF, 0xA1, 0x80, 0x02, 0x4A, 0x24,
    0x8D, 0x07, 0x00, 0xF8, 0x03, 0x00, 0x00, 0xFF, 0x91, 0x40, 0x02, 0x49, 0x22, 0x85, 0x07, 0x00,
    0xF8, 0x23, 0x88, 0x20, 0x82, 0xF8, 0x83, 0x02, 0x4A, 0x24, 0x8D, 0x07, 0x00, 0x40, 0xF0, 0x1F,
    0x12, 0x84, 0xF8, 0x85, 0x02, 0x4A, 0x24, 0x8D, 0x07, 0x00, 0xA0, 0x90, 0x92, 0x2A, 0x28, 0xB0,
    0xA2, 0x52, 0x0A, 0x24, 0x8D, 0x07, 0x00, 0xA0, 0x20, 0x89, 0x2A, 0x82, 0xF8, 0x83, 0x02, 0x4A,
    0x24, 0x8D, 0x07, 0x00, 0x48, 0xE0, 0x8F, 0x04, 0x11, 0xFC, 0x87, 0x02, 0x0A, 0x24, 0x8D, 0x07,
    0x00, 0x40, 0x20, 0x09, 0x15, 0x10, 0xFC, 0x87, 0x02, 0x0A, 0x24, 0x8D, 0x07, 0x00, 0x40, 0xF0,
    0x1F, 0x04, 0xFE, 0x08, 0xE2, 0x0F, 0x0A, 0x24, 0x8D, 0x07, 0x00, 0xD0, 0x21, 0x48, 0x5F, 0x44,
    0x10, 0xC1, 0x07, 0x4A, 0x24, 0x8D, 0x07, 0x00, 0xF0, 0x21, 0xC4, 0x3F, 0x92, 0x48, 0xE2, 0x0F,
    0x4A, 0x24, 0x8D, 0x07, 0x00, 0x20, 0x60, 0x8E, 0x20, 0xEE, 0x08, 0xE2, 0x0F, 0x0A, 0x24, 0x8D,
    0x07, 0x00, 0xF0, 0x21, 0xC4, 0x3F, 0x92, 0x48, 0xE2, 0x0F, 0x2A, 0x24, 0x8D, 0x07, 0x00, 0xB8,
    0xA3, 0x8A, 0x2E, 0x82, 0xF8, 0x83, 0x02, 0x0A, 0x24, 0x0D, 0x07, 0x00, 0x40, 0xF0, 0x1F, 0x11,
    0x83, 0xF1, 0x41, 0x04, 0x1F, 0x28, 0x9D, 0x07, 0x00, 0x20, 0xB0, 0x5B, 0x51, 0x7D, 0x15, 0xB5,
    0x1B, 0x00, 0x24, 0x8D, 0x07, 0x00, 0x10, 0xF1, 0x1E, 0x11, 0xEF, 0xA5, 0xF4, 0x9E, 0x19, 0x55,
    0x75, 0x07, 0x00, 0x70, 0x00, 0x01, 0x04, 0x10, 0xA0, 0x80, 0x02, 0x11, 0x82, 0x04, 0x04, 0x00,
    0x70, 0x00, 0xC1, 0x7F, 0x11, 0xA5, 0x54, 0x54, 0x40, 0x01, 0x05, 0x06, 0x00, 0xF8, 0x40, 0x84,
    0x20, 0x7D, 0x41, 0xE0, 0x0F, 0x04, 0x10, 0xFC, 0x07, 0x00, 0xFC, 0x07, 0xC1, 0x7F, 0x11, 0xDD,
    0x55, 0xD5, 0x6E, 0x11, 0x45, 0x06, 0x00, 0xE0, 0x01, 0x04, 0x10, 0x44, 0x10, 0x22, 0x88, 0x20,
    0x01, 0x05, 0x04, 0x00, 0xE0, 0x21, 0x84, 0x20, 0x89, 0x24, 0x44, 0x14, 0x11, 0xA2, 0x78, 0x02,
    0x00, 0x40, 0x00, 0xC1, 0x7F, 0x00, 0x00, 0x40, 0x08, 0x21, 0x02, 0x05, 0x04, 0x00, 0xD0, 0x21,
    0x48, 0x40, 0xFE, 0x10, 0xE0, 0x8F, 0x20, 0x40, 0xC0, 0x00, 0x00, 0x10, 0x41, 0xC4, 0x7F, 0x44,
    0x10, 0xF1, 0x1F, 0x00, 0x44, 0x0C, 0x06, 0x00, 0x00, 0xE3, 0x83, 0x00, 0xFE, 0x08, 0x21, 0xC4,
    0x7F, 0x44, 0x0C, 0x06, 0x00, 0x10, 0xF1, 0x1F, 0x11, 0x7C, 0x10, 0xF1, 0x1F, 0x00, 0x44, 0x0C,
    0x06, 0x00, 0xF8, 0x23, 0x88, 0x3F, 0x82, 0xF8, 0x23, 0xC8, 0x7F, 0x44, 0x0C, 0x06, 0x00, 0xA0,
    0xE0, 0x8F, 0x2A, 0xFE, 0xA8, 0xF2, 0x1F, 0x00, 0x44, 0x0C, 0x06, 0x00, 0x10, 0xF1, 0x1F, 0x2A,
    0xFF, 0xA1, 0xE2, 0x0F, 0x0A, 0xAC, 0xAC, 0x04, 0x00, 0xA0, 0xF4, 0x0E, 0x4A, 0xFF, 0x49, 0xE2,
    0x8F, 0x24, 0xFF, 0x11, 0x01, 0x00, 0x40, 0xE0, 0x8F, 0x24, 0xFE, 0x48, 0x22, 0xC9, 0x7F, 0x82,
    0x08, 0x03, 0x00, 0xF8, 0xA3, 0x8A, 0x2A, 0xAA, 0xFC, 0xA7, 0x8A, 0x2A, 0xAA, 0x08, 0x03, 0x00,
    0xFC, 0x07, 0x81, 0x3F, 0x92, 0xF8, 0x23, 0xC9, 0x7F, 0x82, 0x08, 0x03, 0x00, 0x40, 0xF0, 0x5F,
    0x44, 0xFF, 0x45, 0xF4, 0x9F, 0x20, 0xBA, 0x08, 0x03, 0x00, 0xFC, 0x17, 0xD0, 0x7F, 0x01, 0xFD,
    0x27, 0x88, 0x3F, 0x82, 0xF8, 0x03, 0x00, 0xF8, 0x23, 0x88, 0x2E, 0x44, 0xFC, 0x23, 0x89, 0x3F,
    0x28, 0x9D, 0x07, 0x00, 0xFC, 0x17, 0x50, 0x40, 0x3C, 0x90, 0x40, 0x02, 0x49, 0x24, 0x8D, 0x07,
    0x00, 0xFC, 0x17, 0x90, 0x23, 0xE0, 0x7D, 0xA2, 0x8A, 0x32, 0x0A, 0xE5, 0x07, 0x00, 0xFC, 0x17,
    0x90, 0x3F, 0x14, 0xC9, 0x92, 0x06, 0x29, 0x23, 0x61, 0x00, 0x00, 0xFC, 0x17, 0x50, 0x5F, 0x42,
    0xFC, 0x23, 0x89, 0x3F, 0x28, 0x9D, 0x07, 0x00, 0xFC, 0x17, 0x90, 0x3F, 0x82, 0xF8, 0x23, 0xC8,
    0x7F, 0x44, 0x0C, 0x06, 0x00, 0x20, 0x80, 0x0F, 0x21, 0x4A, 0xC0, 0xC0, 0xC4, 0x6C, 0x0C, 0xC0,
    0x01, 0x00, 0x04, 0x21, 0x14, 0x36, 0x50, 0x40, 0x21, 0x8D, 0x52, 0x49, 0x85, 0x01, 0x00, 0x84,
    0x20, 0x11, 0x42, 0xF8, 0x01, 0x80, 0x1F, 0x42, 0x0A, 0xE5, 0x07, 0x00, 0x84, 0x23, 0x11, 0x02,
    0xF8, 0x01, 0xA0, 0x9F, 0x48, 0x21, 0x85, 0x06, 0x00, 0xE4, 0x25, 0x12, 0x5D, 0x50, 0x41, 0xA5,
    0x96, 0x50, 0x21, 0x65, 0x06, 0x00, 0x40, 0x92, 0x9F, 0x12, 0xFC, 0x21, 0xA1, 0x9F, 0x12, 0x49,
    0xE4, 0x07, 0x00, 0xF4, 0x67, 0x12, 0x7F, 0x24, 0xF1, 0x47, 0x50, 0x5D, 0x55, 0xD5, 0x05, 0x00,
    0x04, 0xA1, 0x1F, 0x10, 0xFC, 0x41, 0xC1, 0x1E, 0x24, 0x62, 0x64, 0x06, 0x00, 0x04, 0xE1, 0x1F,
    0x52, 0xF8, 0x21, 0xA5, 0x9F, 0x18, 0x51, 0x35, 0x05, 0x00, 0x04, 0xE1, 0x1F, 0x5A, 0x08, 0xE1,
    0x27, 0x84, 0x7E, 0x51, 0x34, 0x05, 0x00, 0x90, 0xD7, 0x93, 0x21, 0xFC, 0x51, 0xE5, 0x87, 0x74,
    0x59, 0xD4, 0x07, 0x00, 0xF0, 0x41, 0x04, 0x11, 0x44, 0x10, 0x41, 0x04, 0x51, 0x42, 0x05, 0x07,
    0x00, 0xF0, 0x41, 0x04, 0x11, 0x4C, 0x50, 0x41, 0x85, 0x50, 0x42, 0x05, 0x07, 0x00, 0xF8, 0x23,
    0x89, 0x2E, 0xAA, 0xE8, 0x22, 0x89, 0x2E, 0x92, 0xF5, 0x05, 0x00, 0x54, 0xF7, 0x15, 0x50, 0x5F,
    0x45, 0xF5, 0x95, 0x52, 0x4A, 0xFD, 0x04, 0x00, 0xFC, 0x82, 0x8A, 0x52, 0xFC, 0x2C, 0x85, 0xC4,
    0x7F, 0x44, 0x0C, 0x07, 0x00, 0x04, 0x54, 0x54, 0x4A, 0x11, 0xA5, 0x54, 0x54, 0x40, 0x01, 0xFD,
    0x07, 0x00, 0xF0, 0x41, 0x04, 0x11, 0x44, 0x1C, 0x17, 0x50, 0x40, 0x01, 0xFD, 0x07, 0x00, 0xBC,
    0x97, 0x52, 0x4A, 0x29, 0xE5, 0x14, 0x50, 0x40, 0x01, 0xFD, 0x07, 0x00, 0x40, 0x20, 0x89, 0x24,
    0xFE, 0x40, 0x10, 0x51, 0x44, 0x11, 0xFD, 0x07, 0x00, 0xFC, 0x87, 0x00, 0x22, 0x5B, 0xC5, 0x54,
    0xD5, 0x64, 0x11, 0xFD, 0x07, 0x00, 0xFC, 0x87, 0x10, 0x42, 0x08, 0x21, 0x44, 0x10, 0x41, 0x02,
    0x05, 0x03, 0x00, 0xF8, 0x07, 0x10, 0x40, 0x20, 0x61, 0x64, 0x10, 0x20, 0x80, 0x80, 0x01, 0x00,
    0xFC, 0x87, 0x90, 0x42, 0x0C, 0x21, 0x44, 0x11, 0x49, 0x82, 0x88, 0x01, 0x00, 0xD0, 0x43, 0x88,
    0x20, 0x02, 0xF5, 0x97, 0x08, 0x22, 0x84, 0x90, 0x01, 0x00, 0xE8, 0x27, 0x92, 0x4A, 0x26, 0x8D,
    0x24, 0x91, 0x44, 0x8E, 0x80, 0x01, 0x00, 0x20, 0x84, 0x52, 0x4A, 0x2A, 0x91, 0x44, 0x92, 0x4A,
    0x12, 0x05, 0x06, 0x00, 0x7C, 0x44, 0x12, 0x49, 0x24, 0xFD, 0x44, 0x12, 0x49, 0x04, 0x11, 0x06,
    0x00, 0x08, 0xE4, 0x55, 0x55, 0x55, 0x51, 0x25, 0x95, 0x54, 0x10, 0x31, 0x06, 0x00, 0xFC, 0xA4,
    0x94, 0x52, 0x4A, 0xFD, 0xA5, 0x94, 0x52, 0x09, 0x25, 0x06, 0x00, 0x08, 0x24, 0xD1, 0x57, 0x42,
    0x49, 0xA5, 0x14, 0x51, 0x06, 0x65, 0x06, 0x00, 0xFC, 0x44, 0x14, 0x57, 0x52, 0x55, 0x85, 0x14,
    0x52, 0x04, 0x0D, 0x06, 0x00, 0xE8, 0x27, 0xD2, 0x4B, 0x28, 0x91, 0x24, 0xD1, 0x45, 0x0A, 0x29,
    0x03, 0x00, 0x10, 0x54, 0x55, 0x53, 0x44, 0x7D, 0x45, 0xD4, 0x57, 0x04, 0x11, 0x06, 0x00, 0x7C,
    0x14, 0x55, 0x54, 0x5F, 0x09, 0xE5, 0x55, 0x54, 0x11, 0x31, 0x06, 0x00, 0x04, 0xF4, 0x15, 0x54,
    0x57, 0x55, 0x75, 0x55, 0x56, 0x01, 0x79, 0x06, 0x00, 0x60, 0x74, 0x14, 0x51, 0x5F, 0x11, 0xC5,
    0x94, 0x55, 0x05, 0x11, 0x06, 0x00, 0x7C, 0x54, 0x55, 0x55, 0x55, 0xFD, 0x55, 0x55, 0x55, 0x15,
    0x45, 0x06, 0x00, 0x60, 0x74, 0x14, 0x51, 0x7F, 0x11, 0xF5, 0x55, 0x54, 0x11, 0x7D, 0x06, 0x00,
    0x7C, 0x44, 0x94, 0x54, 0x5F, 0x11, 0xF5, 0x15, 0x51, 0x1C, 0x0D, 0x06, 0x00, 0x14, 0xF4, 0x55,
    0x51, 0x5F, 0x11, 0xF5, 0x55, 0x55, 0x1D, 0x11, 0x06, 0x00, 0x7C, 0x14, 0xD5, 0x57, 0x45, 0x7D,
    0x55, 0x55, 0x55, 0x1D, 0x15, 0x06, 0x00, 0x50, 0x42, 0xC5, 0x7F, 0x48, 0xFC, 0x27, 0x48, 0x5F,
    0x48, 0x98, 0x01, 0x00, 0x10, 0xF4, 0x15, 0x51, 0x5F, 0x55, 0x55, 0x95, 0x53, 0x15, 0x11, 0x06,
    0x00, 0x20, 0xF4, 0x17, 0x51, 0x52, 0x29, 0x45, 0xD4, 0x54, 0x0C, 0xCD, 0x06, 0x00, 0x38, 0xA4,
    0x54, 0x56, 0x44, 0x7D, 0x45, 0x94, 0x53, 0x15, 0x11, 0x06, 0x00, 0x48, 0xA4, 0xD4, 0x57, 0x54,
    0x7D, 0x55, 0xD4, 0x4F, 0x26, 0xD5, 0x06, 0x00, 0x7C, 0x14, 0xD5, 0x57, 0x51, 0x7D, 0x15, 0xD5,
    0x57, 0x0A, 0x45, 0x06, 0x00, 0x10, 0x54, 0x55, 0x53, 0x44, 0x7D, 0x15, 0xD5, 0x57, 0x11, 0x65,
    0x06, 0x00, 0x10, 0xF4, 0x15, 0x51, 0x5F, 0x45, 0xF5, 0x91, 0x62, 0x0A, 0xC4, 0x07, 0x00, 0x10,
    0xF4, 0x15, 0x51, 0x5F, 0x55, 0xF5, 0x15, 0x51, 0x16, 0x95, 0x06, 0x00, 0x90, 0xF0, 0x1F, 0x00,
    0x2F, 0xA5, 0xF4, 0x52, 0x4A, 0x0F, 0x25, 0x06, 0x00, 0x44, 0xE4, 0x54, 0x54, 0x64, 0x7D, 0x45,
    0x94, 0x53, 0x15, 0x11, 0x06, 0x00, 0x7C, 0x14, 0xD5, 0x57, 0x51, 0x7D, 0x25, 0xD4, 0x5F, 0x2A,
    0xD5, 0x06, 0x00, 0x10, 0xF4, 0x97, 0x54, 0x52, 0xFD, 0x05, 0xD4, 0x57, 0x11, 0x7D, 0x06, 0x00,
    0x7C, 0x14, 0xD5, 0x56, 0x55, 0x7D, 0x55, 0x55, 0x55, 0x1F, 0x45, 0x06, 0x00, 0x10, 0xF4, 0x57,
    0x50, 0x76, 0x55, 0x55, 0x95, 0x5D, 0x14, 0xCD, 0x05, 0x00, 0x78, 0x24, 0xD5, 0x57, 0x48, 0x7D,
    0x55, 0x95, 0x53, 0x15, 0x59, 0x06, 0x00, 0x7C, 0x44, 0xD4, 0x5F, 0x54, 0x59, 0x55, 0x17, 0x53,
    0x16, 0x95, 0x06, 0x00, 0x10, 0xF1, 0x5F, 0x4A, 0x2F, 0x25, 0x06, 0xC0, 0x7F, 0x08, 0x1D, 0x03,
    0x00, 0xFC, 0x04, 0x94, 0x57, 0x52, 0xFD, 0x55, 0xD2, 0x4F, 0x25, 0xFD, 0x06, 0x00, 0x20, 0xF4,
    0x57, 0x52, 0x7E, 0x21, 0xF5, 0x97, 0x48, 0x22, 0xF9, 0x06, 0x00, 0x54, 0x54, 0xD5, 0x57, 0x40,
    0x7D, 0x15, 0xD5, 0x57, 0x0A, 0x7D, 0x06, 0x00, 0x30, 0x24, 0xD5, 0x5F, 0x52, 0x79, 0x25, 0x94,
    0x57, 0x15, 0x75, 0x06, 0x00, 0x20, 0xF4, 0x17, 0x49, 0x24, 0xF9, 0x25, 0x91, 0x5F, 0x11, 0xF5,
    0x05, 0x00, 0x7C, 0xA4, 0xD4, 0x57, 0x55, 0x7D, 0x05, 0xD4, 0x57, 0x06, 0x55, 0x06, 0x00, 0x54,
    0xA4, 0xD4, 0x57, 0x55, 0x7D, 0x55, 0xD5, 0x5F, 0x14, 0x95, 0x06, 0x00, 0x7C, 0x24, 0xD5, 0x57,
    0x52, 0xFD, 0x55, 0xD5, 0x57, 0x15, 0xFD, 0x06, 0x00, 0x70, 0x44, 0xD4, 0x5F, 0x45, 0x75, 0xB5,
    0x54, 0x5B, 0x1B, 0xB5, 0x06, 0x00, 0x3C, 0x91, 0xDF, 0x2B, 0xA1, 0xFC, 0x97, 0xC4, 0x7F, 0x08,
    0x1D, 0x03, 0x00, 0xEC, 0x15, 0xD5, 0x56, 0x64, 0x79, 0x95, 0xD4, 0x4F, 0x2A, 0xFD, 0x06, 0x00,
    0x10, 0xA4, 0xD4, 0x57, 0x40, 0x7D, 0x55, 0xD5, 0x57, 0x0A, 0x55, 0x06, 0x00, 0x10, 0xF4, 0x97,
    0x54, 0x6D, 0x49, 0xE5, 0x95, 0x54, 0x1F, 0x45, 0x06, 0x00, 0x40, 0x00, 0xC1, 0x7F, 0x10, 0x41,
    0x84, 0x10, 0x42, 0x04, 0x0D, 0x03, 0x00, 0x00, 0x71, 0x84, 0x7E, 0x22, 0x89, 0x24, 0x92, 0x44,
    0x17, 0x01, 0x03, 0x00, 0x10, 0x40, 0xDC, 0x57, 0x52, 0x49, 0x25, 0x55, 0x54, 0x51, 0x31, 0x07,
    0x00, 0x40, 0x20, 0x49, 0x46, 0x60, 0x7C, 0x00, 0x81, 0x7F, 0x08, 0x1D, 0x03, 0x00, 0x3C, 0x91,
    0xC4, 0x7F, 0x49, 0x25, 0xF5, 0x52, 0x4A, 0x09, 0x7D, 0x03, 0x00, 0x90, 0xF7, 0x91, 0x54, 0xCC,
    0xCC, 0x84, 0xC0, 0x7F, 0x08, 0x99, 0x03, 0x00, 0x10, 0xF1, 0x04, 0x7D, 0x44, 0x3D, 0x25, 0x52,
    0x4A, 0x0F, 0x21, 0x03, 0x00, 0x08, 0xE1, 0x45, 0x7C, 0x57, 0x55, 0x55, 0xD5, 0x4D, 0x10, 0x31,
    0x03, 0x00, 0x10, 0xF1, 0x85, 0x7C, 0x51, 0x29, 0x45, 0xD2, 0x44, 0x0C, 0x4D, 0x03, 0x00, 0x7C,
    0xA1, 0x44, 0x7D, 0x4A, 0x01, 0xF5, 0x13, 0x49, 0x04, 0x7D, 0x03, 0x00, 0x10, 0xF1, 0x05, 0x79,
    0x5F, 0x25, 0x45, 0xD2, 0x4F, 0x04, 0x19, 0x03, 0x00, 0xF8, 0x83, 0x84, 0x3F, 0x92, 0xF8, 0x23,
    0xC9, 0x7F, 0x08, 0x1D, 0x07, 0x00, 0x38, 0x91, 0xC4, 0x7F, 0x55, 0x55, 0xF5, 0x93, 0x6A, 0x09,
    0xE4, 0x07, 0x00, 0x28, 0xF1, 0x85, 0x7A, 0x5F, 0x55, 0xF5, 0x15, 0x51, 0x5F, 0x91, 0x06, 0x00,
    0x7C, 0x41, 0xC4, 0x7F, 0x55, 0x7D, 0x55, 0xD5, 0x57, 0x44, 0xFD, 0x06, 0x00, 0xF8, 0x23, 0x88,
    0x3F, 0x82, 0x3C, 0x91, 0xDF, 0x53, 0x29, 0x7D, 0x03, 0x00, 0x48, 0xF1, 0x85, 0x7C, 0x5E, 0x49,
    0xF5, 0x55, 0x4D, 0x01, 0x7D, 0x03, 0x00, 0xBC, 0x80, 0x1F, 0x25, 0x67, 0x70, 0x66, 0x42, 0x7F,
    0x24, 0x59, 0x03, 0x00, 0x38, 0xA1, 0xC4, 0x7F, 0x51, 0x7D, 0x15, 0xD5, 0x57, 0x2A, 0x45, 0x02,
    0x00, 0x5C, 0xD5, 0xDF, 0x29, 0xFD, 0x55, 0x72, 0x52, 0x7F, 0x15, 0x35, 0x03, 0x00, 0x54, 0x55,
    0x95, 0x2A, 0x11, 0xFD, 0x17, 0x91, 0x3F, 0x88, 0x9C, 0x01, 0x00, 0xFC, 0x87, 0x82, 0x3F, 0x82,
    0xFC, 0x47, 0x89, 0x7F, 0x89, 0x90, 0x01, 0x00, 0x10, 0xF1, 0x9F, 0x52, 0x75, 0x3D, 0x47, 0xC2,
    0x7F, 0x08, 0x1D, 0x03, 0x00, 0x7C, 0xA1, 0xDE, 0x57, 0x55, 0x7D, 0x45, 0xD4, 0x57, 0x44, 0xFD,
    0x06, 0x00, 0x54, 0xA1, 0xC4, 0x7F, 0x55, 0x7D, 0x55, 0xD5, 0x4F, 0x06, 0x55, 0x03, 0x00, 0xFC,
    0x91, 0xC4, 0x7F, 0x55, 0x7D, 0x55, 0xD5, 0x4F, 0x25, 0xB5, 0x06, 0x00, 0x6C, 0xA1, 0xC4, 0x7F,
    0x55, 0x7D, 0xA5, 0xD2, 0x4F, 0x09, 0x7D, 0x03, 0x00, 0x10, 0xC0, 0x9F, 0x40, 0x39, 0x01, 0x04,
    0x96, 0x47, 0x80, 0xC0, 0x01, 0x00, 0x08, 0xE0, 0x5F, 0x40, 0x05, 0x11, 0x24, 0x92, 0x4F, 0x80,
    0xC0, 0x01, 0x00, 0x10, 0xC0, 0x9F, 0x54, 0x52, 0x25, 0x95, 0x12, 0x49, 0x12, 0x21, 0x03, 0x00,
    0x10, 0xE0, 0x9F, 0x40, 0x3D, 0x95, 0xC4, 0x1B, 0x01, 0x04, 0xF1, 0x07, 0x00, 0x10, 0xC0, 0x9F,
    0x54, 0x56, 0x25, 0x95, 0x13, 0x59, 0x12, 0x21, 0x03, 0x00, 0x10, 0xC0, 0x9F, 0x48, 0x15, 0xA5,
    0x64, 0x93, 0x48, 0x3E, 0x01, 0x03, 0x00, 0x10, 0xC0, 0x9F, 0x4A, 0x7F, 0x25, 0xE4, 0x93, 0x4A,
    0x3E, 0xA9, 0x03, 0x00, 0x90, 0xF0, 0x9F, 0x4A, 0xF1, 0x7D, 0x22, 0xCE, 0x0B, 0x29, 0xB1, 0x07,
    0x00, 0x10, 0xC0, 0x9F, 0x40, 0x3F, 0x55, 0xE4, 0x93, 0x4A, 0x3E, 0x01, 0x03, 0x00, 0x10, 0x40,
    0x00, 0x21, 0x64, 0x70, 0x70, 0x00, 0x41, 0x04, 0xF1, 0x07, 0x00, 0x50, 0x40, 0x91, 0x24, 0x53,
    0xC8, 0x20, 0x81, 0x44, 0x12, 0xC9, 0x07, 0x00, 0x90, 0x40, 0xD2, 0x29, 0x64, 0x90, 0x40, 0x82,
    0x49, 0x25, 0x91, 0x07, 0x00, 0xBC, 0x90, 0xD2, 0x2B, 0x69, 0xBC, 0x40, 0x52, 0x7B, 0x07, 0xE4,
    0x07, 0x00, 0xFC, 0x17, 0x42, 0x08, 0xFD, 0x95, 0x54, 0x52, 0x69, 0x21, 0xFC, 0x07, 0x00, 0xFC,
    0x17, 0x40, 0x3E, 0x09, 0xE4, 0x57, 0x44, 0x11, 0x41, 0xFC, 0x07, 0x00, 0xFC, 0x17, 0x40, 0x7F,
    0x21, 0xE4, 0x13, 0x42, 0x7F, 0x01, 0xFC, 0x07, 0x00, 0xFC, 0x17, 0x40, 0x7F, 0x25, 0xF5, 0x57,
    0x52, 0x7F, 0x21, 0xFC, 0x07, 0x00, 0xFC, 0x17, 0x45, 0x14, 0xDF, 0x45, 0xD1, 0x5D, 0x14, 0x49,
    0xFC, 0x07, 0x00, 0xFC, 0x17, 0x45, 0x3D, 0x59, 0xCC, 0x53, 0xC5, 0x3C, 0x01, 0xFC, 0x07, 0x00,
    0xFC, 0x17, 0x42, 0x3F, 0xA5, 0xFC, 0x97, 0x48, 0x3E, 0x05, 0xFD, 0x07, 0x00, 0xFC, 0x97, 0x44,
    0x12, 0x49, 0x24, 0x55, 0xDC, 0x00, 0x01, 0xFC, 0x07, 0x00, 0xFC, 0x57, 0x48, 0x3F, 0x05, 0xF4,
    0x57, 0x55, 0x7F, 0x53, 0xFD, 0x07, 0x00, 0xFC, 0x97, 0x44, 0x3F, 0x11, 0xFC, 0x97, 0x40, 0x3F,
    0x89, 0xFC, 0x07, 0x00, 0xFC, 0x17, 0x40, 0x3E, 0x89, 0xE4, 0x13, 0x40, 0x77, 0x55, 0xFD, 0x07,
    0x00, 0x40, 0x00, 0x01, 0x04, 0xFF, 0x41, 0x00, 0x01, 0x04, 0x10, 0x40, 0x00, 0x00, 0x80, 0xE3,
    0x01, 0x04, 0x10, 0xFC, 0x07, 0x01, 0x04, 0x10, 0x40, 0x00, 0x00, 0x48, 0x22, 0x89, 0x24, 0xFF,
    0x49, 0x22, 0x89, 0x24, 0x92, 0x04, 0x02, 0x00, 0x60, 0x71, 0x04, 0x11, 0x44, 0xFC, 0x47, 0x04,
    0x11, 0x42, 0x04, 0x01, 0x00, 0x08, 0xE0, 0x4F, 0x04, 0x10, 0xFC, 0x07, 0x01, 0x04, 0x10, 0x40,
    0x00, 0x00, 0x40, 0xF0, 0x1F, 0x04, 0x54, 0x10, 0xF1, 0x1F, 0x11, 0x42, 0x08, 0x01, 0x00, 0x50,
    0x21, 0x49, 0x44, 0xFE, 0x40, 0x00, 0xC1, 0x7F, 0x10, 0x40, 0x00, 0x00, 0x20, 0xE0, 0x8F, 0x24,
    0xFE, 0x48, 0xE2, 0x0F, 0x09, 0xFF, 0x81, 0x00, 0x00, 0x40, 0xF0, 0x1F, 0x11, 0x44, 0xA8, 0x02,
    0xC1, 0x7F, 0x10, 0x40, 0x00, 0x00, 0x40, 0x00, 0x1F, 0x04, 0xFE, 0x08, 0xE2, 0x8F, 0x20, 0xFF,
    0x41, 0x00, 0x00, 0x88, 0xA0, 0x9F, 0x48, 0x27, 0x49, 0xE2, 0x9F, 0x4A, 0x2A, 0xD9, 0x06, 0x00,
    0x40, 0xF0, 0x1F, 0x04, 0xFF, 0xA5, 0xD4, 0x57, 0x44, 0x7D, 0x45, 0x06, 0x00, 0x08, 0xA5, 0x9F,
    0x54, 0xF7, 0x49, 0x25, 0x88, 0x7E, 0x92, 0x88, 0x02, 0x00, 0x20, 0x80, 0x00, 0x02, 0x18, 0xA0,
    0x80, 0x04, 0x02, 0x08, 0x20, 0x00, 0x00, 0x40, 0xF0, 0x1F, 0x04, 0x30, 0x40, 0x01, 0x09, 0x04,
    0x10, 0x40, 0x00, 0x00, 0x40, 0x00, 0x01, 0x3C, 0x10, 0x40, 0xE0, 0x8F, 0x20, 0x82, 0xF8, 0x03,
    0x00, 0x20, 0x80, 0x07, 0x02, 0x08, 0xFC, 0x87, 0x00, 0x0E, 0xC8, 0x20, 0x00, 0x00, 0x10, 0xF1,
    0x05, 0x11, 0xDF, 0x10, 0xF5, 0x05, 0x11, 0x44, 0x7C, 0x01, 0x00, 0xF8, 0x27, 0x80, 0x7F, 0x02,
    0xE8, 0xA3, 0x88, 0x32, 0x09, 0xE5, 0x07, 0x00, 0xB0, 0x37, 0x52, 0x4A, 0x29, 0xA5, 0xF4, 0x52,
    0x4A, 0xA4, 0x91, 0x00, 0x00, 0xB0, 0x37, 0x52, 0x48, 0x2F, 0x85, 0x14, 0x52, 0x48, 0xAF, 0x81,
    0x00, 0x00, 0xF0, 0x21, 0xC2, 0x7F, 0x02, 0xE8, 0xA3, 0x88, 0x32, 0x0A, 0xE5, 0x07, 0x00, 0xBC,
    0x97, 0xD2, 0x4B, 0x29, 0xA5, 0xF4, 0x52, 0x49, 0xA9, 0xDD, 0x00, 0x00, 0xB0, 0x37, 0x52, 0x4A,
    0x6B, 0xA5, 0xD6, 0xD2, 0x4A, 0xA8, 0x99, 0x00, 0x00, 0x48, 0x42, 0xC5, 0x7F, 0x28, 0xFC, 0x27,
    0x4A, 0x4F, 0x44, 0xF0, 0x01, 0x00, 0x88, 0xE7, 0x53, 0x49, 0x3F, 0x91, 0xC4, 0x52, 0x49, 0xA5,
    0xFD, 0x00, 0x00, 0x10, 0x27, 0xD4, 0x57, 0x55, 0x55, 0x55, 0x55, 0x7D, 0x4F, 0x00, 0x01, 0x00,
    0x28, 0x17, 0x15, 0x50, 0x4E, 0x45, 0x05, 0xD6, 0x77, 0x51, 0x7C, 0x01, 0x00, 0x7C, 0x57, 0x55,
    0x57, 0x55, 0x75, 0x55, 0xD4, 0x55, 0xDC, 0x19, 0x01, 0x00, 0xF8, 0x27, 0x80, 0x3E, 0x8A, 0x28,
    0xA2, 0x8C, 0x02, 0x0A, 0xC5, 0x07, 0x00, 0xF8, 0xA7, 0x90, 0x7E, 0x0A, 0xE9, 0x27, 0x48, 0x7E,
    0x41, 0xC0, 0x01, 0x00, 0xF8, 0x27, 0x85, 0x3E, 0x52, 0xF8, 0xA7, 0x88, 0x3E, 0x8A, 0xE4, 0x03,
    0x00, 0xF8, 0x27, 0x82, 0x3E, 0x8A, 0xE8, 0xA3, 0x88, 0x3E, 0xAA, 0xD4, 0x04, 0x00, 0xFC, 0x97,
    0x42, 0x09, 0xFF, 0x15, 0x55, 0xC5, 0x17, 0xA4, 0x48, 0x04, 0x00, 0xFC, 0x97, 0xC4, 0x53, 0xF1,
    0x3D, 0x91, 0xC4, 0x13, 0xA9, 0x74, 0x04, 0x00, 0xF8, 0x27, 0x85, 0x7F, 0xAA, 0xE8, 0xA3, 0x8A,
    0x7F, 0x16, 0xD5, 0x05, 0x00, 0x40, 0xE0, 0x0F, 0x04, 0x10, 0xFC, 0x87, 0x04, 0x11, 0xA2, 0x78,
    0x02, 0x00, 0x08, 0xE1, 0x0F, 0x11, 0xAA, 0xBC, 0x47, 0xC5, 0x22, 0x60, 0x79, 0x00, 0x00, 0xF8,
    0x23, 0x88, 0x20, 0x44, 0x10, 0x81, 0x02, 0x04, 0x6C, 0x0C, 0x06, 0x00, 0xF8, 0xA3, 0x88, 0x24,
    0x44, 0x10, 0x81, 0x02, 0x04, 0x6C, 0x0C, 0x06, 0x00, 0xF8, 0x83, 0x08, 0x12, 0xFC, 0x11, 0x24,
    0x89, 0x18, 0x98, 0x18, 0x04, 0x00, 0x20, 0xF0, 0x1F, 0x02, 0xF8, 0x10, 0x42, 0x89, 0x14, 0x61,
    0x70, 0x06, 0x00, 0xF8, 0x27, 0x80, 0x00, 0xFE, 0x28, 0xA2, 0x48, 0x14, 0x71, 0x30, 0x06, 0x00,
    0x90, 0xC7, 0x11, 0x51, 0x44, 0x7D, 0x45, 0x48, 0x25, 0x55, 0xD9, 0x04, 0x00, 0xFC, 0x27, 0x91,
    0x47, 0x52, 0x79, 0x25, 0x89, 0x24, 0x5F, 0xC1, 0x04, 0x00, 0xF8, 0x43, 0x0A, 0x12, 0xFF, 0x05,
    0xE4, 0x07, 0x11, 0x38, 0x1C, 0x07, 0x00, 0xD0, 0x57, 0x41, 0x05, 0xF4, 0x7D, 0x44, 0xD2, 0x2B,
    0xC2, 0xC8, 0x04, 0x00, 0x50, 0x30, 0x5D, 0x44, 0xD7, 0x45, 0xF4, 0x1F, 0x11, 0x38, 0x1C, 0x07,
    0x00, 0xA8, 0xF2, 0x1F, 0x11, 0xFF, 0x25, 0xF0, 0x5F, 0x4A, 0xCF, 0xE0, 0x04, 0x00, 0x00, 0xE0,
    0x8F, 0x20, 0x82, 0x08, 0x22, 0x88, 0x20, 0xFE, 0x00, 0x00, 0x00, 0x40, 0x00, 0xC1, 0x7F, 0x10,
    0x40, 0xE0, 0x8F, 0x20, 0x82, 0xF8, 0x03, 0x00, 0x10, 0xC0, 0x9F, 0x40, 0x3E, 0x95, 0x54, 0x12,
    0x4F, 0x80, 0x80, 0x01, 0x00, 0xF8, 0x23, 0x88, 0x20, 0xFE, 0x40, 0xF0, 0x1F, 0x42, 0x04, 0x0D,
    0x03, 0x00, 0xE0, 0x77, 0x52, 0x49, 0x25, 0x95, 0x54, 0x52, 0x45, 0x17, 0x01, 0x03, 0x00, 0xBC,
    0x97, 0x52, 0x4A, 0x29, 0xA5, 0x94, 0x52, 0x4A, 0xAF, 0x81, 0x00, 0x00, 0xF8, 0x23, 0x88, 0x20,
    0x82, 0xF8, 0x03, 0x00, 0x11, 0x82, 0x04, 0x04, 0x00, 0x00, 0x72, 0x49, 0x25, 0x95, 0x54, 0x52,
    0x59, 0x3D, 0x9F, 0x00, 0x02, 0x00, 0xFC, 0x07, 0x11, 0x43, 0xC3, 0x00, 0xE0, 0x8F, 0x20, 0x82,
    0xF8, 0x03, 0x00, 0xC0, 0x73, 0x48, 0x25, 0x95, 0x54, 0x52, 0x49, 0x45, 0x0F, 0x21, 0x04, 0x00,
    0xE0, 0x77, 0x44, 0x11, 0x45, 0x14, 0x51, 0xC4, 0x11, 0x40, 0xC0, 0x01, 0x00, 0xFC, 0x07, 0x88,
    0x27, 0x92, 0x48, 0x22, 0x89, 0x27, 0x80, 0x80, 0x03, 0x00, 0x20, 0x40, 0x88, 0x20, 0xFF, 0x01,
    0xE0, 0x8F, 0x20, 0x82, 0xF8, 0x03, 0x00, 0x40, 0x70, 0x41, 0x65, 0x75, 0x74, 0x50, 0x41, 0x45,
    0x17, 0xC1, 0x07, 0x00, 0x40, 0xE0, 0x8F, 0x24, 0x92, 0xF8, 0x03, 0x01, 0x05, 0x18, 0x9C, 0x07,
    0x00, 0x40, 0xF0, 0x1F, 0x02, 0x08, 0xF0, 0x63, 0x48, 0x21, 0x84, 0xF0, 0x03, 0x00, 0xFC, 0x17,
    0x40, 0x3F, 0x85, 0x14, 0x52, 0x48, 0x3F, 0x01, 0xFC, 0x07, 0x00, 0xFC, 0x07, 0xD0, 0x5F, 0x00,
    0xF9, 0x24, 0x92, 0x48, 0x3E, 0x01, 0x06, 0x00, 0xC0, 0x77, 0x50, 0x41, 0x45, 0xD5, 0x54, 0x50,
    0x21, 0x87, 0x80, 0x01, 0x00, 0xE0, 0x77, 0x44, 0x11, 0x45, 0xF4, 0x57, 0x44, 0x11, 0x47, 0x80,
    0x01, 0x00, 0x40, 0x70, 0x5F, 0x03, 0xF5, 0x15, 0x51, 0x42, 0x45, 0x17, 0xC1, 0x07, 0x00, 0xF0,
    0x43, 0x88, 0x12, 0x30, 0x20, 0xC1, 0xCF, 0x61, 0x84, 0xF0, 0x03, 0x00, 0x80, 0x70, 0x4A, 0x27,
    0x55, 0x94, 0x50, 0xC1, 0x25, 0xC8, 0xF0, 0x04, 0x00, 0xE0, 0x40, 0x84, 0x20, 0x7D, 0x01, 0xE0,
    0x8F, 0x20, 0x82, 0xF8, 0x03, 0x00, 0x40, 0xF0, 0x1F, 0x04, 0xFE, 0x00, 0xE0, 0x8F, 0x20, 0x82,
    0xF8, 0x03, 0x00, 0xF8, 0x23, 0x88, 0x20, 0xFE, 0x40, 0xF0, 0x5F, 0x44, 0x11, 0x45, 0x06, 0x00,
    0x1C, 0x52, 0x48, 0x7F, 0x85, 0x54, 0x52, 0x4A, 0x21, 0x87, 0x00, 0x03, 0x00, 0xFC, 0x17, 0x50,
    0x5F, 0x01, 0xF5, 0x55, 0x54, 0x5F, 0x01, 0x05, 0x06, 0x00, 0x20, 0xC0, 0x8F, 0x21, 0x49, 0xC0,
    0xC0, 0xDF, 0x42, 0x08, 0xE1, 0x07, 0x00, 0x80, 0xE3, 0x81, 0x00, 0xFE, 0x09, 0xA0, 0x9F, 0x42,
    0x0A, 0xE5, 0x07, 0x00, 0x40, 0xF0, 0x1F, 0x04, 0xFE, 0x48, 0xE2, 0x0F, 0x05, 0x18, 0x9C, 0x07,
    0x00, 0x00, 0x71, 0x44, 0x7F, 0x45, 0x14, 0x51, 0x44, 0x11, 0x47, 0xE0, 0x07, 0x00, 0x20, 0x40,
    0xC0, 0x7F, 0x01, 0xF5, 0x55, 0x54, 0x51, 0x7D, 0x05, 0x06, 0x00, 0x00, 0x74, 0x4F, 0x09, 0x25,
    0xF4, 0x57, 0x42, 0x09, 0x27, 0x81, 0x07, 0x00, 0xF8, 0x83, 0xC8, 0x7F, 0x88, 0xF8, 0x43, 0x80,
    0x3F, 0x85, 0xF0, 0x03, 0x00, 0x40, 0xF0, 0x1F, 0x11, 0x38, 0x10, 0x31, 0x98, 0x3F, 0x82, 0xF8,
    0x03, 0x00, 0xF8, 0x03, 0xC1, 0x7F, 0x44, 0x08, 0xF2, 0x9F, 0x20, 0x82, 0xF8, 0x03, 0x00, 0x80,
    0x73, 0x51, 0x03, 0xF5, 0x15, 0x50, 0x5F, 0x41, 0x87, 0x80, 0x01, 0x00, 0x00, 0x75, 0x54, 0x7F,
    0x45, 0x14, 0x51, 0x44, 0x29, 0x17, 0x31, 0x04, 0x00, 0xFC, 0x07, 0x02, 0x16, 0x97, 0x40, 0xE4,
    0x8F, 0x20, 0x82, 0xF8, 0x03, 0x00, 0xC0, 0x77, 0x55, 0x55, 0x55, 0xD5, 0x57, 0xC1, 0x05, 0x10,
    0x81, 0x07, 0x00, 0x80, 0x73, 0x48, 0x45, 0x15, 0xF5, 0x57, 0x52, 0x49, 0x17, 0x41, 0x03, 0x00,
    0xE0, 0x40, 0x84, 0x3F, 0x01, 0xF1, 0x01, 0x82, 0x3F, 0x82, 0xF8, 0x03, 0x00, 0x80, 0xF0, 0x5F,
    0x01, 0xF5, 0x54, 0x52, 0x49, 0x25, 0x8F, 0x20, 0x06, 0x00, 0x80, 0x70, 0x51, 0x45, 0xFD, 0x95,
    0x52, 0x4A, 0x29, 0x97, 0x30, 0x06, 0x00, 0x00, 0x71, 0x5F, 0x11, 0x45, 0xD4, 0x57, 0x51, 0x29,
    0x47, 0xC0, 0x06, 0x00, 0xF4, 0x53, 0x48, 0x3F, 0x01, 0xFC, 0x03, 0xC9, 0x7F, 0x28, 0x1C, 0x07,
    0x00, 0x00, 0x71, 0x55, 0x55, 0x4D, 0x95, 0x51, 0x48, 0x11, 0x27, 0x60, 0x00, 0x00, 0xC0, 0x01,
    0xC4, 0x7F, 0x49, 0x25, 0x95, 0x5A, 0x46, 0x0F, 0x21, 0x06, 0x00, 0xE0, 0x73, 0x49, 0x15, 0xF5,
    0x55, 0xD4, 0x52, 0x31, 0xA7, 0x60, 0x04, 0x00, 0x40, 0x70, 0x5F, 0x55, 0x4D, 0x15, 0x51, 0x44,
    0x11, 0xA7, 0x60, 0x04, 0x00, 0x40, 0x70, 0x5F, 0x57, 0x55, 0x55, 0xD5, 0x52, 0x49, 0x17, 0x41,
    0x03, 0x00, 0xE0, 0x72, 0x4A, 0x29, 0x95, 0xD4, 0xD3, 0x49, 0x25, 0x97, 0x60, 0x06, 0x00, 0xF8,
    0x83, 0x80, 0x1F, 0x44, 0xFC, 0x07, 0x80, 0x3F, 0x82, 0xF8, 0x03, 0x00, 0xE0, 0x77, 0x49, 0x25,
    0x95, 0xF4, 0x57, 0x4C, 0x29, 0x97, 0x20, 0x03, 0x00, 0xF8, 0x23, 0x88, 0x20, 0xFE, 0x20, 0xF0,
    0x5F, 0x40, 0x01, 0xFD, 0x07, 0x00, 0xC0, 0x77, 0x41, 0x75, 0x55, 0x55, 0x55, 0x55, 0x15, 0x57,
    0x21, 0x07, 0x00, 0xF8, 0x23, 0x88, 0x20, 0xFE, 0x40, 0xF0, 0x1F, 0x0E, 0x54, 0x4C, 0x06, 0x00,
    0xF8, 0x23, 0x88, 0x3F, 0x00, 0xF8, 0x03, 0x81, 0x3F, 0x10, 0xFC, 0x07, 0x00, 0x48, 0xE0, 0x4F,
    0x04, 0xFF, 0x01, 0xE0, 0x8F, 0x20, 0x82, 0xF8, 0x03, 0x00, 0xC0, 0x77, 0x51, 0x45, 0xF5, 0x55,
    0x52, 0x49, 0x25, 0x0F, 0x21, 0x04, 0x00, 0xC0, 0x77, 0x51, 0x7D, 0x55, 0x54, 0x55, 0x4D, 0x15,
    0x57, 0x21, 0x07, 0x00, 0xF8, 0x27, 0x91, 0x5F, 0x12, 0xF9, 0x27, 0x90, 0x5F, 0x45, 0xF5, 0x07,
    0x00, 0xF0, 0x77, 0x49, 0x25, 0x95, 0x54, 0x52, 0x49, 0x55, 0x7B, 0x09, 0x04, 0x00, 0x00, 0x71,
    0x5F, 0x11, 0x45, 0xF4, 0x57, 0x44, 0x19, 0xD7, 0x20, 0x05, 0x00, 0xE0, 0x77, 0x48, 0x3D, 0xD5,
    0x54, 0x53, 0xCD, 0x3D, 0x80, 0x00, 0x03, 0x00, 0x40, 0x77, 0x51, 0x5F, 0x55, 0x35, 0x55, 0x4D,
    0x29, 0x57, 0xA1, 0x04, 0x00, 0xC0, 0x77, 0x55, 0x55, 0xF5, 0x55, 0x55, 0xD5, 0x7D, 0x40, 0x00,
    0x01, 0x00, 0xC0, 0x77, 0x48, 0x11, 0xE5, 0x54, 0xD5, 0x44, 0x11, 0x07, 0xC0, 0x07, 0x00, 0x00,
    0x71, 0x5F, 0x55, 0xF5, 0x55, 0x55, 0xD5, 0x7D, 0x40, 0x00, 0x01, 0x00, 0xE0, 0x77, 0x44, 0x55,
    0xD5, 0x14, 0xD1, 0x5F, 0x11, 0x47, 0x80, 0x01, 0x00, 0xE0, 0x40, 0xC4, 0x6E, 0x00, 0xBC, 0x97,
    0x52, 0x4A, 0xAF, 0x81, 0x00, 0x00, 0xC0, 0x77, 0x51, 0x7D, 0x15, 0x55, 0x54, 0x5F, 0x45, 0x17,
    0xE1, 0x07, 0x00, 0x00, 0x71, 0x55, 0x55, 0xF5, 0x15, 0x51, 0x44, 0x55, 0x57, 0xC1, 0x07, 0x00,
    0x40, 0x70, 0x5F, 0x43, 0xF5, 0x55, 0x52, 0x4F, 0x05, 0x17, 0xC1, 0x07, 0x00, 0x40, 0x70, 0x5F,
    0x0B, 0xE5, 0x95, 0x50, 0x42, 0x79, 0x27, 0x80, 0x00, 0x00, 0x60, 0x70, 0x1E, 0x49, 0x3F, 0x91,
    0xE4, 0x92, 0x4D, 0xE5, 0x11, 0x00, 0x00, 0x38, 0xA1, 0xC4, 0x2A, 0x1C, 0xCD, 0x07, 0x80, 0x3F,
    0x82, 0xF8, 0x03, 0x00, 0x80, 0x74, 0x52, 0x7D, 0x1D, 0xD5, 0x54, 0x55, 0x45, 0x17, 0x41, 0x06,
    0x00, 0xBC, 0x97, 0xD2, 0x7B, 0x00, 0xF0, 0x41, 0x04, 0x11, 0x42, 0x05, 0x07, 0x00, 0x00, 0x71,
    0x44, 0x7D, 0x45, 0x14, 0x51, 0x5F, 0x45, 0x17, 0xC1, 0x07, 0x00, 0x40, 0x70, 0x5D, 0x5F, 0x55,
    0x55, 0x55, 0x55, 0x55, 0x53, 0xB1, 0x06, 0x00, 0x40, 0x70, 0x5F, 0x43, 0x95, 0xD4, 0xD1, 0x58,
    0x11, 0x37, 0x00, 0x07, 0x00, 0x00, 0x71, 0x5F, 0x11, 0xF5, 0x55, 0x51, 0x5F, 0x51, 0xA7, 0x60,
    0x04, 0x00, 0x40, 0x70, 0x1F, 0x54, 0x48, 0x88, 0x12, 0x91, 0x3F, 0x82, 0xF8, 0x03, 0x00, 0x40,
    0x75, 0x4D, 0x11, 0xFD, 0x15, 0x51, 0x45, 0x35, 0x4F, 0x01, 0x01, 0x00, 0x78, 0x27, 0x95, 0x54,
    0xDE, 0x29, 0xA0, 0x88, 0x52, 0x12, 0x84, 0x07, 0x00, 0x00, 0x71, 0x5F, 0x29, 0x15, 0xB5, 0x52,
    0xCA, 0x11, 0xA0, 0x60, 0x04, 0x00, 0x80, 0x77, 0x51, 0x2B, 0xC5, 0x94, 0x54, 0x5F, 0x47, 0x17,
    0xC1, 0x07, 0x00, 0x80, 0x70, 0x5F, 0x45, 0xF5, 0x55, 0x54, 0x5F, 0x45, 0x17, 0xC1, 0x07, 0x00,
    0x00, 0xF1, 0x5F, 0x49, 0x95, 0x54, 0x51, 0x52, 0x25, 0x67, 0x60, 0x06, 0x00, 0x80, 0xE4, 0x9F,
    0x10, 0x5E, 0x09, 0xE5, 0x49, 0x25, 0x5D, 0xC5, 0x04, 0x00, 0x80, 0x72, 0x49, 0x77, 0x95, 0x54,
    0x52, 0x5D, 0x6D, 0x97, 0x40, 0x02, 0x00, 0xF0, 0x77, 0x52, 0x49, 0xFD, 0x95, 0x54, 0x55, 0x63,
    0x07, 0xF1, 0x07, 0x00, 0x40, 0xF0, 0x1F, 0x11, 0x44, 0xF0, 0x81, 0xD2, 0x29, 0x44, 0x78, 0x06,
    0x00, 0xF0, 0x41, 0x04, 0x11, 0x7C, 0x00, 0xF0, 0x5E, 0x4A, 0x29, 0xBD, 0x07, 0x00, 0xF0, 0x37,
    0x45, 0x7F, 0x55, 0x55, 0x55, 0x55, 0x73, 0x07, 0xF1, 0x07, 0x00, 0x40, 0x72, 0x49, 0x7F, 0x95,
    0x54, 0xD2, 0x5F, 0x01, 0x97, 0x20, 0x04, 0x00, 0x00, 0x71, 0x5F, 0x11, 0xFD, 0x15, 0x51, 0x5F,
    0x11, 0x47, 0xE0, 0x07, 0x00, 0x80, 0x73, 0x51, 0x03, 0xF5, 0x15, 0x50, 0x5F, 0x45, 0x17, 0xC1,
    0x07, 0x00, 0x88, 0xF2, 0x92, 0x08, 0xFF, 0x01, 0xF1, 0x54, 0x22, 0x49, 0xBD, 0x04, 0x00, 0x40,
    0xF2, 0x5F, 0x25, 0x05, 0x54, 0x52, 0x4A, 0x11, 0xA7, 0x60, 0x04, 0x00, 0xF0, 0x41, 0x84, 0x3F,
    0x82, 0xF8, 0x23, 0x88, 0x3F, 0x44, 0x0C, 0x06, 0x00, 0xFC, 0x27, 0x8A, 0x2F, 0x80, 0xFC, 0x27,
    0x8A, 0x2F, 0x80, 0x80, 0x03, 0x00, 0x80, 0xF3, 0x55, 0x15, 0xFD, 0x55, 0x51, 0x55, 0x2F, 0x97,
    0x60, 0x05, 0x00, 0x00, 0x71, 0x55, 0x35, 0x45, 0xD4, 0x57, 0x51, 0x7D, 0x17, 0x41, 0x06, 0x00,
    0xC0, 0x77, 0x55, 0x7D, 0x55, 0xD5, 0x57, 0xC4, 0x7D, 0x40, 0xE0, 0x07, 0x00, 0xE0, 0x77, 0x55,
    0x5F, 0xD5, 0x54, 0xD5, 0xD7, 0x35, 0x48, 0xA0, 0x01, 0x00, 0xBC, 0x97, 0x52, 0x4A, 0xEF, 0x41,
    0xF2, 0x1F, 0x0A, 0x44, 0x0C, 0x06, 0x00, 0x80, 0xF0, 0x5F, 0x49, 0xA5, 0xF4, 0x57, 0x4A, 0x7D,
    0x4F, 0x80, 0x01, 0x00, 0xC8, 0xF7, 0x81, 0x7C, 0x97, 0x48, 0x02, 0x80, 0x3F, 0x82, 0xF8, 0x03,
    0x00, 0x00, 0x75, 0x5F, 0x11, 0xF5, 0x55, 0x55, 0xDF, 0x55, 0xF0, 0x41, 0x05, 0x00, 0x00, 0x71,
    0x5F, 0x29, 0xA5, 0xD4, 0x57, 0x48, 0x11, 0x47, 0x80, 0x01, 0x00, 0x80, 0x73, 0x40, 0x7D, 0x05,
    0x94, 0x53, 0x40, 0x7D, 0x17, 0xC1, 0x07, 0x00, 0x80, 0x70, 0x51, 0x7F, 0xA5, 0x74, 0x56, 0x4E,
    0x27, 0x67, 0x60, 0x06, 0x00, 0x80, 0x70, 0x49, 0x5F, 0x15, 0xD4, 0xD7, 0x44, 0x7D, 0xA7, 0x60,
    0x04, 0x00, 0x40, 0xF0, 0x5F, 0x24, 0xFF, 0x45, 0xF2, 0x4F, 0x21, 0x84, 0xF0, 0x03, 0x00, 0xC0,
    0x77, 0x44, 0x3D, 0xA5, 0xF4, 0x57, 0xC0, 0x7D, 0x10, 0xC1, 0x07, 0x00, 0xF0, 0x77, 0x55, 0x57,
    0x55, 0x55, 0xD5, 0x55, 0x71, 0x57, 0x70, 0x01, 0x00, 0x00, 0xF3, 0x5F, 0x4A, 0xF9, 0xA4, 0x94,
    0x5E, 0x15, 0x57, 0x21, 0x07, 0x00, 0x10, 0xE1, 0xDF, 0x08, 0xFE, 0x89, 0xE0, 0x1F, 0x21, 0x84,
    0xF0, 0x03, 0x00, 0x80, 0x72, 0x5F, 0x25, 0xFD, 0x55, 0x52, 0x5F, 0x25, 0x97, 0xC0, 0x07, 0x00,
    0xC0, 0x73, 0x49, 0x3D, 0x95, 0xF4, 0x57, 0xD0, 0x7F, 0x04, 0xF1, 0x07, 0x00, 0xE0, 0x77, 0x40,
    0x7D, 0x15, 0xD5, 0xD7, 0x44, 0x7D, 0xA7, 0x60, 0x04, 0x00, 0x00, 0xF1, 0x5F, 0x25, 0x7D, 0x55,
    0x52, 0x4F, 0x25, 0xF7, 0x20, 0x02, 0x00, 0xC0, 0xF3, 0x50, 0x7D, 0x05, 0xD4, 0x57, 0x48, 0x11,
    0x17, 0xD1, 0x05, 0x00, 0xE0, 0x77, 0x44, 0x7F, 0x55, 0xF5, 0x57, 0x55, 0x7F, 0x47, 0xE0, 0x07,
    0x00, 0x40, 0x73, 0x45, 0x7F, 0x05, 0xD4, 0x53, 0x49, 0x3D, 0x97, 0x20, 0x03, 0x00, 0xE0, 0x77,
    0x42, 0x15, 0x4D, 0x95, 0x53, 0x45, 0x33, 0x47, 0xC1, 0x00, 0x00, 0x40, 0xF0, 0x1F, 0x11, 0xFF,
    0x15, 0xB5, 0x5F, 0x4A, 0x39, 0x05, 0x06, 0x00, 0xF0, 0x77, 0x51, 0x75, 0x4D, 0x55, 0x55, 0xD5,
    0x75, 0x0C, 0x11, 0x06, 0x00, 0xBC, 0x97, 0xD2, 0x7B, 0x29, 0xBD, 0x17, 0x50, 0x4E, 0x29, 0xE5,
    0x06, 0x00, 0x40, 0x70, 0x5F, 0x43, 0x75, 0x95, 0xD4, 0xDF, 0x49, 0x28, 0xE1, 0x03, 0x00, 0x40,
    0x75, 0x55, 0x29, 0x1D, 0x15, 0x51, 0x55, 0x55, 0xA7, 0x60, 0x04, 0x00, 0xE0, 0x77, 0x52, 0x25,
    0x6D, 0x15, 0xD0, 0x5F, 0x49, 0x97, 0xA0, 0x05, 0x00, 0xF0, 0x37, 0x45, 0x77, 0x05, 0x15, 0xD4,
    0xDD, 0x15, 0x50, 0xF0, 0x07, 0x00, 0x40, 0xE1, 0x9C, 0x44, 0x5E, 0x09, 0xE5, 0x89, 0x24, 0x52,
    0x75, 0x05, 0x00, 0x40, 0xF1, 0x5D, 0x15, 0xDD, 0x55, 0x51, 0x45, 0x77, 0x57, 0x40, 0x01, 0x00,
    0x20, 0xB7, 0x57, 0x55, 0x7D, 0x55, 0xD5, 0x57, 0x57, 0xFB, 0x01, 0x01, 0x00, 0x80, 0x70, 0x5F,
    0x55, 0xF5, 0x55, 0xD5, 0xDF, 0x25, 0xF8, 0x01, 0x02, 0x00, 0x40, 0x72, 0x5D, 0x0F, 0x15, 0x55,
    0x55, 0x57, 0x57, 0x97, 0x60, 0x07, 0x00, 0x40, 0x72, 0x5D, 0x5F, 0x55, 0x55, 0x57, 0x57, 0x57,
    0x57, 0x61, 0x07, 0x00, 0x40, 0xE0, 0x0F, 0x0A, 0xFF, 0x55, 0x45, 0x85, 0x3F, 0x82, 0xF8, 0x03,
    0x00, 0x80, 0xF0, 0x5F, 0x25, 0xFD, 0x95, 0xD4, 0x5F, 0x49, 0x27, 0x91, 0x06, 0x00, 0xE0, 0x71,
    0x55, 0x55, 0x7D, 0x55, 0x53, 0x45, 0x17, 0xB7, 0x40, 0x04, 0x00, 0x80, 0xF0, 0x5F, 0x55, 0x55,
    0x95, 0x51, 0x49, 0x7F, 0x97, 0xC0, 0x03, 0x00, 0xC0, 0x77, 0x55, 0x7D, 0x55, 0xF5, 0x57, 0x41,
    0x55, 0x97, 0xE0, 0x04, 0x00, 0x80, 0xF0, 0x5F, 0x09, 0xFD, 0x55, 0xD5, 0x5F, 0x49, 0xFF, 0x91,
    0x04, 0x00, 0x90, 0xF0, 0x1F, 0x04, 0xFE, 0x50, 0xF1, 0x9F, 0x20, 0x82, 0xF8, 0x03, 0x00, 0x40,
    0xF4, 0x57, 0x45, 0x7D, 0x55, 0xD5, 0x57, 0x45, 0x3F, 0x51, 0x05, 0x00, 0xC0, 0x77, 0x50, 0x7F,
    0x15, 0xD4, 0xD7, 0x44, 0x7D, 0xA7, 0x50, 0x04, 0x00, 0x00, 0xF5, 0x5F, 0x11, 0x7D, 0x55, 0x55,
    0x49, 0x27, 0x47, 0xC9, 0x04, 0x00, 0x40, 0xF5, 0x5F, 0x55, 0xD5, 0x55, 0xD0, 0x5F, 0x19, 0x57,
    0x21, 0x05, 0x00, 0xF0, 0x77, 0x50, 0x7F, 0x95, 0xF4, 0x55, 0xC4, 0x7F, 0x44, 0xE8, 0x07, 0x00,
    0x90, 0x74, 0x52, 0x7F, 0x05, 0xF4, 0x57, 0x42, 0x7F, 0x57, 0x51, 0x05, 0x00, 0xC0, 0xF3, 0x48,
    0x7F, 0x55, 0x35, 0x57, 0x52, 0x7F, 0x93, 0x30, 0x04, 0x00, 0x40, 0xF0, 0x1F, 0x04, 0xFE, 0x10,
    0x81, 0xC2, 0x7F, 0x82, 0xF8, 0x03, 0x00, 0xE0, 0xF3, 0x48, 0x3E, 0x89, 0xE4, 0x17, 0x51, 0x52,
    0x3F, 0x01, 0x03, 0x00, 0xF0, 0x77, 0x52, 0x7F, 0x25, 0xF5, 0x57, 0x51, 0x7D, 0x17, 0x41, 0x06,
    0x00, 0x80, 0xF0, 0x5F, 0x41, 0xF5, 0x54, 0x52, 0x4F, 0x25, 0x97, 0xE0, 0x07, 0x00, 0x40, 0xF0,
    0x5F, 0x55, 0xD7, 0x41, 0xF0, 0x9F, 0x24, 0x62, 0x3C, 0x06, 0x00, 0xF8, 0x03, 0xC1, 0x7F, 0x44,
    0xE8, 0x12, 0x90, 0x3F, 0xAA, 0xE8, 0x02, 0x00, 0xBC, 0x97, 0x52, 0x4A, 0xFF, 0x49, 0xE2, 0x8F,
    0x24, 0xFF, 0x41, 0x00, 0x00, 0xF0, 0x77, 0x40, 0x7D, 0x55, 0xD5, 0x57, 0xD5, 0x7D, 0x44, 0xE8,
    0x07, 0x00, 0x20, 0x71, 0x5C, 0x4F, 0x09, 0x15, 0xD5, 0x59, 0x45, 0x13, 0x51, 0x03, 0x00, 0x00,
    0xF1, 0x5F, 0x35, 0x4D, 0xD5, 0x57, 0x51, 0x7D, 0x17, 0xE1, 0x07, 0x00, 0xC0, 0xF3, 0x50, 0x7D,
    0x05, 0xD4, 0x55, 0x55, 0x5D, 0x57, 0x41, 0x05, 0x00, 0x80, 0x70, 0x5F, 0x45, 0xF5, 0x55, 0xD4,
    0x5F, 0x11, 0xA7, 0x60, 0x04, 0x00, 0x80, 0x73, 0x51, 0x7F, 0x15, 0xD5, 0x57, 0xC1, 0x7D, 0x18,
    0xC1, 0x07, 0x00, 0x40, 0xF0, 0x1F, 0x15, 0xAA, 0xFC, 0xA7, 0x8A, 0x2E, 0x82, 0xF8, 0x03, 0x00,
    0xC0, 0x77, 0x45, 0x7D, 0x55, 0x54, 0x51, 0x5F, 0x41, 0x57, 0xA1, 0x06, 0x00, 0x00, 0x71, 0x5F,
    0x11, 0xFD, 0x95, 0x50, 0x51, 0x7D, 0x57, 0xE1, 0x07, 0x00, 0xE0, 0x77, 0x49, 0x19, 0x9D, 0x55,
    0xD5, 0x4A, 0x7F, 0xAB, 0x90, 0x04, 0x00, 0x80, 0x70, 0x4F, 0x25, 0xF5, 0x55, 0x50, 0x5F, 0x41,
    0x57, 0xA1, 0x06, 0x00, 0x80, 0x70, 0x5F, 0x29, 0xFD, 0xD5, 0xD4, 0x4A, 0x7D, 0x17, 0xC1, 0x07,
    0x00, 0x40, 0xF1, 0x5F, 0x11, 0xF5, 0x15, 0xD1, 0x5F, 0x29, 0x97, 0xA0, 0x07, 0x00, 0x40, 0xB1,
    0x4A, 0x7D, 0x05, 0x74, 0x57, 0x51, 0x55, 0x9B, 0x51, 0x05, 0x00, 0xFC, 0x17, 0xD1, 0x5F, 0x00,
    0xFD, 0x55, 0xD5, 0x57, 0x75, 0x55, 0x06, 0x00, 0x20, 0xF5, 0x5F, 0x09, 0xFD, 0x55, 0x55, 0x55,
    0x3D, 0x47, 0xE1, 0x07, 0x00, 0x80, 0xF0, 0x4F, 0x22, 0xF9, 0x24, 0x92, 0x5F, 0x2A, 0x77, 0x81,
    0x00, 0x00, 0x00, 0x71, 0x5F, 0x11, 0xF5, 0x55, 0x55, 0x4A, 0x7F, 0x57, 0x20, 0x05, 0x00, 0x90,
    0xB0, 0x5E, 0x04, 0xF5, 0x65, 0x15, 0x5F, 0x57, 0xF7, 0x11, 0x02, 0x00, 0xF0, 0x77, 0x52, 0x7F,
    0x55, 0x35, 0xD6, 0xDF, 0x09, 0x88, 0xE8, 0x05, 0x00, 0x40, 0xF1, 0x5F, 0x45, 0x7D, 0x55, 0xD5,
    0x4B, 0x2A, 0x6B, 0xD1, 0x04, 0x00, 0x40, 0xF1, 0x5F, 0x55, 0xBD, 0xD5, 0xD2, 0x4B, 0x25, 0x7F,
    0x51, 0x04, 0x00, 0x40, 0x71, 0x5D, 0x1F, 0xD5, 0xD5, 0xD2, 0x5E, 0x29, 0x67, 0x61, 0x04, 0x00,
    0x00, 0x71, 0x5F, 0x29, 0xA5, 0xD4, 0x57, 0x55, 0x7D, 0x57, 0x41, 0x07, 0x00, 0xF0, 0x77, 0x4A,
    0x7D, 0x55, 0xD5, 0x57, 0x44, 0x7F, 0xA7, 0x60, 0x04, 0x00, 0x40, 0xF1, 0x5F, 0x55, 0xFD, 0x55,
    0xD5, 0x5F, 0x45, 0x17, 0xC1, 0x07, 0x00, 0x40, 0xF0, 0x1F, 0x04, 0xFE, 0x10, 0xF1, 0x9F, 0x4A,
    0x29, 0xB5, 0x07, 0x00, 0x00, 0x71, 0x5F, 0x55, 0xFD, 0x54, 0x55, 0x5F, 0x45, 0xE7, 0x60, 0x04,
    0x00, 0xE0, 0x77, 0x49, 0x3D, 0x95, 0xD4, 0x53, 0x51, 0x3F, 0x27, 0x61, 0x07, 0x00, 0xF0, 0x77,
    0x49, 0x25, 0xF5, 0x14, 0xD0, 0x5D, 0x55, 0x57, 0xF1, 0x07, 0x00, 0x00, 0x71, 0x5F, 0x11, 0xFD,
    0x55, 0x52, 0xCF, 0x25, 0xF0, 0x20, 0x04, 0x00, 0x50, 0xF1, 0x5F, 0x51, 0x44, 0xF8, 0x21, 0x90,
    0x7F, 0x82, 0xF8, 0x03, 0x00, 0x00, 0xF1, 0x5F, 0x25, 0xFD, 0x55, 0xD2, 0x4D, 0x6D, 0x93, 0x48,
    0x02, 0x00, 0x40, 0xB7, 0x57, 0x55, 0xD5, 0xF4, 0x95, 0x54, 0x5F, 0xCB, 0xE0, 0x01, 0x00, 0x80,
    0xF2, 0x5F, 0x29, 0xFD, 0x55, 0xD5, 0x5F, 0x55, 0xFF, 0x01, 0x01, 0x00, 0x40, 0x75, 0x55, 0x2B,
    0x25, 0xF5, 0x57, 0x52, 0x7F, 0x27, 0x61, 0x06, 0x00, 0x00, 0x71, 0x5F, 0x51, 0xFD, 0x55, 0x53,
    0x56, 0x7F, 0x57, 0x31, 0x05, 0x00, 0x40, 0xF3, 0x56, 0x35, 0x6D, 0x15, 0xD1, 0x5F, 0x55, 0xCF,
    0xC0, 0x04, 0x00, 0x40, 0xF7, 0x57, 0x75, 0x7D, 0x15, 0xD5, 0x5F, 0x51, 0x7F, 0x41, 0x06, 0x00,
    0x40, 0x71, 0x5F, 0x15, 0xFD, 0x55, 0x55, 0x5F, 0x55, 0xFF, 0x21, 0x04, 0x00, 0x50, 0xF7, 0x47,
    0x15, 0xDD, 0x55, 0xD5, 0x57, 0x51, 0x2F, 0x91, 0x04, 0x00, 0x00, 0xF1, 0x5F, 0x29, 0xF5, 0x75,
    0x54, 0x5F, 0x11, 0x57, 0xA1, 0x05, 0x00, 0x00, 0xF1, 0x5F, 0x11, 0xFD, 0x55, 0x54, 0x4A, 0x7F,
    0x0F, 0xE1, 0x07, 0x00, 0xC0, 0x77, 0x55, 0x6D, 0x55, 0xD5, 0x57, 0xC4, 0x7D, 0x00, 0x50, 0x05,
    0x00, 0xE0, 0x77, 0x44, 0x7F, 0x0D, 0xD5, 0x57, 0x51, 0x7D, 0xA7, 0xE0, 0x07, 0x00, 0x80, 0xF3,
    0x42, 0x7E, 0x29, 0xE5, 0x93, 0x42, 0x72, 0xA7, 0xD0, 0x07, 0x00, 0x40, 0x71, 0x55, 0x7F, 0x95,
    0xF4, 0x57, 0xC4, 0x7F, 0xA0, 0x70, 0x04, 0x00, 0xC0, 0xF3, 0x50, 0x7D, 0x55, 0xF5, 0x57, 0x42,
    0x7F, 0x2F, 0xA1, 0x05, 0x00, 0x80, 0xF0, 0x5F, 0x55, 0xAD, 0xD5, 0xD5, 0x4A, 0x7F, 0x93, 0x30,
    0x04, 0x00, 0x40, 0xF2, 0x5F, 0x35, 0xBD, 0xD5, 0x53, 0x40, 0x7F, 0x57, 0x20, 0x05, 0x00, 0x40,
    0xF1, 0x5F, 0x55, 0xFD, 0x15, 0xD0, 0x5F, 0x55, 0x93, 0xC0, 0x04, 0x00, 0xB8, 0xA3, 0x8A, 0x3B,
    0x50, 0xFC, 0x47, 0xC4, 0x7B, 0xAA, 0xB8, 0x03, 0x00, 0xFC, 0x57, 0xD5, 0x75, 0x10, 0xFC, 0x07,
    0xC1, 0x75, 0x55, 0xFD, 0x07, 0x00, 0xC0, 0x73, 0x49, 0x7F, 0x6D, 0xF5, 0x57, 0x44, 0x7F, 0xD7,
    0x20, 0x05, 0x00, 0x00, 0xF1, 0x5F, 0x25, 0xFD, 0x55, 0x52, 0x4F, 0x11, 0x17, 0xD1, 0x05, 0x00,
    0x20, 0xF1, 0x5D, 0x2D, 0x95, 0xF4, 0x57, 0x55, 0x3B, 0x47, 0xE0, 0x07, 0x00, 0xE0, 0x77, 0x55,
    0x21, 0xFD, 0x55, 0xD5, 0x4E, 0x65, 0x67, 0x60, 0x06, 0x00, 0x80, 0x73, 0x42, 0x7F, 0x15, 0xD5,
    0x53, 0x54, 0x3B, 0x53, 0xA1, 0x05, 0x00, 0x00, 0xF1, 0x5F, 0x55, 0xFD, 0x55, 0x54, 0x5F, 0x45,
    0xE7, 0x60, 0x04, 0x00, 0x5C, 0x57, 0x4B, 0x77, 0x55, 0x55, 0xD7, 0x57, 0x75, 0x55, 0xDC, 0x04,
    0x00, 0xA0, 0xF2, 0x5F, 0x55, 0x55, 0xF4, 0x57, 0x52, 0x7F, 0x27, 0xF1, 0x07, 0x00, 0x80, 0xF0,
    0x5F, 0x25, 0x2D, 0x95, 0xD2, 0x5F, 0x55, 0xFF, 0x81, 0x00, 0x00, 0xE0, 0x77, 0x42, 0x7F, 0x25,
    0xF5, 0x56, 0x42, 0x7F, 0x2F, 0xA1, 0x06, 0x00, 0x40, 0xF1, 0x5F, 0x15, 0x55, 0xF4, 0x57, 0x4A,
    0x6A, 0xAF, 0xD0, 0x02, 0x00, 0x00, 0xF1, 0x5F, 0x25, 0xFD, 0x35, 0x54, 0x4F, 0x2B, 0x57, 0xA1,
    0x05, 0x00, 0x00, 0xF1, 0x5F, 0x55, 0xF5, 0x55, 0xD5, 0x5F, 0x51, 0x77, 0x30, 0x06, 0x00, 0xA0,
    0xF2, 0x5F, 0x55, 0x75, 0x54, 0x54, 0x5F, 0x25, 0x97, 0xC0, 0x03, 0x00, 0x80, 0x73, 0x49, 0x7F,
    0x55, 0xD5, 0xD7, 0x4A, 0x7D, 0x17, 0xC1, 0x07, 0x00, 0xF0, 0xB7, 0x44, 0x3F, 0xA5, 0x95, 0xD2,
    0x5B, 0x01, 0xAB, 0x50, 0x05, 0x00, 0x20, 0xF7, 0x47, 0x75, 0x3D, 0x55, 0xD7, 0xC5, 0x75, 0x5C,
    0x50, 0x07, 0x00, 0xE8, 0x97, 0xD4, 0x3F, 0x4A, 0xFD, 0x47, 0xC4, 0x7F, 0x29, 0xE5, 0x06, 0x00,
    0xB8, 0xA3, 0xCA, 0x7F, 0x49, 0xFC, 0xD7, 0x51, 0x55, 0xDF, 0xC4, 0x04, 0x00, 0x70, 0x77, 0x55,
    0x77, 0x55, 0xA5, 0xD2, 0x5F, 0x25, 0x77, 0x30, 0x06, 0x00, 0x00, 0xF1, 0x5F, 0x55, 0xFD, 0x95,
    0xD2, 0x5F, 0x55, 0x9F, 0xC0, 0x05, 0x00, 0xE0, 0x77, 0x4A, 0x7F, 0x55, 0xF5, 0x57, 0x51, 0x7F,
    0x47, 0x71, 0x06, 0x00, 0x40, 0xF5, 0x5F, 0x55, 0xFD, 0x55, 0xD5, 0x5F, 0x55, 0x3F, 0x41, 0x06,
    0x00, 0xE0, 0x77, 0x49, 0x3D, 0x95, 0xF4, 0x57, 0x55, 0x55, 0xDF, 0xC1, 0x04, 0x00, 0xB8, 0xA3,
    0xCA, 0x7F, 0x44, 0xF0, 0x21, 0xC8, 0x7B, 0xAA, 0xB8, 0x03, 0x00, 0x40, 0xF1, 0x5F, 0x15, 0xED,
    0x55, 0xD5, 0x4A, 0x7F, 0x97, 0xE0, 0x07, 0x00, 0xF0, 0x77, 0x55, 0x7F, 0xA9, 0xD4, 0x97, 0x4A,
    0x7F, 0xAB, 0xA0, 0x07, 0x00, 0xFC, 0x27, 0xC9, 0x7F, 0x29, 0xB9, 0x43, 0xC4, 0x7F, 0x22, 0x38,
    0x07, 0x00, 0x40, 0xF2, 0x5F, 0x2A, 0x7D, 0x54, 0xD7, 0x47, 0x35, 0x6B, 0x51, 0x01, 0x00, 0xF0,
    0x77, 0x50, 0x7F, 0x55, 0xF5, 0x57, 0x55, 0x5F, 0x13, 0xE9, 0x03, 0x00, 0xFC, 0x17, 0x50, 0x44,
    0x11, 0x45, 0x94, 0x52, 0x51, 0x01, 0xFD, 0x07, 0x00, 0xFC, 0x97, 0x52, 0x4A, 0x29, 0xA5, 0x54,
    0xDC, 0x40, 0x01, 0xFD, 0x07, 0x00, 0xFC, 0x17, 0x50, 0x5F, 0x45, 0x15, 0x55, 0x54, 0x5F, 0x01,
    0xFD, 0x07, 0x00, 0xFC, 0x17, 0x50, 0x44, 0x7D, 0x45, 0x94, 0x52, 0x51, 0x01, 0xFD, 0x07, 0x00,
    0xFC, 0x17, 0x51, 0x5F, 0x11, 0x55, 0xD5, 0x57, 0x44, 0x51, 0xFD, 0x07, 0x00, 0x20, 0xF0, 0x5F,
    0x45, 0x09, 0x5D, 0x15, 0x52, 0x56, 0x01, 0xFD, 0x07, 0x00, 0xFC, 0x17, 0x51, 0x44, 0x7D, 0x45,
    0x94, 0x53, 0x55, 0x11, 0xFD, 0x07, 0x00, 0xFC, 0x17, 0x51, 0x5F, 0x11, 0xF5, 0x55, 0x54, 0x5F,
    0x01, 0xFD, 0x07, 0x00, 0xFC, 0x17, 0xD5, 0x7F, 0x11, 0xF5, 0x55, 0x55, 0x5F, 0x55, 0xFD, 0x07,
    0x00, 0xFC, 0x57, 0x55, 0x5F, 0x29, 0xFD, 0x57, 0xD4, 0x6E, 0x09, 0xFD, 0x07, 0x00, 0xFC, 0x17,
    0xDA, 0x7F, 0x2B, 0xBD, 0x14, 0xDA, 0x53, 0xA1, 0xFD, 0x07, 0x00, 0xFC, 0x17, 0x51, 0x5F, 0x49,
    0xFD, 0x57, 0xD2, 0x7F, 0x21, 0xFD, 0x07, 0x00, 0xFC, 0x17, 0x51, 0x5F, 0x11, 0xFD, 0x57, 0x54,
    0x7F, 0x53, 0xFD, 0x07, 0x00, 0xFC, 0x97, 0x52, 0x5F, 0x45, 0xF5, 0x55, 0x54, 0x5F, 0x83, 0xFD,
    0x07, 0x00, 0xFC, 0x57, 0x54, 0x5F, 0x11, 0xFD, 0x57, 0x55, 0x5D, 0x45, 0xFD, 0x07, 0x00, 0xFC,
    0x17, 0x51, 0x5F, 0x55, 0xF5, 0x55, 0xD5, 0x7F, 0x49, 0xFD, 0x07, 0x00, 0x40, 0x00, 0x01, 0x04,
    0xFE, 0x40, 0x00, 0x01, 0x04, 0x10, 0xFC, 0x07, 0x00, 0x20, 0xF0, 0x1F, 0x01, 0x24, 0x88, 0xB0,
    0x8F, 0x08, 0x22, 0xE8, 0x07, 0x00, 0xC8, 0x27, 0xC0, 0x7D, 0x22, 0x88, 0x27, 0x90, 0x40, 0x07,
    0x81, 0x03, 0x00, 0x40, 0xE0, 0x0F, 0x04, 0xFF, 0x41, 0xE0, 0x0F, 0x04, 0x10, 0xFC, 0x07, 0x00,
    0xC8, 0x27, 0xD1, 0x45, 0x12, 0xC9, 0x27, 0x81, 0x04, 0x17, 0x81, 0x07, 0x00, 0x48, 0x21, 0x85,
    0x74, 0x77, 0x69, 0x25, 0x95, 0x05, 0x13, 0xC1, 0x07, 0x00, 0x48, 0x24, 0xD5, 0x55, 0x52, 0x49,
    0x25, 0x95, 0x54, 0x57, 0x21, 0x04, 0x00, 0xE8, 0x23, 0xC9, 0x15, 0xF2, 0x49, 0xA4, 0x92, 0x32,
    0xAF, 0x40, 0x04, 0x00, 0x08, 0x21, 0xC4, 0x15, 0xD2, 0x49, 0x21, 0x85, 0x14, 0x57, 0xE0, 0x07,
    0x00, 0x48, 0x20, 0xDF, 0x43, 0x72, 0x09, 0x24, 0x9C, 0x4C, 0x07, 0x01, 0x03, 0x00, 0x08, 0xA1,
    0xDF, 0x09, 0x22, 0x88, 0x27, 0x92, 0x44, 0x17, 0x01, 0x03, 0x00, 0xC8, 0x27, 0xD1, 0x55, 0x52,
    0xE9, 0x27, 0x91, 0x44, 0x17, 0x21, 0x07, 0x00, 0x48, 0x20, 0xDF, 0x55, 0x4A, 0x29, 0x21, 0x84,
    0x10, 0xA7, 0x60, 0x04, 0x00, 0xE8, 0x27, 0xC8, 0x21, 0x42, 0x88, 0x21, 0x8D, 0x52, 0x47, 0x00,
    0x01, 0x00, 0x40, 0x40, 0x09, 0x25, 0x5A, 0xC5, 0x04, 0x81, 0x3F, 0x10, 0xFC, 0x07, 0x00, 0x88,
    0xA0, 0xDF, 0x01, 0xF2, 0x48, 0x22, 0x89, 0x24, 0x8F, 0x20, 0x06, 0x00, 0x08, 0xA1, 0xDF, 0x53,
    0x4A, 0xE8, 0xA7, 0x92, 0x4A, 0xC7, 0xE0, 0x04, 0x00, 0x08, 0xA1, 0xDF, 0x53, 0xFA, 0x29, 0xA5,
    0x94, 0x7E, 0x47, 0x00, 0x01, 0x00, 0xC8, 0x27, 0x91, 0x44, 0xF7, 0x49, 0x24, 0x91, 0x7D, 0x03,
    0xE0, 0x07, 0x00, 0x48, 0x24, 0xD1, 0x7F, 0x12, 0x49, 0x24, 0x9F, 0x44, 0x17, 0xC1, 0x07, 0x00,
    0xE8, 0x27, 0xC4, 0x55, 0xD2, 0x08, 0x21, 0x84, 0x7E, 0x47, 0x00, 0x01, 0x00, 0xE8, 0x27, 0x88,
    0x2E, 0xAF, 0xA8, 0xA2, 0x8A, 0x2F, 0x83, 0x00, 0x03, 0x00, 0x08, 0x24, 0xCF, 0x05, 0xF2, 0x49,
    0x22, 0x8B, 0x34, 0x97, 0x21, 0x02, 0x00, 0xF8, 0x03, 0xC1, 0x7F, 0x92, 0xFC, 0x27, 0xC9, 0x7F,
    0x10, 0xFC, 0x07, 0x00, 0x08, 0xA1, 0xDF, 0x01, 0x92, 0x48, 0x22, 0x89, 0x14, 0x47, 0xE0, 0x07,
    0x00, 0x7C, 0xA5, 0xD4, 0x57, 0x0A, 0x25, 0x06, 0x81, 0x3F, 0x10, 0xFC, 0x07, 0x00, 0xC8, 0x27,
    0xD1, 0x7D, 0x12, 0xC9, 0x27, 0x85, 0x54, 0x97, 0xC0, 0x04, 0x00, 0x08, 0x26, 0xC7, 0x07, 0xF2,
    0x49, 0x20, 0x9F, 0x46, 0x17, 0xC1, 0x07, 0x00, 0xE8, 0x27, 0x80, 0x7C, 0x17, 0xC9, 0x27, 0x91,
    0x7D, 0x03, 0xE0, 0x07, 0x00, 0x08, 0xA1, 0xDF, 0x25, 0x0A, 0xE9, 0x27, 0x81, 0x7E, 0x0B, 0x01,
    0x03, 0x00, 0xC8, 0x27, 0x84, 0x7C, 0x57, 0xC9, 0x27, 0x95, 0x7D, 0x23, 0x60, 0x07, 0x00, 0x88,
    0x20, 0xD1, 0x7F, 0x12, 0xC8, 0xA7, 0x84, 0x7E, 0xA7, 0x60, 0x04, 0x00, 0xC8, 0x27, 0x95, 0x7C,
    0x57, 0xC9, 0x27, 0x84, 0x7D, 0x43, 0xE0, 0x07, 0x00, 0x08, 0xA5, 0xDF, 0x13, 0x7A, 0xA9, 0xA5,
    0x8A, 0x2E, 0x47, 0xD1, 0x04, 0x00, 0x08, 0x25, 0x9F, 0x10, 0xF7, 0x49, 0x25, 0x9F, 0x55, 0xF3,
    0x41, 0x05, 0x00, 0x08, 0xA5, 0xDF, 0x11, 0x7A, 0xA9, 0xA5, 0x8A, 0x2E, 0x47, 0xC1, 0x04, 0x00,
    0x88, 0x20, 0xDF, 0x45, 0xF2, 0x49, 0x20, 0x9F, 0x44, 0xFF, 0x01, 0x01, 0x00, 0x88, 0xA0, 0xDF,
    0x53, 0xFA, 0x29, 0xA5, 0x9F, 0x24, 0xFF, 0x01, 0x02, 0x00, 0x10, 0xF1, 0x1F, 0x51, 0x5F, 0xC9,
    0xF7, 0x15, 0x51, 0x3F, 0x91, 0x04, 0x00, 0x08, 0xA1, 0xDF, 0x25, 0x92, 0xE8, 0x27, 0x80, 0x7E,
    0x0F, 0xE1, 0x07, 0x00, 0x10, 0xF1, 0x1F, 0x11, 0x7C, 0x10, 0xF1, 0x9F, 0x2E, 0x11, 0xF9, 0x03,
    0x00, 0x48, 0x42, 0xC5, 0x7F, 0x45, 0xF1, 0x01, 0x81, 0x3F, 0x10, 0xFC, 0x07, 0x00, 0xBC, 0x57,
    0xD0, 0x2B, 0x49, 0xBC, 0x52, 0xD1, 0x3F, 0x10, 0xFC, 0x07, 0x00, 0x88, 0x22, 0xDF, 0x25, 0xFA,
    0x49, 0x22, 0x9F, 0x24, 0x9F, 0xC0, 0x07, 0x00, 0xFC, 0x87, 0x82, 0x3B, 0x82, 0xBC, 0x87, 0x82,
    0x3F, 0x10, 0xFC, 0x07, 0x00, 0xD0, 0x27, 0xD1, 0x7E, 0x52, 0x28, 0x05, 0x81, 0x3F, 0x10, 0xFC,
    0x07, 0x00, 0xC8, 0x27, 0xD1, 0x7F, 0x12, 0xC9, 0x27, 0xC4, 0x75, 0x70, 0x30, 0x06, 0x00, 0x48,
    0xA2, 0xDF, 0x25, 0xF2, 0x48, 0xA2, 0x8F, 0x6A, 0x0F, 0xE0, 0x07, 0x00, 0x40, 0xF0, 0x1F, 0x11,
    0xEF, 0x11, 0xF1, 0x1F, 0x0A, 0x24, 0x8D, 0x07, 0x00, 0xE8, 0xA7, 0xD2, 0x7B, 0x2A, 0xE9, 0xA7,
    0x92, 0x32, 0x2F, 0xE1, 0x07, 0x00, 0x90, 0xF7, 0x13, 0x09, 0xFF, 0xA9, 0xF4, 0x15, 0x51, 0xDF,
    0xD0, 0x04, 0x00, 0xC8, 0x23, 0xC9, 0x3D, 0x92, 0xC8, 0x27, 0x81, 0x7E, 0x57, 0xA1, 0x06, 0x00,
    0x88, 0xA0, 0xDF, 0x49, 0xA2, 0xE8, 0x27, 0x91, 0x7E, 0x17, 0xC1, 0x07, 0x00, 0x88, 0xA0, 0xDF,
    0x4B, 0xFA, 0xA9, 0xA4, 0x9F, 0x2C, 0x2B, 0x91, 0x07, 0x00, 0xC8, 0x27, 0xD1, 0x7D, 0x12, 0xC9,
    0xA7, 0x96, 0x6C, 0x6F, 0xC1, 0x06, 0x00, 0xA8, 0xF7, 0x13, 0x79, 0x3D, 0x9D, 0x46, 0x81, 0x3F,
    0x10, 0xFC, 0x07, 0x00, 0x88, 0xA2, 0xDF, 0x29, 0x12, 0xA9, 0x27, 0x80, 0x7C, 0x17, 0xC1, 0x07,
    0x00, 0xCC, 0x83, 0xD4, 0x7E, 0x50, 0xA8, 0x15, 0x81, 0x3F, 0x10, 0xFC, 0x07, 0x00, 0x08, 0xA1,
    0xDF, 0x2B, 0xFA, 0xA9, 0xA2, 0xCF, 0x25, 0x94, 0xC0, 0x03, 0x00, 0xE8, 0xA7, 0xD0, 0x7D, 0x22,
    0x68, 0x25, 0x8E, 0x56, 0x47, 0xC1, 0x00, 0x00, 0x40, 0xF0, 0x5F, 0x51, 0xFE, 0x10, 0xF1, 0x9F,
    0x2E, 0x11, 0xF9, 0x03, 0x00, 0x88, 0xA0, 0xCF, 0x23, 0xFA, 0x29, 0xA0, 0x9F, 0x40, 0x57, 0xA1,
    0x06, 0x00, 0x00, 0xA1, 0x9F, 0x24, 0xF7, 0x48, 0x22, 0x89, 0x7E, 0xA7, 0x40, 0x04, 0x00, 0xC8,
    0x27, 0xD5, 0x6D, 0x12, 0xC9, 0x27, 0x80, 0x7C, 0x57, 0xE1, 0x07, 0x00, 0x40, 0xF0, 0x5F, 0x52,
    0xFF, 0x25, 0x91, 0xD7, 0x71, 0x21, 0xF4, 0x07, 0x00, 0xA0, 0xF7, 0x83, 0x7A, 0xBE, 0xAC, 0x02,
    0x81, 0x3F, 0x10, 0xFC, 0x07, 0x00, 0x10, 0xF1, 0x8F, 0x2A, 0xBF, 0x90, 0x25, 0x91, 0x3F, 0x10,
    0xFC, 0x07, 0x00, 0xE8, 0xA7, 0xD0, 0x7F, 0x5A, 0x29, 0xA1, 0x9F, 0x12, 0xFB, 0x11, 0x01, 0x00,
    0x08, 0x21, 0x9F, 0x28, 0xF7, 0x49, 0x24, 0x9F, 0x29, 0xA3, 0x60, 0x06, 0x00, 0xFC, 0x57, 0xC9,
    0x17, 0xF5, 0x7D, 0x05, 0x85, 0x3F, 0x10, 0xFC, 0x07, 0x00, 0x10, 0xF1, 0x8F, 0x2A, 0x7F, 0x91,
    0x04, 0x81, 0x3F, 0x10, 0xFC, 0x07, 0x00, 0xFC, 0x87, 0x82, 0x3F, 0x82, 0xFC, 0x27, 0x49, 0x5F,
    0x10, 0xFC, 0x07, 0x00, 0x5C, 0xD1, 0xDF, 0x08, 0x55, 0xBD, 0x13, 0x95, 0x1F, 0x10, 0xFC, 0x07,
    0x00, 0x48, 0xA2, 0xDF, 0x4B, 0xFA, 0xA9, 0xA4, 0x9F, 0x44, 0x17, 0xC1, 0x07, 0x00, 0x08, 0xA3,
    0xDF, 0x4B, 0xFA, 0xA8, 0xA0, 0x9E, 0x2E, 0xA7, 0xE0, 0x07, 0x00, 0xF8, 0x23, 0x89, 0x3F, 0x92,
    0xFC, 0x57, 0x95, 0x3F, 0x10, 0xFC, 0x07, 0x00, 0x1C, 0xD1, 0xDF, 0x24, 0xED, 0x9D, 0x14, 0x81,
    0x3F, 0x10, 0xFC, 0x07, 0x00, 0x08, 0xA1, 0xDF, 0x55, 0xFA, 0x49, 0x24, 0x9F, 0x44, 0xE7, 0x60,
    0x04, 0x00, 0xBC, 0xA7, 0xD2, 0x7F, 0x25, 0xA9, 0x57, 0x8A, 0x5F, 0x10, 0xFC, 0x07, 0x00, 0x3C,
    0x91, 0xDF, 0x2B, 0xF9, 0x3D, 0x11, 0x85, 0x3F, 0x10, 0xFC, 0x07, 0x00, 0x40, 0xF0, 0x9F, 0x28,
    0xF5, 0x7D, 0x22, 0x49, 0x7F, 0x10, 0xFC, 0x07, 0x00, 0x08, 0xA1, 0xDF, 0x4B, 0xEA, 0x29, 0xA4,
    0x9F, 0x24, 0x97, 0xE0, 0x07, 0x00, 0xB0, 0xF7, 0x11, 0x55, 0xCB, 0xF8, 0x04, 0x81, 0x3F, 0x10,
    0xFC, 0x07, 0x00, 0xFC, 0x97, 0xD4, 0x7F, 0x49, 0xBC, 0x12, 0x91, 0x3F, 0x10, 0xFC, 0x07, 0x00,
    0x08, 0xA1, 0xDF, 0x25, 0xFA, 0x29, 0x24, 0x9F, 0x2A, 0x57, 0xA1, 0x05, 0x00, 0xF0, 0x41, 0xC5,
    0x7F, 0x55, 0xFD, 0x07, 0x81, 0x3F, 0x10, 0xFC, 0x07, 0x00, 0x08, 0xA1, 0xDF, 0x2B, 0xFA, 0xA9,
    0xA2, 0x9F, 0x55, 0xF3, 0x30, 0x06, 0x00, 0x88, 0xA0, 0xDF, 0x55, 0xFA, 0x89, 0xE0, 0x9A, 0x54,
    0x8F, 0xE0, 0x04, 0x00, 0x88, 0xF7, 0x42, 0x79, 0x1F, 0xA5, 0xF7, 0x42, 0x7E, 0x10, 0xFC, 0x07,
    0x00, 0xE8, 0xA7, 0xCA, 0x7F, 0xAA, 0x68, 0xA5, 0x84, 0x75, 0x53, 0xE0, 0x07, 0x00, 0x08, 0xA1,
    0xDF, 0x55, 0xFA, 0x89, 0xA2, 0x9F, 0x54, 0x9F, 0xC0, 0x05, 0x00, 0xE8, 0x27, 0xC2, 0x7F, 0x2A,
    0x49, 0xA7, 0x96, 0x75, 0x7B, 0x41, 0x05, 0x00, 0x40, 0x00, 0x01, 0x04, 0xFF, 0x41, 0x00, 0x01,
    0x04, 0x10, 0xF8, 0x03, 0x00, 0x80, 0xE3, 0x01, 0x04, 0x10, 0xFC, 0x07, 0x01, 0x04, 0x10, 0xFC,
    0x07, 0x00, 0x14, 0x51, 0xC4, 0x11, 0xFC, 0x11, 0x71, 0x44, 0x11, 0x45, 0xD4, 0x07, 0x00, 0xFC,
    0x07, 0xC1, 0x7F, 0x01, 0xF9, 0x43, 0x04, 0x1F, 0x28, 0xFC, 0x07, 0x00, 0xFC, 0x07, 0xC1, 0x7F,
    0x29, 0xB9, 0x23, 0x88, 0x3B, 0x28, 0xFC, 0x07, 0x00, 0xFC, 0x07, 0x81, 0x7F, 0x10, 0xFD, 0x03,
    0xC8, 0x7F, 0xAA, 0x38, 0x03, 0x00, 0xFC, 0x07, 0x01, 0x3F, 0x84, 0xF0, 0x43, 0xC8, 0x32, 0x78,
    0x1C, 0x06, 0x00, 0x10, 0xF1, 0x9F, 0x4A, 0xBE, 0xA9, 0xF2, 0x1B, 0x31, 0x38, 0x1C, 0x07, 0x00,
    0x40, 0x00, 0x1F, 0x42, 0x08, 0x51, 0x02, 0x0A, 0x10, 0x30, 0x38, 0x00, 0x00, 0x08, 0xE1, 0x85,
    0x14, 0x75, 0x54, 0x83, 0x14, 0x12, 0x44, 0x0C, 0x01, 0x00, 0xFC, 0x13, 0xC8, 0x3F, 0x89, 0xE4,
    0x52, 0xCA, 0x2A, 0x11, 0x35, 0x04, 0x00, 0x40, 0x80, 0x87, 0x11, 0xC8, 0xE1, 0x74, 0x11, 0x28,
    0x60, 0x70, 0x00, 0x00, 0x40, 0xF0, 0x1F, 0x05, 0xF4, 0x49, 0xB5, 0x90, 0x29, 0x62, 0x68, 0x06,
    0x00, 0xB8, 0x90, 0x9E, 0x46, 0xE4, 0xAD, 0x84, 0x92, 0x7A, 0x04, 0x0D, 0x03, 0x00, 0xFC, 0x87,
    0x84, 0x3F, 0xAA, 0xA8, 0xF2, 0x5F, 0x52, 0x30, 0x38, 0x00, 0x00, 0xF0, 0xB3, 0x08, 0x14, 0xFF,
    0x45, 0xE4, 0x8F, 0x24, 0x7C, 0x0C, 0x06, 0x00, 0x7C, 0x57, 0xD3, 0x57, 0x95, 0xFC, 0x47, 0xD2,
    0x57, 0xCC, 0xD4, 0x00, 0x00, 0x40, 0x00, 0xC1, 0x7F, 0x10, 0x40, 0x80, 0x02, 0x0A, 0x44, 0x0C,
    0x06, 0x00, 0xF8, 0x03, 0x01, 0x04, 0xFF, 0x41, 0x00, 0x01, 0x0A, 0x44, 0x0C, 0x06, 0x00, 0x40,
    0x00, 0xC1, 0x7F, 0x10, 0x40, 0x80, 0x02, 0x11, 0x8A, 0x44, 0x04, 0x00, 0x40, 0xE0, 0x0F, 0x04,
    0x10, 0xFC, 0x07, 0x01, 0x0A, 0x44, 0x0C, 0x06, 0x00, 0x80, 0xE3, 0x01, 0x04, 0x10, 0xFC, 0x07,
    0x01, 0x0A, 0x44, 0x0C, 0x06, 0x00, 0x40, 0xE0, 0x8F, 0x24, 0x92, 0x48, 0xF2, 0x1F, 0x0A, 0x44,
    0x0C, 0x06, 0x00, 0x48, 0xE0, 0x8F, 0x04, 0x11, 0xFC, 0x07, 0x01, 0x0A, 0x44, 0x0C, 0x06, 0x00,
    0x40, 0xF0, 0x1F, 0x24, 0xFE, 0x48, 0xE0, 0x1F, 0x44, 0x28, 0x1C, 0x07, 0x00, 0x40, 0xF0, 0x1F,
    0x11, 0x82, 0xFC, 0x45, 0x80, 0x3F, 0x82, 0xC0, 0x01, 0x00, 0x40, 0xF0, 0x1F, 0x04, 0x92, 0x48,
    0x52, 0x15, 0x0A, 0x44, 0x0C, 0x06, 0x00, 0x40, 0xF0, 0x1F, 0x15, 0x92, 0xFC, 0x27, 0x89, 0x3F,
    0x12, 0xC1, 0x07, 0x00, 0x40, 0xF0, 0x1F, 0x0A, 0x44, 0xFC, 0x07, 0x88, 0x27, 0x92, 0x78, 0x03,
    0x00, 0x40, 0xF0, 0x1F, 0x11, 0xBA, 0x04, 0xE4, 0x0F, 0x04, 0x92, 0x64, 0x04, 0x00, 0x40, 0xF0,
    0x1F, 0x02, 0xFF, 0x51, 0xE1, 0x4F, 0x44, 0xFE, 0x40, 0x00, 0x00, 0x40, 0xF0, 0x1F, 0x11, 0x92,
    0xF4, 0x05, 0x81, 0x3F, 0x10, 0xFC, 0x07, 0x00, 0x40, 0xF0, 0x1F, 0x02, 0xFF, 0x51, 0x21, 0xC9,
    0x7F, 0x44, 0x0C, 0x06, 0x00, 0xF0, 0x21, 0xC2, 0x3F, 0xAA, 0x18, 0x23, 0xC9, 0x7F, 0x44, 0x0C,
    0x06, 0x00, 0xD0, 0xF7, 0x14, 0x51, 0x2F, 0x51, 0xF2, 0x1F, 0x04, 0x6C, 0x0C, 0x06, 0x00, 0x40,
    0xF0, 0x1F, 0x15, 0xBA, 0x54, 0x45, 0xC4, 0x7F, 0x44, 0x0C, 0x01, 0x00, 0x40, 0xF0, 0x9F, 0x2A,
    0x29, 0x91, 0xF0, 0x1F, 0x0A, 0x44, 0x0C, 0x06, 0x00, 0x40, 0xF0, 0x1F, 0x23, 0x7B, 0x21, 0xF0,
    0x1F, 0x02, 0x84, 0xF8, 0x07, 0x00, 0x14, 0xF1, 0x1F, 0x11, 0x47, 0xD4, 0x07, 0xC1, 0x7F, 0x44,
    0x0C, 0x06, 0x00, 0xF8, 0x27, 0x49, 0x4A, 0x94, 0xF8, 0x03, 0xC1, 0x7F, 0x44, 0x0C, 0x06, 0x00,
    0xD0, 0x21, 0xC8, 0x7F, 0xAA, 0x98, 0x23, 0xC9, 0x7F, 0x44, 0x0C, 0x06, 0x00, 0x40, 0xF0, 0x1F,
    0x11, 0x92, 0xF4, 0x07, 0xC5, 0x7F, 0x8A, 0xE4, 0x03, 0x00, 0x20, 0xE0, 0x8F, 0x2A, 0xFE, 0x68,
    0x42, 0xC5, 0x7F, 0x44, 0x0C, 0x06, 0x00, 0x40, 0xF0, 0x1F, 0x12, 0x84, 0xFC, 0x27, 0x85, 0x3E,
    0xAA, 0xF8, 0x07, 0x00, 0x40, 0xF0, 0x1F, 0x11, 0xAA, 0xF4, 0x45, 0xC2, 0x7F, 0x42, 0x90, 0x01,
    0x00, 0x40, 0xF0, 0x1F, 0x11, 0xAA, 0xF4, 0x45, 0x82, 0x3F, 0x92, 0xF8, 0x03, 0x00, 0x20, 0x80,
    0xC0, 0x7F, 0x44, 0x08, 0xE1, 0x02, 0x0C, 0xCC, 0x0C, 0x04, 0x00, 0xD0, 0x47, 0xD0, 0x43, 0x2A,
    0xA5, 0x62, 0x0A, 0x13, 0xA2, 0x64, 0x04, 0x00, 0xD0, 0x43, 0xCA, 0x2B, 0xAA, 0xA5, 0xA4, 0x12,
    0x49, 0x1A, 0x45, 0x03, 0x00, 0xD0, 0x47, 0xC4, 0x13, 0x4A, 0xE4, 0x67, 0x04, 0x11, 0x4A, 0x04,
    0x01, 0x00, 0x08, 0x21, 0xC5, 0x75, 0x72, 0x75, 0x55, 0x85, 0x04, 0x16, 0x85, 0x07, 0x00, 0xD0,
    0x47, 0xD0, 0x23, 0x4A, 0xE4, 0x67, 0x04, 0x11, 0x4A, 0x84, 0x01, 0x00, 0x90, 0x40, 0xDE, 0x47,
    0x0A, 0xA5, 0x64, 0x14, 0x41, 0x0A, 0x05, 0x03, 0x00, 0x10, 0x40, 0xDE, 0x4B, 0x2A, 0xA9, 0x94,
    0x92, 0x4A, 0xE4, 0x2D, 0x00, 0x00, 0xC8, 0x27, 0xD0, 0x43, 0xEA, 0xA5, 0x60, 0x02, 0x49, 0x2A,
    0x85, 0x07, 0x00, 0x40, 0xF0, 0x9F, 0x00, 0xFE, 0x20, 0xF0, 0x1F, 0x21, 0x7C, 0x0C, 0x06, 0x00,
    0x08, 0x26, 0xC7, 0x13, 0x4A, 0xE4, 0x67, 0x04, 0x11, 0x4A, 0xC4, 0x07, 0x00, 0xD0, 0x47, 0xCA,
    0x2B, 0xAA, 0xE4, 0x67, 0x0A, 0x29, 0xAA, 0x44, 0x02, 0x00, 0x10, 0x41, 0xC8, 0x7B, 0x2A, 0xA9,
    0xE4, 0x1E, 0x09, 0x2A, 0x44, 0x00, 0x00, 0x10, 0x41, 0xDF, 0x13, 0x4A, 0xE4, 0x67, 0x12, 0x49,
    0xCA, 0xC4, 0x04, 0x00, 0x10, 0x46, 0xC7, 0x13, 0x4A, 0xE4, 0x67, 0x04, 0x11, 0xAA, 0x44, 0x04,
    0x00, 0x08, 0x21, 0xC4, 0x5B, 0x5A, 0x25, 0x61, 0x06, 0x41, 0xCA, 0xC4, 0x00, 0x00, 0x94, 0x50,
    0xC2, 0x7F, 0x24, 0x91, 0x74, 0x49, 0x25, 0x65, 0x74, 0x06, 0x00, 0xE8, 0x23, 0xCA, 0x29, 0xA5,
    0xF4, 0x57, 0x89, 0x24, 0x95, 0xE4, 0x07, 0x00, 0x48, 0x21, 0xC5, 0x57, 0xF2, 0x64, 0x61, 0x05,
    0x55, 0x7A, 0x45, 0x07, 0x00, 0xC8, 0x27, 0xD0, 0x2B, 0xFA, 0x25, 0x65, 0x14, 0x31, 0x4A, 0xA4,
    0x01, 0x00, 0xF8, 0x82, 0x88, 0x14, 0x44, 0x20, 0xF0, 0x1F, 0x11, 0x3C, 0x0C, 0x07, 0x00, 0x10,
    0x41, 0xDF, 0x0B, 0x2A, 0xA4, 0x67, 0x12, 0x49, 0x2A, 0x45, 0x06, 0x00, 0xE8, 0xA7, 0xD0, 0x7F,
    0x2A, 0xA4, 0xD4, 0x8E, 0x0A, 0x2A, 0x15, 0x07, 0x00, 0x10, 0x41, 0xC4, 0x7F, 0x52, 0x65, 0x65,
    0x1F, 0x55, 0x5A, 0xC5, 0x07, 0x00, 0x48, 0x20, 0xDF, 0x55, 0x4D, 0x14, 0x51, 0x8D, 0x54, 0x4D,
    0x85, 0x01, 0x00, 0x08, 0x21, 0xDF, 0x13, 0x4A, 0xE4, 0x67, 0x04, 0x39, 0x5A, 0x25, 0x01, 0x00,
    0x40, 0xF0, 0x1F, 0x24, 0xFE, 0x21, 0xF2, 0x1F, 0x11, 0x3C, 0x0C, 0x07, 0x00, 0x40, 0xF0, 0x1F,
    0x11, 0xFF, 0x21, 0xF0, 0x1F, 0x11, 0x3C, 0x0C, 0x07, 0x00, 0x90, 0x43, 0xCA, 0x2B, 0xAA, 0xE4,
    0x67, 0x09, 0x25, 0xFA, 0x05, 0x02, 0x00, 0x08, 0x21, 0xDF, 0x15, 0x52, 0xF4, 0x57, 0x94, 0x58,
    0xD6, 0x24, 0x01, 0x00, 0x10, 0x41, 0xC4, 0x4B, 0xEA, 0x25, 0x60, 0x1E, 0x49, 0x2A, 0xA5, 0x07,
    0x00, 0xC8, 0x27, 0xD5, 0x57, 0x52, 0xE5, 0x67, 0x15, 0x55, 0x5A, 0x45, 0x06, 0x00, 0x88, 0x27,
    0xD2, 0x7B, 0x2A, 0xA5, 0x64, 0x1E, 0x49, 0x2A, 0xC5, 0x07, 0x00, 0x08, 0x21, 0xC4, 0x7F, 0x4A,
    0x24, 0x61, 0x1F, 0x45, 0x1A, 0xC5, 0x07, 0x00, 0x48, 0x24, 0xD3, 0x55, 0x12, 0x55, 0x54, 0x93,
    0x22, 0x42, 0xD5, 0x04, 0x00, 0x48, 0x21, 0xC5, 0x7F, 0x4A, 0x24, 0x61, 0x1F, 0x11, 0x4A, 0xE4,
    0x07, 0x00, 0xF8, 0x03, 0xC1, 0x7F, 0x54, 0x48, 0xF2, 0x1F, 0x21, 0x7C, 0x0C, 0x06, 0x00, 0x48,
    0x22, 0xC5, 0x7F, 0x92, 0x54, 0xD2, 0x9F, 0x24, 0x96, 0x24, 0x02, 0x00, 0x48, 0x21, 0xD5, 0x37,
    0x52, 0x64, 0x63, 0x15, 0x17, 0x52, 0x25, 0x07, 0x00, 0x10, 0xF1, 0x1F, 0x04, 0xFE, 0x20, 0xF0,
    0x1F, 0x21, 0x7C, 0x0C, 0x06, 0x00, 0x08, 0xA1, 0xDF, 0x29, 0x15, 0xB5, 0x52, 0x8A, 0x10, 0xA5,
    0x64, 0x04, 0x00, 0x90, 0x40, 0xDF, 0x4B, 0xAA, 0xE4, 0x67, 0x02, 0x7D, 0x2A, 0x84, 0x07, 0x00,
    0x40, 0xF0, 0x1F, 0x12, 0x38, 0x10, 0xF1, 0x9F, 0x24, 0x6E, 0x64, 0x06, 0x00, 0x08, 0xA1, 0xDF,
    0x11, 0xFA, 0x25, 0xD1, 0x9F, 0x50, 0xA6, 0x64, 0x04, 0x00, 0xE8, 0x27, 0xC4, 0x4B, 0xFA, 0x25,
    0x61, 0x1F, 0x11, 0x4A, 0xC4, 0x07, 0x00, 0xC8, 0x27, 0xC9, 0x77, 0x52, 0x65, 0x65, 0x1D, 0x25,
    0x9A, 0xC4, 0x07, 0x00, 0xE8, 0xA7, 0xD4, 0x53, 0xFA, 0x25, 0xD5, 0x96, 0x66, 0x0E, 0xE5, 0x07,
    0x00, 0x44, 0xA0, 0x1F, 0x49, 0x52, 0x24, 0xF2, 0x1F, 0x11, 0x3C, 0x0C, 0x07, 0x00, 0x80, 0xE4,
    0x9F, 0x10, 0x7E, 0x29, 0xE5, 0x4B, 0x25, 0x4D, 0xCD, 0x04, 0x00, 0x10, 0x41, 0xDF, 0x13, 0xFA,
    0x25, 0x61, 0x1F, 0x11, 0x4A, 0xC4, 0x07, 0x00, 0xC8, 0x27, 0xD5, 0x7D, 0x55, 0xD5, 0x57, 0x84,
    0x7C, 0x45, 0xE4, 0x07, 0x00, 0x84, 0xA0, 0x0A, 0x49, 0xB1, 0x08, 0xF1, 0x1F, 0x21, 0x7C, 0x0C,
    0x06, 0x00, 0xC8, 0x27, 0xD1, 0x7D, 0x52, 0xD4, 0x57, 0x85, 0x7C, 0x56, 0x24, 0x07, 0x00, 0x10,
    0x41, 0xDF, 0x47, 0xF2, 0x65, 0x64, 0x1F, 0x55, 0x9A, 0xC4, 0x04, 0x00, 0xA8, 0xA7, 0xD2, 0x7B,
    0x0A, 0xE4, 0x57, 0x92, 0x7E, 0x56, 0x24, 0x06, 0x00, 0xE8, 0x27, 0xD5, 0x5F, 0xD2, 0x54, 0xD5,
    0x97, 0x54, 0xCE, 0xA4, 0x01, 0x00, 0xD0, 0x47, 0xD1, 0x7F, 0x12, 0xE4, 0x67, 0x11, 0x7D, 0x1A,
    0x45, 0x06, 0x00, 0xE8, 0xA7, 0xC0, 0x7B, 0x0A, 0xE4, 0x57, 0x85, 0x54, 0x96, 0xE4, 0x04, 0x00,
    0x88, 0x22, 0xDF, 0x53, 0xFA, 0x65, 0x61, 0x1F, 0x51, 0xEA, 0x45, 0x01, 0x00, 0x88, 0xA3, 0xD5,
    0x15, 0xFD, 0x55, 0x51, 0x95, 0x2E, 0x95, 0x64, 0x05, 0x00, 0xC8, 0xA3, 0xC8, 0x7F, 0x4A, 0x25,
    0xD5, 0x9F, 0x28, 0x96, 0x24, 0x06, 0x00, 0xFC, 0x27, 0x91, 0x57, 0xD3, 0x90, 0xF4, 0x1F, 0x21,
    0x7C, 0x0C, 0x06, 0x00, 0xC8, 0x23, 0xC9, 0x3F, 0x92, 0xE4, 0xD7, 0x90, 0x7E, 0x0E, 0xE5, 0x07,
    0x00, 0xE8, 0xA7, 0xD2, 0x7B, 0x5A, 0xA5, 0xD5, 0x96, 0x76, 0x0E, 0x25, 0x06, 0x00, 0x40, 0xE0,
    0x8F, 0x24, 0xFF, 0x49, 0xF2, 0x1F, 0x21, 0x7C, 0x0C, 0x06, 0x00, 0x04, 0xA1, 0x1F, 0x52, 0xED,
    0x48, 0xF4, 0x1F, 0x21, 0x7C, 0x0C, 0x06, 0x00, 0x88, 0xA0, 0xDF, 0x43, 0xDA, 0x55, 0xD5, 0x95,
    0x74, 0x52, 0x34, 0x07, 0x00, 0x08, 0xA1, 0xDF, 0x11, 0xFA, 0x15, 0xD1, 0x9F, 0x54, 0x9A, 0xD4,
    0x04, 0x00, 0xE8, 0xA7, 0xC4, 0x7F, 0x8A, 0xE4, 0x67, 0x11, 0x7D, 0x1A, 0xC5, 0x07, 0x00, 0x88,
    0x20, 0xDF, 0x57, 0xF2, 0x65, 0x65, 0x1F, 0x29, 0xFA, 0x25, 0x02, 0x00, 0xC8, 0x27, 0xD0, 0x7B,
    0x0A, 0xE4, 0x57, 0x94, 0x7E, 0x56, 0x05, 0x01, 0x00, 0x10, 0xF1, 0x1F, 0x19, 0xD6, 0x14, 0xF5,
    0x1F, 0x21, 0x7C, 0x0C, 0x06, 0x00, 0x08, 0xA1, 0xDF, 0x25, 0x95, 0xF4, 0xD7, 0x90, 0x3C, 0x45,
    0x84, 0x01, 0x00, 0xE8, 0x27, 0xD4, 0x37, 0x52, 0xE4, 0x67, 0x11, 0x7D, 0x1A, 0x45, 0x06, 0x00,
    0x48, 0xA2, 0xDF, 0x25, 0xF2, 0x54, 0xD2, 0x9F, 0x18, 0x56, 0x25, 0x05, 0x00, 0xE8, 0xA7, 0xD4,
    0x7F, 0x0A, 0xE4, 0x57, 0x91, 0x7C, 0x16, 0xC5, 0x07, 0x00, 0xE8, 0x27, 0xD5, 0x23, 0xFA, 0xA5,
    0x60, 0x1F, 0x25, 0xEA, 0x44, 0x04, 0x00, 0x88, 0xA0, 0xDF, 0x53, 0xAA, 0x65, 0xD4, 0x9F, 0x12,
    0x7E, 0x25, 0x07, 0x00, 0x88, 0x20, 0xDF, 0x47, 0xF2, 0x65, 0x64, 0x1F, 0x11, 0x1A, 0xC5, 0x05,
    0x00, 0xC8, 0x27, 0xD5, 0x6F, 0xF2, 0x25, 0x60, 0x1F, 0x57, 0x52, 0xE5, 0x07, 0x00, 0xC8, 0x27,
    0xC5, 0x7F, 0x52, 0x54, 0x51, 0x9F, 0x40, 0x56, 0xA5, 0x06, 0x00, 0x90, 0x42, 0xDF, 0x2B, 0xF2,
    0x65, 0x65, 0x1F, 0x55, 0xFA, 0x45, 0x04, 0x00, 0x08, 0xA1, 0xDF, 0x43, 0xFA, 0xA4, 0x54, 0x95,
    0x28, 0x9A, 0x94, 0x05, 0x00, 0x08, 0xA1, 0xDD, 0x53, 0xDA, 0x25, 0xD5, 0x9F, 0x24, 0x66, 0x64,
    0x06, 0x00, 0x08, 0xA1, 0xDF, 0x0B, 0xEA, 0x65, 0xD1, 0x9F, 0x12, 0xAE, 0x64, 0x04, 0x00, 0x48,
    0xA1, 0xDF, 0x55, 0xFA, 0x55, 0xD5, 0x9F, 0x14, 0xDA, 0x54, 0x05, 0x00, 0xE8, 0x27, 0xCA, 0x7F,
    0x52, 0xF5, 0x57, 0x80, 0x7E, 0x56, 0x24, 0x05, 0x00, 0xE8, 0xA7, 0xCA, 0x2B, 0xEA, 0x24, 0xD0,
    0x9F, 0x52, 0x4E, 0xE5, 0x07, 0x00, 0xE8, 0xA7, 0xD4, 0x7F, 0x4A, 0xF5, 0x57, 0x89, 0x5E, 0x46,
    0xA4, 0x05, 0x00, 0x08, 0xA1, 0xDF, 0x25, 0x92, 0xE4, 0xD7, 0x94, 0x7E, 0x2E, 0xA5, 0x07, 0x00,
    0xC8, 0x27, 0xC4, 0x75, 0x52, 0xD4, 0x57, 0x81, 0x7C, 0x56, 0xA5, 0x06, 0x00, 0xA8, 0xA4, 0xDF,
    0x23, 0xFA, 0x94, 0xD0, 0x9F, 0x4A, 0x2E, 0xA5, 0x06, 0x00, 0x48, 0xA1, 0xDF, 0x45, 0x7A, 0x65,
    0xD5, 0x8F, 0x24, 0x5A, 0xD5, 0x04, 0x00, 0x48, 0xA0, 0xDF, 0x55, 0xFA, 0x55, 0xD5, 0x9F, 0x00,
    0x56, 0x25, 0x05, 0x00, 0xE8, 0xA6, 0xD2, 0x6F, 0x2A, 0xE5, 0xD6, 0x94, 0x7E, 0x6E, 0x65, 0x05,
    0x00, 0x08, 0xA1, 0xDF, 0x11, 0xFA, 0x55, 0x54, 0x8A, 0x7E, 0x0E, 0xE5, 0x07, 0x00, 0xE8, 0xA7,
    0xD4, 0x53, 0xFA, 0x55, 0x55, 0x9F, 0x54, 0xFA, 0x15, 0x01, 0x00, 0xE8, 0x27, 0xC2, 0x7F, 0x92,
    0xB4, 0x55, 0x80, 0x7E, 0x56, 0xD5, 0x05, 0x00, 0x48, 0xA0, 0xCF, 0x23, 0xFA, 0x45, 0xD4, 0x97,
    0x6A, 0x4E, 0x64, 0x06, 0x00, 0x08, 0xA1, 0xDF, 0x2B, 0xFA, 0xA5, 0xD2, 0x95, 0x14, 0x2E, 0xE5,
    0x07, 0x00, 0x08, 0xA1, 0xDF, 0x43, 0xF2, 0x34, 0x55, 0x9F, 0x44, 0xF6, 0x24, 0x04, 0x00, 0xBC,
    0x97, 0xD2, 0x7B, 0x29, 0xBD, 0xA7, 0xCB, 0x71, 0x3C, 0x0C, 0x07, 0x00, 0xFC, 0x27, 0x80, 0x3F,
    0x44, 0x5C, 0xD7, 0xD6, 0x55, 0x75, 0x35, 0x05, 0x00, 0x08, 0xA1, 0xDF, 0x53, 0xD2, 0xE4, 0x67,
    0x15, 0x7D, 0x5A, 0xC5, 0x07, 0x00, 0xE8, 0x27, 0xC2, 0x7F, 0x2A, 0xA5, 0x57, 0x95, 0x7F, 0x5A,
    0x55, 0x07, 0x00, 0xF8, 0x03, 0x04, 0x08, 0x10, 0xFC, 0x07, 0x01, 0x04, 0x10, 0x70, 0x00, 0x00,
    0xF8, 0x03, 0x04, 0x08, 0x90, 0xE1, 0x71, 0x01, 0x04, 0x10, 0x70, 0x00, 0x00, 0xF8, 0x03, 0x04,
    0x08, 0x11, 0x58, 0x80, 0x03, 0x74, 0x10, 0x70, 0x00, 0x00, 0x7C, 0x01, 0x05, 0x12, 0x44, 0x10,
    0xF1, 0x05, 0x51, 0x44, 0x19, 0x07, 0x00, 0xFC, 0x81, 0x04, 0x71, 0x3E, 0x85, 0x06, 0xC1, 0x7F,
    0x10, 0x60, 0x00, 0x00, 0x40, 0xF0, 0x5F, 0x40, 0x7D, 0x81, 0xF0, 0x1F, 0x04, 0x10, 0x70, 0x00,
    0x00, 0x20, 0xF0, 0x1F, 0x01, 0xF4, 0x08, 0x32, 0x84, 0x7E, 0x42, 0x88, 0x01, 0x00, 0xF8, 0xA7,
    0x44, 0x24, 0x01, 0xF1, 0x01, 0xC2, 0x7F, 0x10, 0x60, 0x00, 0x00, 0x5C, 0x40, 0x1F, 0x25, 0x8A,
    0xA8, 0x72, 0x8A, 0x10, 0x62, 0x6C, 0x06, 0x00, 0x40, 0xE0, 0x1F, 0x24, 0x50, 0xFC, 0x47, 0x84,
    0x7F, 0x21, 0xC0, 0x00, 0x00, 0xF8, 0x03, 0x04, 0x08, 0xFF, 0x41, 0xE0, 0x8F, 0x2A, 0xAA, 0xFC,
    0x07, 0x00, 0xF8, 0x03, 0xC1, 0x7F, 0x94, 0xE8, 0x15, 0xC2, 0x7F, 0x10, 0x60, 0x00, 0x00, 0xFC,
    0x87, 0x0A, 0x2B, 0xAA, 0xA8, 0xB2, 0x8A, 0x4A, 0xFA, 0x1D, 0x04, 0x00, 0x1C, 0xC1, 0x1F, 0x49,
    0x92, 0x58, 0x31, 0x92, 0x24, 0x62, 0x6C, 0x06, 0x00, 0xDC, 0x47, 0x02, 0x45, 0xA2, 0x18, 0xB1,
    0x9F, 0x10, 0x52, 0x2D, 0x05, 0x00, 0x10, 0xF1, 0x9F, 0x54, 0x5E, 0xA1, 0x47, 0xD4, 0x57, 0x24,
    0x99, 0x04, 0x00, 0xFC, 0x17, 0xD0, 0x7F, 0x21, 0xF4, 0x17, 0xD1, 0x7F, 0x89, 0x34, 0x03, 0x00,
    0x90, 0xF0, 0x9F, 0x52, 0xA5, 0xF8, 0x03, 0xC2, 0x7F, 0x10, 0x60, 0x00, 0x00, 0xF0, 0xB7, 0x4A,
    0x5A, 0x3B, 0xA4, 0x97, 0xCA, 0x7B, 0xBC, 0x2C, 0x03, 0x00, 0x58, 0xA3, 0xCA, 0x7F, 0x01, 0xF1,
    0x01, 0xC2, 0x7F, 0x10, 0x60, 0x00, 0x00, 0xDC, 0x47, 0x04, 0x7F, 0x4A, 0x79, 0x37, 0x84, 0x7E,
    0x2A, 0xAD, 0x06, 0x00, 0x10, 0xF1, 0x5F, 0x25, 0xFF, 0x15, 0xF1, 0x07, 0x08, 0xFF, 0x41, 0x00,
    0x00, 0xE8, 0x52, 0x94, 0x2E, 0x45, 0xE9, 0x02, 0xC2, 0x7F, 0x10, 0x60, 0x00, 0x00, 0x40, 0xF0,
    0x5F, 0x40, 0x05, 0x91, 0xC1, 0x01, 0x01, 0x84, 0xF0, 0x03, 0x00, 0x40, 0xF0, 0x5F, 0x40, 0x7F,
    0x20, 0x80, 0xDF, 0x03, 0x08, 0xE1, 0x07, 0x00, 0x40, 0xF0, 0x5F, 0x40, 0x7C, 0x40, 0xF0, 0x1F,
    0x04, 0x10, 0x70, 0x00, 0x00, 0x40, 0xF0, 0x5F, 0x50, 0x40, 0xFC, 0x07, 0x84, 0x10, 0x44, 0x80,
    0x01, 0x00, 0x40, 0xF0, 0x5F, 0x40, 0x08, 0xFC, 0x47, 0x04, 0x11, 0x3C, 0x0C, 0x07, 0x00, 0x40,
    0xF0, 0x5F, 0x44, 0x10, 0xFC, 0x87, 0x03, 0x15, 0x93, 0x41, 0x00, 0x00, 0x40, 0xF0, 0x5F, 0x40,
    0x7D, 0x01, 0xF0, 0x1F, 0x0A, 0x24, 0x8D, 0x07, 0x00, 0x40, 0xF0, 0x5F, 0x42, 0x08, 0xFC, 0x47,
    0x09, 0x25, 0x4A, 0xE9, 0x04, 0x00, 0x40, 0xF0, 0x5F, 0x40, 0x7C, 0x00, 0xF0, 0x1F, 0x04, 0x92,
    0x64, 0x04, 0x00, 0x40, 0xF0, 0x5F, 0x51, 0x44, 0xF0, 0x41, 0x00, 0x3F, 0x84, 0xF0, 0x03, 0x00,
    0x40, 0xF0, 0x5F, 0x44, 0xFE, 0x48, 0xE2, 0x8F, 0x24, 0x92, 0xF8, 0x03, 0x00, 0x40, 0xF0, 0x5F,
    0x40, 0xFE, 0x40, 0x40, 0x0F, 0x05, 0x1A, 0x84, 0x07, 0x00, 0x40, 0xF0, 0x5F, 0x40, 0xEF, 0xA9,
    0xE2, 0x4A, 0x3A, 0x24, 0x8D, 0x07, 0x00, 0x40, 0xF0, 0x5F, 0x5F, 0x44, 0xF0, 0x41, 0x04, 0x1F,
    0x44, 0xFC, 0x07, 0x00, 0x40, 0xF0, 0x5F, 0x52, 0x45, 0xA9, 0x80, 0xC3, 0x71, 0x44, 0xF0, 0x01,
    0x00, 0x40, 0xF0, 0x5F, 0x40, 0xFE, 0xF0, 0x41, 0x04, 0x1F, 0x44, 0xFC, 0x07, 0x00, 0x40, 0xF0,
    0x5F, 0x40, 0xFE, 0x20, 0x40, 0x84, 0x2F, 0x10, 0xFC, 0x07, 0x00, 0x40, 0xF0, 0x5F, 0x42, 0xFF,
    0x11, 0xE2, 0x4F, 0x21, 0xFC, 0x10, 0x02, 0x00, 0x40, 0xF0, 0x5F, 0x49, 0x7D, 0x11, 0xC1, 0x07,
    0x09, 0x24, 0xF0, 0x03, 0x00, 0x40, 0xF0, 0x5F, 0x51, 0x7D, 0x21, 0xE0, 0x8F, 0x20, 0x82, 0xF8,
    0x03, 0x00, 0x40, 0xF0, 0x5F, 0x44, 0xFE, 0x10, 0xF1, 0x1F, 0x04, 0xFE, 0x40, 0x00, 0x00, 0x40,
    0xF0, 0x5F, 0x44, 0xFE, 0x40, 0xF0, 0x1F, 0x11, 0x44, 0xF0, 0x01, 0x00, 0x40, 0xF0, 0x5F, 0x51,
    0x7C, 0x10, 0xF1, 0x1F, 0x21, 0x7C, 0x0C, 0x06, 0x00, 0x40, 0xF0, 0x5F, 0x25, 0x50, 0xF8, 0x23,
    0x88, 0x3F, 0x82, 0x08, 0x03, 0x00, 0x40, 0xF0, 0x5F, 0x40, 0xFE, 0x50, 0x34, 0x0B, 0x1B, 0xA3,
    0x61, 0x00, 0x00, 0x40, 0xF0, 0x5F, 0x40, 0xFE, 0x08, 0xE0, 0x9F, 0x25, 0x65, 0x34, 0x06, 0x00,
    0x40, 0xF0, 0x5F, 0x51, 0x92, 0xA0, 0x40, 0xC4, 0x7F, 0x44, 0xF0, 0x01, 0x00, 0x40, 0xF0, 0x5F,
    0x51, 0x24, 0xE8, 0xB7, 0x90, 0x7E, 0x0A, 0xE9, 0x07, 0x00, 0x40, 0xF0, 0x5F, 0x41, 0xED, 0x11,
    0xF2, 0x0B, 0x29, 0xCD, 0xD4, 0x04, 0x00, 0x40, 0xF0, 0x5F, 0x4A, 0x44, 0xFC, 0x07, 0x88, 0x27,
    0x92, 0x78, 0x03, 0x00, 0x40, 0xF0, 0x5F, 0x40, 0xFF, 0x49, 0xE2, 0x8F, 0x24, 0x7C, 0x0C, 0x06,
    0x00, 0x40, 0xF0, 0x5F, 0x42, 0xA2, 0x54, 0xC4, 0xCF, 0x04, 0x92, 0xF8, 0x03, 0x00, 0x40, 0xF0,
    0x5F, 0x50, 0x4F, 0x80, 0xF7, 0x93, 0x32, 0x2A, 0xE5, 0x07, 0x00, 0x40, 0xF0, 0x5F, 0x51, 0x44,
    0xF8, 0x23, 0x89, 0x3F, 0x92, 0xF8, 0x03, 0x00, 0x40, 0xF0, 0x5F, 0x50, 0xF5, 0x1C, 0xC1, 0xDF,
    0x19, 0xD5, 0x34, 0x05, 0x00, 0x40, 0xF0, 0x5F, 0x4A, 0xFE, 0xA0, 0xF0, 0x1F, 0x29, 0x1B, 0x81,
    0x01, 0x00, 0x40, 0xF0, 0x5F, 0x55, 0x7C, 0x50, 0xF1, 0x5F, 0x54, 0x7D, 0x05, 0x06, 0x00, 0x40,
    0xF0, 0x5F, 0x4A, 0xFE, 0xA0, 0x40, 0xC4, 0x7F, 0x44, 0x0C, 0x06, 0x00, 0x40, 0xF0, 0x5F, 0x54,
    0x4A, 0xDC, 0x06, 0xC0, 0x7F, 0x92, 0x64, 0x04, 0x00, 0x40, 0xF0, 0x5F, 0x51, 0x7D, 0x11, 0xE1,
    0x4F, 0x52, 0x48, 0x98, 0x01, 0x00, 0x40, 0xF0, 0x5F, 0x40, 0xF5, 0x1C, 0xC2, 0xDF, 0x25, 0x65,
    0x74, 0x06, 0x00, 0x40, 0xF0, 0x5F, 0x48, 0xFD, 0x9D, 0x42, 0xCA, 0x7F, 0x95, 0xD4, 0x03, 0x00,
    0x40, 0xF0, 0x5F, 0x53, 0x2A, 0x65, 0x46, 0xC6, 0x66, 0x60, 0x78, 0x00, 0x00, 0x40, 0xF0, 0x5F,
    0x55, 0xFE, 0x50, 0xE1, 0x8F, 0x20, 0xFE, 0x0C, 0x06, 0x00, 0x40, 0xF0, 0x5F, 0x44, 0xAA, 0x24,
    0xE4, 0x8F, 0x2A, 0xFF, 0x41, 0x00, 0x00, 0x40, 0xF0, 0x5F, 0x4A, 0xFE, 0xA0, 0xC0, 0xC7, 0x66,
    0x54, 0x4C, 0x06, 0x00, 0x40, 0xF0, 0x5F, 0x55, 0x10, 0xFC, 0x47, 0x85, 0x3F, 0x93, 0xF9, 0x03,
    0x00, 0x40, 0xF0, 0x5F, 0x42, 0x44, 0xB0, 0x41, 0x04, 0x7F, 0x02, 0xA5, 0x06, 0x00, 0x40, 0xF0,
    0x5F, 0x49, 0xFE, 0x10, 0xC1, 0x07, 0x11, 0x7C, 0x0D, 0x07, 0x00, 0x40, 0xF0, 0x5F, 0x44, 0xFF,
    0xA9, 0x52, 0x14, 0x1F, 0x92, 0x64, 0x04, 0x00, 0x40, 0xF0, 0x5F, 0x51, 0x3F, 0xA8, 0xF7, 0x51,
    0x7A, 0x2F, 0xA4, 0x07, 0x00, 0x40, 0xF0, 0x5F, 0x49, 0xEE, 0x50, 0xF5, 0x1F, 0x11, 0x7C, 0x0C,
    0x06, 0x00, 0x00, 0x01, 0xC4, 0x7F, 0x40, 0x08, 0x41, 0x04, 0x10, 0x40, 0xC0, 0x01, 0x00, 0x40,
    0xE0, 0x0F, 0x04, 0xFF, 0x01, 0xF1, 0x1F, 0x10, 0x44, 0xA0, 0x01, 0x00, 0x10, 0xF4, 0x11, 0x79,
    0x1F, 0x91, 0xF4, 0x15, 0x41, 0x04, 0x7D, 0x06, 0x00, 0x08, 0xF4, 0x51, 0x7C, 0x1F, 0xC5, 0xF4,
    0x15, 0x45, 0x12, 0x65, 0x06, 0x00, 0x94, 0x57, 0xD1, 0x2B, 0x54, 0x90, 0xF2, 0x5F, 0x21, 0x8D,
    0x54, 0x03, 0x00, 0x40, 0xF0, 0x9F, 0x24, 0xFE, 0x40, 0xF4, 0x1F, 0x20, 0x84, 0x20, 0x03, 0x00,
    0x7C, 0x14, 0xDF, 0x47, 0x01, 0xBD, 0x44, 0x54, 0x45, 0x15, 0x19, 0x06, 0x00, 0x10, 0xF1, 0x9F,
    0x2A, 0xE6, 0x08, 0xF2, 0x1F, 0x10, 0x44, 0xA0, 0x01, 0x00, 0xF8, 0x03, 0xC8, 0x7F, 0x24, 0xBD,
    0x07, 0xC4, 0x7F, 0x44, 0xA0, 0x01, 0x00, 0x50, 0x54, 0xD5, 0x7F, 0x12, 0xFD, 0x44, 0xD4, 0x47,
    0x04, 0x7D, 0x06, 0x00, 0x4C, 0x81, 0xDF, 0x24, 0x92, 0xF4, 0x07, 0xC4, 0x7F, 0x44, 0xA0, 0x01,
    0x00, 0x40, 0x00, 0x81, 0x24, 0x92, 0x48, 0x14, 0x51, 0x44, 0x10, 0x60, 0x00, 0x00, 0x40, 0x00,
    0x81, 0x24, 0x12, 0x45, 0x80, 0x09, 0x10, 0x30, 0x38, 0x00, 0x00, 0x40, 0x20, 0x49, 0x44, 0x18,
    0x00, 0x00, 0xC1, 0x7F, 0x28, 0x1C, 0x07, 0x00, 0x44, 0x24, 0x09, 0x04, 0xFF, 0x05, 0xD4, 0x57,
    0x51, 0x7D, 0x05, 0x06, 0x00, 0x40, 0x06, 0xC1, 0x7F, 0x10, 0xC0, 0x80, 0x02, 0x4A, 0x24, 0x8D,
    0x07, 0x00, 0x90, 0x43, 0xD1, 0x03, 0xAA, 0xA8, 0xA2, 0x8A, 0x26, 0x09, 0xC4, 0x07, 0x00, 0x10,
    0xF5, 0x04, 0x7C, 0x4F, 0xA4, 0xF2, 0x0A, 0x29, 0xAD, 0x58, 0x06, 0x00, 0xE8, 0xA2, 0xD8, 0x1F,
    0xAA, 0xA9, 0xA0, 0x5F, 0x55, 0x55, 0xE5, 0x07, 0x00, 0xF8, 0x27, 0x90, 0x40, 0xFE, 0x09, 0x20,
    0x80, 0x00, 0x01, 0x04, 0x00, 0x00, 0xF8, 0x03, 0xC9, 0x7F, 0x90, 0x40, 0xE2, 0x0F, 0x04, 0x08,
    0x18, 0x00, 0x00, 0xF8, 0x23, 0x88, 0x20, 0xFE, 0x88, 0x20, 0x82, 0x10, 0x81, 0x04, 0x04, 0x00,
    0xF8, 0x27, 0x90, 0x7F, 0x0A, 0x28, 0xA3, 0x43, 0x02, 0x09, 0xE1, 0x07, 0x00, 0xF8, 0x27, 0x90,
    0x7F, 0x22, 0xF8, 0x27, 0x82, 0x7F, 0x21, 0x84, 0x07, 0x00, 0xF8, 0x27, 0x90, 0x7F, 0x22, 0xB8,
    0x94, 0x4A, 0x1A, 0xA4, 0xC8, 0x04, 0x00, 0xF8, 0x23, 0x88, 0x3F, 0x02, 0xF8, 0x27, 0x90, 0x4E,
    0x2A, 0xE5, 0x06, 0x00, 0xF8, 0x27, 0x90, 0x7F, 0x4A, 0x28, 0xA5, 0x4F, 0x12, 0x49, 0x71, 0x07,
    0x00, 0xF8, 0x27, 0x90, 0x7F, 0x22, 0xF8, 0x27, 0x82, 0x7E, 0x0A, 0xE5, 0x07, 0x00, 0xF8, 0x27,
    0x90, 0x7F, 0x42, 0xD8, 0x67, 0x54, 0x7D, 0x05, 0xF1, 0x07, 0x00, 0xF8, 0x27, 0x90, 0x7F, 0x22,
    0xA8, 0xA4, 0x9F, 0x08, 0x2A, 0xE5, 0x07, 0x00, 0xF8, 0x27, 0x90, 0x7F, 0x8A, 0xF8, 0x25, 0x82,
    0x3E, 0x22, 0xF4, 0x07, 0x00, 0xF8, 0x27, 0x90, 0x7F, 0x02, 0xF8, 0x27, 0x45, 0x75, 0x49, 0x18,
    0x07, 0x00, 0xF8, 0x27, 0x90, 0x7F, 0xAA, 0x88, 0xE0, 0x5F, 0x0C, 0xA9, 0x90, 0x04, 0x00, 0xF8,
    0x27, 0x90, 0x7F, 0x8A, 0xF8, 0x27, 0x49, 0x7F, 0x91, 0x30, 0x02, 0x00, 0xFC, 0x17, 0xD0, 0x7F,
    0x45, 0xEC, 0x17, 0x84, 0x66, 0x63, 0x68, 0x06, 0x00, 0xF8, 0x27, 0x90, 0x7F, 0x26, 0xA9, 0xE2,
    0x5F, 0x41, 0xFD, 0x11, 0x04, 0x00, 0xF8, 0x27, 0x90, 0x7F, 0x92, 0xF8, 0x27, 0x49, 0x7F, 0x49,
    0x70, 0x06, 0x00, 0xF8, 0x27, 0x90, 0x7F, 0xAA, 0xD8, 0x97, 0x4A, 0x3B, 0x2A, 0xA0, 0x07, 0x00,
    0xF8, 0x27, 0x90, 0x7F, 0xA2, 0xF8, 0x27, 0x51, 0x7E, 0x15, 0xC1, 0x07, 0x00, 0xF8, 0x27, 0x90,
    0x3E, 0xAE, 0xE9, 0x93, 0x4A, 0x7B, 0x30, 0x30, 0x07, 0x00, 0xF8, 0x27, 0x90, 0x7F, 0x92, 0xF8,
    0x57, 0x52, 0x7F, 0x88, 0xE0, 0x03, 0x00, 0xFC, 0x17, 0xD0, 0x7F, 0x25, 0xCC, 0x97, 0x91, 0x7C,
    0xCB, 0xC8, 0x04, 0x00, 0xFC, 0x17, 0xD0, 0x7F, 0x25, 0xF5, 0x93, 0x4A, 0x7F, 0x57, 0xF5, 0x06,
    0x00, 0x40, 0xF0, 0x1F, 0x04, 0x92, 0x48, 0xE2, 0x8F, 0x04, 0x10, 0xC1, 0x07, 0x00, 0x40, 0x00,
    0x41, 0x44, 0x11, 0x45, 0x14, 0x51, 0x44, 0x11, 0xFD, 0x07, 0x00, 0x50, 0x40, 0x5F, 0x03, 0xF5,
    0x15, 0x51, 0x42, 0x45, 0x1F, 0xC1, 0x07, 0x00, 0x44, 0xF4, 0x1F, 0x00, 0xFF, 0x10, 0xC1, 0x9F,
    0x22, 0x71, 0x38, 0x06, 0x00, 0x10, 0xC1, 0x1F, 0x11, 0x45, 0xF4, 0x57, 0x51, 0x25, 0x67, 0x60,
    0x06, 0x00, 0x44, 0xF4, 0x1F, 0x11, 0xBA, 0x04, 0xE4, 0x0F, 0x20, 0x40, 0xE0, 0x00, 0x00, 0xD0,
    0x21, 0xC8, 0x7F, 0x88, 0x10, 0x32, 0x0D, 0x04, 0x11, 0xFD, 0x07, 0x00, 0xFC, 0x17, 0x50, 0x51,
    0x29, 0xFD, 0x17, 0x51, 0x55, 0x7D, 0x05, 0x06, 0x00, 0x48, 0xE2, 0x0F, 0x00, 0xFF, 0x21, 0xC0,
    0xCF, 0x21, 0x84, 0xF0, 0x03, 0x00, 0x10, 0x41, 0x44, 0x7D, 0x55, 0x55, 0x55, 0x5F, 0x55, 0x5F,
    0xC1, 0x07, 0x00, 0x90, 0xA4, 0xDF, 0x10, 0x42, 0x08, 0x22, 0x11, 0x04, 0x11, 0xFD, 0x07, 0x00,
    0xF0, 0x43, 0x00, 0x7F, 0x44, 0x10, 0xF1, 0x1F, 0x08, 0x22, 0xF9, 0x07, 0x00, 0xD0, 0x47, 0x51,
    0x7D, 0x95, 0xD4, 0x57, 0x49, 0x25, 0x1F, 0xC1, 0x05, 0x00, 0x48, 0xE4, 0x1F, 0x00, 0xFE, 0x09,
    0xE0, 0x9F, 0x08, 0xFD, 0x85, 0x00, 0x00, 0x10, 0x41, 0x5F, 0x11, 0xFD, 0x15, 0x52, 0x5F, 0x23,
    0x97, 0x00, 0x03, 0x00, 0x90, 0xC3, 0x55, 0x15, 0xFD, 0x55, 0x51, 0x55, 0x2F, 0x97, 0x60, 0x05,
    0x00, 0x90, 0x42, 0x51, 0x01, 0xE5, 0x54, 0xD4, 0x40, 0x7D, 0x1F, 0xC1, 0x07, 0x00, 0x10, 0x41,
    0x55, 0x35, 0x45, 0xD4, 0x57, 0x51, 0x7D, 0x1F, 0x41, 0x06, 0x00, 0x90, 0xC7, 0x11, 0x29, 0x75,
    0x35, 0x51, 0x5F, 0x11, 0xFF, 0x01, 0x01, 0x00, 0x40, 0xE0, 0x87, 0x10, 0x7E, 0x08, 0xE1, 0x1F,
    0x41, 0x15, 0x7D, 0x03, 0x00, 0x90, 0x40, 0x11, 0x7F, 0xA5, 0x74, 0x56, 0x4E, 0x27, 0x67, 0x60,
    0x06, 0x00, 0x10, 0xC1, 0x5F, 0x11, 0x55, 0x55, 0xD5, 0x4E, 0x11, 0xA7, 0x60, 0x04, 0x00, 0x48,
    0xE2, 0x8F, 0x08, 0xE2, 0x5D, 0x24, 0x84, 0x10, 0xA7, 0x60, 0x04, 0x00, 0x10, 0xC1, 0x5F, 0x55,
    0x55, 0x34, 0x57, 0x40, 0x7D, 0x4F, 0xC0, 0x07, 0x00, 0x48, 0xE2, 0x0F, 0x04, 0xFF, 0xE5, 0x04,
    0xC0, 0x7F, 0x92, 0x64, 0x04, 0x00, 0x10, 0xC1, 0x5F, 0x29, 0x15, 0xF5, 0x57, 0x55, 0x55, 0x77,
    0x01, 0x06, 0x00, 0x44, 0xF4, 0x9F, 0x20, 0xFE, 0x08, 0xE2, 0x8F, 0x08, 0x3A, 0x9D, 0x07, 0x00,
    0x44, 0xF4, 0x1F, 0x11, 0xFE, 0x8D, 0xE0, 0x8F, 0x08, 0x22, 0xF8, 0x07, 0x00, 0x44, 0xF4, 0x9F,
    0x08, 0xFE, 0x89, 0xE0, 0x9F, 0x08, 0x21, 0xF4, 0x07, 0x00, 0x44, 0xF4, 0x1F, 0x11, 0xFE, 0x04,
    0xE4, 0x8F, 0x2A, 0xFE, 0xA8, 0x02, 0x00, 0xD0, 0x47, 0x51, 0x7D, 0x55, 0x54, 0x55, 0x5F, 0x11,
    0x5F, 0xC1, 0x07, 0x00, 0xD0, 0x47, 0x49, 0x4B, 0x45, 0xF4, 0x57, 0x54, 0x7D, 0x47, 0x80, 0x01,
    0x00, 0x44, 0xF4, 0x1F, 0x00, 0xEF, 0xA5, 0xF4, 0x5E, 0x4A, 0xEF, 0xA5, 0x04, 0x00, 0x44, 0xF4,
    0x1F, 0x08, 0xE9, 0x7D, 0x95, 0xD4, 0x13, 0xA9, 0x7C, 0x04, 0x00, 0x44, 0xF4, 0x9F, 0x24, 0xFE,
    0x58, 0xE3, 0x8F, 0x24, 0x52, 0xF5, 0x05, 0x00, 0x44, 0xF4, 0x1F, 0x04, 0xFF, 0x11, 0xF1, 0x5F,
    0x51, 0x7D, 0x05, 0x06, 0x00, 0x44, 0xF4, 0x5F, 0x09, 0xFF, 0x95, 0xF2, 0x0B, 0x29, 0xBF, 0x10,
    0x02, 0x00, 0xD0, 0x47, 0x55, 0x55, 0xD5, 0x55, 0x50, 0x5F, 0x55, 0x5F, 0xC1, 0x07, 0x00, 0xF0,
    0x42, 0x5A, 0x3B, 0x15, 0xF5, 0x57, 0x51, 0x7D, 0xA7, 0xE0, 0x07, 0x00, 0x44, 0xF4, 0x9F, 0x12,
    0xF1, 0x7D, 0x04, 0xD1, 0x7F, 0xAA, 0x68, 0x04, 0x00, 0x50, 0x46, 0x57, 0x67, 0x75, 0x35, 0x57,
    0x55, 0x7F, 0xA7, 0x60, 0x04, 0x00, 0x44, 0xF4, 0x5F, 0x25, 0xC2, 0xF5, 0x62, 0x48, 0x2F, 0x6C,
    0xED, 0x04, 0x00, 0x44, 0xF4, 0x1F, 0x55, 0xFF, 0x59, 0x55, 0xDF, 0x17, 0x66, 0x65, 0x07, 0x00,
    0xE8, 0x52, 0x94, 0x2E, 0x45, 0xED, 0xA6, 0x8A, 0x2E, 0x11, 0xFD, 0x07, 0x00, 0x44, 0xF4, 0x1F,
    0x55, 0xDD, 0x55, 0x55, 0xD5, 0x7F, 0x54, 0xCC, 0x04, 0x00, 0x44, 0xF4, 0x9F, 0x2A, 0xFF, 0xA5,
    0xF0, 0x5F, 0x4A, 0xCF, 0xE4, 0x04, 0x00, 0x48, 0x24, 0x91, 0x44, 0x12, 0x49, 0x24, 0x91, 0x44,
    0x11, 0x05, 0x04, 0x00, 0x90, 0x44, 0x52, 0x49, 0x6D, 0xD5, 0x56, 0x12, 0x49, 0x22, 0x09, 0x04,
    0x00, 0x44, 0x25, 0x15, 0x2A, 0xAB, 0x48, 0x25, 0x95, 0x54, 0x05, 0xE4, 0x07, 0x00, 0x48, 0x92,
    0x84, 0x3F, 0x92, 0xF8, 0x23, 0xC9, 0x7F, 0x54, 0x48, 0x02, 0x00, 0xF8, 0x03, 0x01, 0x04, 0x10,
    0x40, 0x00, 0x01, 0x04, 0x10, 0xFC, 0x07, 0x00, 0x20, 0xF0, 0x1F, 0x01, 0x04, 0xE8, 0x27, 0x42,
    0x08, 0x21, 0xF0, 0x07, 0x00, 0xE0, 0x77, 0x82, 0x08, 0xE2, 0x49, 0x24, 0x90, 0x40, 0x87, 0x80,
    0x01, 0x00, 0xFC, 0x27, 0x80, 0x3F, 0x82, 0x08, 0x22, 0x88, 0x3F, 0x02, 0xFC, 0x07, 0x00, 0xFC,
    0x07, 0x81, 0x24, 0x92, 0x48, 0x22, 0x49, 0x55, 0x10, 0xFC, 0x07, 0x00, 0x10, 0xF1, 0x1F, 0x04,
    0xFE, 0x40, 0xF0, 0x1F, 0x09, 0x23, 0xF0, 0x07, 0x00, 0xFC, 0x03, 0x08, 0x20, 0x80, 0xFC, 0x13,
    0x40, 0x00, 0x01, 0xF9, 0x07, 0x00, 0xFC, 0x03, 0x48, 0x20, 0x81, 0xFC, 0x13, 0x40, 0x00, 0x01,
    0xF9, 0x07, 0x00, 0xFC, 0x13, 0x48, 0x20, 0x81, 0xFC, 0x13, 0x40, 0x00, 0x01, 0xF9, 0x07, 0x00,
    0xFC, 0x13, 0x49, 0x24, 0x91, 0xFC, 0x13, 0x40, 0x00, 0x01, 0xF9, 0x07, 0x00, 0x10, 0xE1, 0x0F,
    0x11, 0xFF, 0x91, 0x22, 0x52, 0x0F, 0x84, 0xF0, 0x03, 0x00, 0xBC, 0x87, 0xD0, 0x7B, 0x21, 0xFC,
    0x47, 0xC4, 0x7F, 0x44, 0x0C, 0x06, 0x00, 0x40, 0xF0, 0x5F, 0x44, 0x11, 0x45, 0x14, 0x51, 0x64,
    0x10, 0x40, 0x00, 0x00, 0x40, 0xF0, 0x1F, 0x04, 0xFE, 0x48, 0x22, 0x89, 0x24, 0xD2, 0x40, 0x00,
    0x00, 0x40, 0xF0, 0x1F, 0x02, 0xFC, 0x99, 0x54, 0x12, 0x49, 0xA4, 0x81, 0x00, 0x00, 0x90, 0x47,
    0xD2, 0x4F, 0x65, 0x95, 0x56, 0x52, 0x49, 0x14, 0x51, 0x04, 0x00, 0x18, 0x83, 0x03, 0x11, 0xFF,
    0xA1, 0xC0, 0x9F, 0x49, 0xA5, 0x81, 0x00, 0x00, 0x90, 0xF7, 0x91, 0x54, 0xCC, 0xCC, 0x04, 0x81,
    0x3F, 0x92, 0x48, 0x03, 0x00, 0x10, 0x41, 0xC2, 0x7F, 0x15, 0x55, 0x54, 0x5F, 0x45, 0x14, 0xD1,
    0x07, 0x00, 0x10, 0x41, 0xC4, 0x77, 0x55, 0x54, 0x51, 0x5F, 0x45, 0x14, 0xD1, 0x07, 0x00, 0x40,
    0xF0, 0x5F, 0x4A, 0xE6, 0x40, 0xE0, 0x8F, 0x24, 0xD2, 0x40, 0x00, 0x00, 0xF0, 0x01, 0xC4, 0x7F,
    0x40, 0xFC, 0x17, 0x91, 0x3F, 0x92, 0x48, 0x03, 0x00, 0x40, 0xE0, 0x8F, 0x20, 0xFE, 0x08, 0xF2,
    0x5F, 0x44, 0x91, 0x41, 0x00, 0x00, 0x40, 0xF0, 0x1F, 0x11, 0xFF, 0x45, 0xE4, 0x8F, 0x24, 0xD2,
    0x40, 0x00, 0x00, 0x04, 0x71, 0x5F, 0x55, 0x57, 0x45, 0x75, 0x55, 0x55, 0xD5, 0x1D, 0x01, 0x00,
    0xE4, 0x77, 0x44, 0x7D, 0x57, 0x45, 0x75, 0x55, 0x55, 0xD5, 0x1D, 0x01, 0x00, 0x80, 0xE0, 0x9F,
    0x24, 0xFE, 0x49, 0xA2, 0x5F, 0x4A, 0xA9, 0x81, 0x00, 0x00, 0xD0, 0x47, 0xC1, 0x7F, 0x15, 0xD4,
    0x57, 0x45, 0x55, 0x94, 0xD0, 0x04, 0x00, 0xA8, 0xF2, 0x9F, 0x2A, 0x29, 0xFD, 0x17, 0x91, 0x3F,
    0x92, 0x48, 0x03, 0x00, 0x90, 0x42, 0xDF, 0x27, 0xF5, 0x55, 0x52, 0x5F, 0x25, 0x94, 0xD0, 0x07,
    0x00, 0x48, 0xF2, 0x5F, 0x51, 0x7C, 0x40, 0xE0, 0x8F, 0x24, 0xD2, 0x40, 0x00, 0x00, 0xD0, 0x47,
    0xD1, 0x7F, 0x05, 0xD4, 0x57, 0x51, 0x7D, 0x14, 0xD1, 0x07, 0x00, 0x10, 0x41, 0xDC, 0x17, 0xF5,
    0x55, 0x54, 0x5F, 0x45, 0xF4, 0x30, 0x04, 0x00, 0xF0, 0x47, 0xC0, 0x3D, 0x95, 0xF4, 0x57, 0x52,
    0x7F, 0x24, 0xF1, 0x07, 0x00, 0xD0, 0x47, 0xD1, 0x7F, 0x15, 0xD5, 0x57, 0x4A, 0x7F, 0xA4, 0x70,
    0x06, 0x00, 0xD0, 0x43, 0xC9, 0x25, 0xFD, 0x55, 0xD5, 0x5F, 0x25, 0x64, 0x70, 0x06, 0x00, 0x10,
    0xF1, 0x1F, 0x11, 0xFE, 0x08, 0xF2, 0x1F, 0x15, 0xFF, 0x49, 0x02, 0x00, 0xD0, 0x47, 0xD5, 0x7F,
    0x55, 0xD5, 0x55, 0x5D, 0x5D, 0x94, 0xD1, 0x07, 0x00, 0x10, 0x41, 0xDF, 0x2B, 0xF5, 0x55, 0x54,
    0x5F, 0x45, 0xFC, 0x11, 0x01, 0x00, 0x50, 0xC5, 0xDF, 0x15, 0x55, 0xF5, 0x55, 0x4A, 0x2F, 0x64,
    0xF1, 0x04, 0x00, 0x10, 0xC1, 0xDF, 0x25, 0x95, 0xF4, 0x57, 0x55, 0x7D, 0x44, 0xD0, 0x07, 0x00,
    0xB4, 0x40, 0xDE, 0x4F, 0x55, 0x7D, 0x53, 0x92, 0x3F, 0x92, 0x48, 0x03, 0x00, 0x10, 0xF4, 0x1E,
    0x51, 0x97, 0xF1, 0x41, 0x84, 0x3F, 0x92, 0x48, 0x03, 0x00, 0xF8, 0x03, 0x01, 0x04, 0x10, 0xFC,
    0x07, 0x01, 0x04, 0x10, 0x40, 0x00, 0x00, 0xF8, 0x03, 0x01, 0x15, 0x92, 0xFC, 0x07, 0x01, 0x04,
    0x10, 0x40, 0x00, 0x00, 0x10, 0xC0, 0x9F, 0x08, 0xFD, 0x90, 0x40, 0xC2, 0x7F, 0x20, 0x80, 0x00,
    0x00, 0x10, 0x41, 0xC2, 0x7F, 0x48, 0x20, 0xF1, 0x1F, 0x12, 0x44, 0x0C, 0x01, 0x00, 0x40, 0xE0,
    0x0F, 0x04, 0xFF, 0x11, 0xF1, 0x1F, 0x04, 0xFE, 0x40, 0x00, 0x00, 0x88, 0xF3, 0x91, 0x00, 0xFF,
    0x25, 0xF1, 0x44, 0x7E, 0x4F, 0x08, 0x01, 0x00, 0xD0, 0x27, 0x50, 0x42, 0x0A, 0x11, 0x44, 0x90,
    0x40, 0x89, 0xBC, 0x01, 0x00, 0x90, 0x20, 0x42, 0x7C, 0x2A, 0x91, 0x44, 0x92, 0x44, 0x09, 0x3D,
    0x03, 0x00, 0x40, 0x50, 0xD5, 0x4C, 0x55, 0x65, 0x56, 0xD5, 0x7F, 0x11, 0xFD, 0x07, 0x00, 0x48,
    0x12, 0xC5, 0x75, 0x92, 0x54, 0xF5, 0x9F, 0x24, 0x66, 0x64, 0x06, 0x00, 0x40, 0xF0, 0x5F, 0x11,
    0x45, 0x74, 0x57, 0x44, 0x11, 0x74, 0x3D, 0x07, 0x00, 0x80, 0xE0, 0x9F, 0x08, 0x22, 0xF8, 0x17,
    0x42, 0x1C, 0xA8, 0x98, 0x04, 0x00, 0x80, 0xE0, 0x9F, 0x00, 0xFA, 0x09, 0x22, 0x45, 0x7E, 0x41,
    0x81, 0x01, 0x00, 0x80, 0xE0, 0x9F, 0x00, 0xFA, 0x29, 0xA1, 0x5F, 0x12, 0x89, 0xF0, 0x04, 0x00,
    0x40, 0xF0, 0x5F, 0x02, 0xFD, 0x8C, 0xD2, 0x4B, 0x31, 0x05, 0xF5, 0x07, 0x00, 0x80, 0xE0, 0x9F,
    0x08, 0xE2, 0x89, 0xA0, 0x5F, 0x42, 0x09, 0xE1, 0x07, 0x00, 0x80, 0xE0, 0x9F, 0x48, 0xFE, 0x89,
    0xA4, 0x5F, 0x08, 0x51, 0x30, 0x06, 0x00, 0x40, 0xF0, 0x5F, 0x22, 0xFD, 0x1D, 0x52, 0x49, 0x29,
    0x85, 0x10, 0x03, 0x00, 0x80, 0xE0, 0x9F, 0x22, 0xFE, 0x89, 0xA0, 0x4F, 0x08, 0xFD, 0x81, 0x00,
    0x00, 0x80, 0xE0, 0x9F, 0x14, 0xFE, 0x49, 0xA1, 0x8F, 0x22, 0x72, 0x34, 0x06, 0x00, 0x80, 0xE0,
    0x9F, 0x08, 0xAA, 0xD8, 0x25, 0x82, 0x3E, 0x22, 0xF4, 0x07, 0x00, 0x80, 0xE0, 0x9F, 0x08, 0xFE,
    0xA9, 0xA2, 0x8F, 0x2A, 0xFE, 0x85, 0x00, 0x00, 0x40, 0xF0, 0x5F, 0x00, 0xF7, 0x15, 0xB1, 0x5F,
    0x11, 0x4C, 0xCC, 0x07, 0x00, 0x80, 0xE0, 0x9F, 0x14, 0x4A, 0xF9, 0xA7, 0x94, 0x7E, 0x49, 0x04,
    0x07, 0x00, 0x40, 0xF0, 0x5F, 0x12, 0xFF, 0x25, 0x91, 0x07, 0x00, 0xAA, 0xA4, 0x04, 0x00, 0x80,
    0xE0, 0x9F, 0x48, 0xFE, 0x89, 0xA4, 0x5F, 0x49, 0xA9, 0xD0, 0x04, 0x00, 0x80, 0xE0, 0x9F, 0x48,
    0xFE, 0x89, 0xD4, 0x5F, 0x49, 0xFC, 0x91, 0x04, 0x00, 0x80, 0xE0, 0x9F, 0x28, 0x2A, 0xE9, 0xA6,
    0x52, 0x7E, 0x51, 0x30, 0x06, 0x00, 0x40, 0xF0, 0x5F, 0x00, 0x5D, 0x55, 0xD5, 0x55, 0x55, 0x1D,
    0x8D, 0x06, 0x00, 0x40, 0xF0, 0x5F, 0x02, 0xE9, 0xFD, 0x94, 0x5E, 0x4B, 0x3B, 0xA5, 0x07, 0x00,
    0x80, 0xE0, 0x9F, 0x10, 0xFA, 0x29, 0xA4, 0x9F, 0x45, 0xF1, 0x34, 0x04, 0x00, 0x80, 0xE0, 0x9F,
    0x54, 0xFE, 0x49, 0xD5, 0x5F, 0x14, 0xD4, 0x48, 0x05, 0x00, 0x40, 0xF0, 0x5F, 0x55, 0x5D, 0x55,
    0xD3, 0x55, 0x51, 0xD5, 0xB4, 0x01, 0x00, 0x40, 0xF0, 0x5F, 0x55, 0x5D, 0x45, 0x93, 0xD4, 0x5F,
    0xC9, 0x34, 0x01, 0x00, 0x40, 0xF0, 0x5F, 0x55, 0x99, 0x55, 0x35, 0x4A, 0x47, 0xC1, 0xF0, 0x00,
    0x00, 0x40, 0xF0, 0x5F, 0x42, 0xFF, 0x25, 0xF4, 0x55, 0x54, 0x0A, 0xFD, 0x06, 0x00, 0x40, 0xF0,
    0x5F, 0x02, 0xFF, 0xA5, 0xF0, 0x5E, 0x4A, 0x3F, 0x25, 0x04, 0x00, 0x40, 0xF0, 0x5F, 0x01, 0xFF,
    0xA5, 0xF4, 0x5E, 0x4A, 0xFF, 0x95, 0x04, 0x00, 0x40, 0xF0, 0x5F, 0x15, 0xC5, 0xFD, 0x14, 0xD5,
    0x55, 0xD5, 0xDC, 0x04, 0x00, 0x80, 0xF0, 0x5F, 0x55, 0xEB, 0xF4, 0x74, 0x5E, 0x57, 0xD1, 0xF4,
    0x04, 0x00, 0x80, 0xE0, 0x9F, 0x24, 0xFE, 0x49, 0xE2, 0x5F, 0x2A, 0xF9, 0x18, 0x04, 0x00, 0xC0,
    0x07, 0x81, 0x7F, 0x22, 0xE8, 0x27, 0x42, 0x7F, 0x55, 0xF9, 0x07, 0x00, 0x40, 0xF0, 0x5F, 0x11,
    0xFF, 0x55, 0xA5, 0xDF, 0x11, 0x12, 0xDD, 0x05, 0x00, 0x1C, 0x46, 0x87, 0x10, 0xC7, 0x51, 0x51,
    0x85, 0x7C, 0x0D, 0xC4, 0x07, 0x00, 0x1C, 0x46, 0x87, 0x10, 0xF7, 0x11, 0x51, 0x84, 0x7C, 0x06,
    0xE4, 0x07, 0x00, 0x1C, 0x41, 0x9F, 0x50, 0xFF, 0x11, 0x55, 0x9F, 0x10, 0x0D, 0xC4, 0x07, 0x00,
    0x10, 0x41, 0xC4, 0x7F, 0x44, 0x10, 0x41, 0x04, 0x11, 0x44, 0xF0, 0x01, 0x00, 0x20, 0x41, 0xC8,
    0x7F, 0x48, 0x20, 0xF1, 0x1F, 0x12, 0x44, 0x08, 0x01, 0x00, 0xFC, 0x07, 0x81, 0x3F, 0x10, 0xFC,
    0x87, 0xC4, 0x7F, 0x44, 0x0C, 0x01, 0x00, 0x40, 0xF0, 0x9F, 0x2A, 0x29, 0x91, 0x40, 0xC4, 0x7F,
    0x44, 0x08, 0x01, 0x00, 0xB4, 0x40, 0xDE, 0x4F, 0x55, 0x7D, 0x53, 0x12, 0x12, 0xFF, 0x11, 0x01,
    0x00, 0x80, 0x02, 0xD2, 0x7F, 0x20, 0xFC, 0x40, 0x04, 0x51, 0x9C, 0x0D, 0x04, 0x00, 0x44, 0xE5,
    0x44, 0x7C, 0x54, 0x3C, 0x42, 0x8F, 0x2B, 0xA5, 0xD0, 0x05, 0x00, 0xF8, 0x03, 0x08, 0x20, 0xFE,
    0x08, 0xE0, 0x1F, 0x40, 0x00, 0xC1, 0x03, 0x00, 0xF8, 0x03, 0x09, 0x24, 0xFE, 0x48, 0xF0, 0x5F,
    0x44, 0x10, 0x41, 0x03, 0x00, 0x7C, 0x02, 0x09, 0x24, 0x9F, 0x04, 0xF2, 0x09, 0x24, 0x90, 0x38,
    0x02, 0x00, 0xA0, 0xF0, 0x0F, 0x2A, 0xFE, 0xA8, 0xF0, 0x5F, 0x4A, 0xA4, 0x8D, 0x00, 0x00, 0x3C,
    0x81, 0x04, 0x12, 0x2F, 0x84, 0x70, 0x09, 0x25, 0x4C, 0xED, 0x04, 0x00, 0x1C, 0x41, 0xC5, 0x75,
    0x71, 0x65, 0x75, 0x05, 0x05, 0x14, 0xCD, 0x07, 0x00, 0x10, 0x41, 0x82, 0x3F, 0x90, 0xF8, 0x23,
    0x81, 0x7F, 0x14, 0x4D, 0x03, 0x00, 0x1C, 0xC1, 0x1F, 0x09, 0x17, 0x85, 0x72, 0x04, 0x49, 0x14,
    0xCD, 0x07, 0x00, 0xFC, 0x47, 0x09, 0x25, 0x97, 0x44, 0x72, 0x09, 0x55, 0x7C, 0x0D, 0x04, 0x00,
    0x90, 0xF7, 0x91, 0x54, 0xCC, 0xEC, 0x44, 0x80, 0x7F, 0x02, 0x81, 0x03, 0x00, 0xDC, 0x47, 0xD1,
    0x7D, 0x11, 0xC5, 0x77, 0x11, 0x45, 0xFC, 0x0D, 0x04, 0x00, 0xBC, 0x87, 0xD0, 0x7B, 0x21, 0x38,
    0xB7, 0x16, 0x63, 0x6B, 0x31, 0x06, 0x00, 0xDC, 0x47, 0xC1, 0x7D, 0x11, 0xE4, 0x77, 0x05, 0x55,
    0x94, 0xCC, 0x04, 0x00, 0x9C, 0x44, 0xDF, 0x11, 0xF1, 0x45, 0x75, 0x1F, 0x11, 0x44, 0xCD, 0x07,
    0x00, 0xFC, 0x47, 0x11, 0x4F, 0xEF, 0xE5, 0xF0, 0x1E, 0x4A, 0x38, 0x19, 0x03, 0x00, 0xB4, 0x40,
    0xDE, 0x4F, 0x55, 0x7D, 0x53, 0x92, 0x3F, 0x82, 0xC0, 0x01, 0x00, 0xDC, 0x47, 0xD5, 0x55, 0xF1,
    0x45, 0x75, 0x1F, 0x55, 0xFC, 0x0D, 0x01, 0x00, 0xEC, 0x27, 0xCD, 0x52, 0xFD, 0xA5, 0xB5, 0x9D,
    0x5A, 0xDA, 0xAD, 0x05, 0x00, 0xE8, 0x52, 0x94, 0x2E, 0x29, 0xFD, 0x47, 0x80, 0x7F, 0x02, 0x81,
    0x03, 0x00, 0x10, 0xF1, 0x1E, 0x11, 0xFF, 0x11, 0x01, 0xC8, 0x7F, 0x80, 0xF8, 0x03, 0x00, 0xF0,
    0x23, 0xC4, 0x7F, 0x55, 0xF1, 0x41, 0xC5, 0x7F, 0x54, 0x4C, 0x06, 0xFC, 0xF8, 0x67, 0x84, 0x5B,
    0xE6, 0x91, 0xE4, 0x1F, 0x11, 0x46, 0x00, 0x00, 0x00, 0xFC, 0xA4, 0x88, 0x12, 0x0A, 0xFD, 0xA2,
    0x84, 0x42, 0x89, 0x24, 0x01, 0x00, 0xF8, 0x24, 0x8A, 0x1A, 0x2A, 0xF9, 0x32, 0x86, 0x48, 0xA2,
    0xC4, 0x01, 0x00, 0x40, 0xF0, 0x1F, 0x12, 0x48, 0xF8, 0x27, 0x84, 0x4E, 0xC1, 0xF4, 0x00, 0x00,
    0x7C, 0x44, 0x49, 0x12, 0x02, 0x11, 0xF2, 0x05, 0x41, 0x8E, 0x54, 0x01, 0x00, 0x70, 0x46, 0xC6,
    0x67, 0x65, 0x74, 0x16, 0x46, 0x05, 0x14, 0xCD, 0x07, 0x00, 0xFC, 0x54, 0xCA, 0x1F, 0x25, 0xFD,
    0x12, 0xC6, 0x4B, 0xA9, 0xBC, 0x01, 0x00, 0x90, 0x44, 0xCA, 0x1F, 0x24, 0x91, 0x62, 0x47, 0x4B,
    0xA4, 0x90, 0x01, 0x00, 0x10, 0xF4, 0x09, 0x11, 0x1F, 0x45, 0xF2, 0x85, 0x42, 0x8A, 0x7C, 0x01,
    0x00, 0x10, 0xF4, 0x8B, 0x14, 0x3F, 0x45, 0xF2, 0x45, 0x44, 0xBF, 0x10, 0x01, 0x00, 0x7C, 0x14,
    0xC9, 0x17, 0x11, 0x7D, 0x22, 0x85, 0x47, 0xA9, 0x34, 0x01, 0x00, 0x08, 0x91, 0x1F, 0x08, 0x24,
    0x88, 0x37, 0x92, 0x44, 0x12, 0x09, 0x03, 0x00, 0xC8, 0x13, 0x09, 0x24, 0x88, 0x09, 0xB0, 0x8F,
    0x24, 0x62, 0x68, 0x06, 0x00, 0x08, 0x91, 0x1F, 0x52, 0x4C, 0xE8, 0xB7, 0x92, 0x4A, 0xC2, 0xE8,
    0x04, 0x00, 0x48, 0x91, 0x1F, 0x54, 0xFC, 0x49, 0xB1, 0x9F, 0x54, 0xCA, 0x29, 0x01, 0x00, 0x88,
    0x10, 0x04, 0x7E, 0x44, 0x08, 0x31, 0x9F, 0x10, 0x42, 0xE8, 0x07, 0x00, 0xE8, 0x17, 0x04, 0x10,
    0x54, 0x48, 0x37, 0x85, 0x14, 0x52, 0xE8, 0x07, 0x00, 0x88, 0x90, 0x1F, 0x08, 0xFC, 0x09, 0xB2,
    0x9F, 0x20, 0x8A, 0x48, 0x03, 0x00, 0x48, 0x10, 0x1F, 0x42, 0x7C, 0x29, 0xB5, 0x97, 0x52, 0x7A,
    0x09, 0x03, 0x00, 0xC8, 0x17, 0x11, 0x7C, 0x14, 0xC9, 0x37, 0x85, 0x54, 0x92, 0xC8, 0x04, 0x00,
    0xE8, 0x97, 0x10, 0x7A, 0x2C, 0xA9, 0xB4, 0x92, 0x7A, 0x0A, 0xE9, 0x07, 0x00, 0x08, 0x91, 0x1F,
    0x50, 0xFC, 0x09, 0xB5, 0x9F, 0x10, 0xFA, 0x09, 0x01, 0x00, 0x48, 0x90, 0x08, 0x14, 0x24, 0xE9,
    0x37, 0x89, 0x2A, 0x62, 0x68, 0x06, 0x00, 0x90, 0x21, 0x49, 0x42, 0xF4, 0x08, 0xB1, 0x9F, 0x10,
    0xD2, 0xA8, 0x05, 0x00, 0xE8, 0x17, 0x00, 0x54, 0xAC, 0x48, 0x35, 0x80, 0x7E, 0x42, 0xE8, 0x07,
    0x00, 0x88, 0x90, 0x1F, 0x08, 0xFC, 0x89, 0xB0, 0x9E, 0x0A, 0x3A, 0x18, 0x07, 0x00, 0xC8, 0x13,
    0x09, 0x3C, 0x94, 0xC8, 0x37, 0x88, 0x7E, 0x92, 0x08, 0x03, 0x00, 0x48, 0xD1, 0x1D, 0x14, 0xDC,
    0x49, 0x31, 0x85, 0x77, 0x52, 0x28, 0x01, 0x00, 0x88, 0x90, 0x1E, 0x0A, 0xFC, 0x89, 0xB0, 0x9E,
    0x0A, 0x3A, 0x18, 0x07, 0x00, 0x48, 0x12, 0x09, 0x5A, 0x24, 0x89, 0xB0, 0x9E, 0x0A, 0x3A, 0x18,
    0x07, 0x00, 0x18, 0xD7, 0x17, 0x52, 0x7C, 0x29, 0xB5, 0x95, 0x52, 0xFE, 0x09, 0x01, 0x00, 0x88,
    0x10, 0x1F, 0x45, 0x12, 0xCD, 0x27, 0x84, 0x7C, 0x42, 0xC8, 0x07, 0x00, 0x88, 0x10, 0x1F, 0x46,
    0xF4, 0x49, 0x34, 0x9F, 0x26, 0x62, 0x68, 0x06, 0x00, 0xE8, 0x97, 0x04, 0x7E, 0x4C, 0xA8, 0xB7,
    0x92, 0x7A, 0x2A, 0x89, 0x07, 0x00, 0x08, 0x91, 0x1F, 0x24, 0x94, 0xE8, 0xB7, 0x92, 0x7C, 0x12,
    0x29, 0x03, 0x00, 0x58, 0x51, 0x1D, 0x5F, 0x00, 0xE9, 0xB5, 0x8A, 0x2A, 0x4A, 0x99, 0x04, 0x00,
    0x58, 0x51, 0x1D, 0x4F, 0x40, 0xF9, 0x35, 0x89, 0x2F, 0x52, 0xE9, 0x04, 0x00, 0x08, 0x91, 0x1F,
    0x10, 0xFC, 0x49, 0xB5, 0x9F, 0x10, 0x12, 0xD9, 0x05, 0x00, 0x28, 0xD1, 0x1F, 0x4A, 0x44, 0xF9,
    0x55, 0x4A, 0x2F, 0x65, 0xD5, 0x04, 0x00, 0x58, 0x51, 0x1D, 0x4F, 0x50, 0x29, 0xB5, 0x8B, 0x24,
    0x5A, 0xD9, 0x04, 0x00, 0x60, 0x00, 0x02, 0x00, 0x88, 0x28, 0xA4, 0x50, 0x02, 0x88, 0xC0, 0x03,
    0x00, 0x30, 0x00, 0x03, 0x20, 0x8A, 0xA8, 0x94, 0x51, 0x02, 0x8C, 0xCC, 0x03, 0x00, 0xF8, 0x03,
    0x88, 0x3F, 0x02, 0xF8, 0x03, 0x01, 0x29, 0x05, 0xE5, 0x01, 0x00, 0xFC, 0x83, 0x88, 0x22, 0x84,
    0x28, 0x01, 0x01, 0x29, 0x05, 0xE5, 0x01, 0x00, 0x10, 0x44, 0x50, 0x7D, 0x05, 0x95, 0x54, 0x54,
    0x41, 0x04, 0x11, 0x06, 0x00, 0x40, 0xF0, 0x1F, 0x04, 0x10, 0xF8, 0x03, 0x01, 0x29, 0x05, 0xE5,
    0x01, 0x00, 0x40, 0xF0, 0x9F, 0x00, 0x02, 0xF0, 0x03, 0x01, 0x29, 0x05, 0xE5, 0x01, 0x00, 0x10,
    0x41, 0x44, 0x7F, 0x15, 0x54, 0x50, 0x41, 0x05, 0x14, 0x90, 0x07, 0x00, 0x80, 0xE3, 0x01, 0x04,
    0xFF, 0x51, 0x32, 0x11, 0x04, 0x52, 0x65, 0x05, 0x00, 0x40, 0xE0, 0x8F, 0x24, 0x92, 0xF8, 0x03,
    0x01, 0x29, 0x05, 0xE5, 0x01, 0x00, 0x10, 0x41, 0x5F, 0x51, 0x45, 0xF5, 0x57, 0x44, 0x11, 0xA4,
    0x70, 0x04, 0x00, 0x10, 0x41, 0x5F, 0x55, 0x45, 0x15, 0x51, 0x4A, 0x29, 0x94, 0x50, 0x06, 0x00,
    0xE0, 0x40, 0x84, 0x2E, 0x01, 0xF1, 0x01, 0x04, 0x08, 0x8A, 0xE4, 0x05, 0x00, 0x10, 0xC0, 0x9F,
    0x54, 0x49, 0x91, 0x04, 0x09, 0x08, 0x8A, 0xE4, 0x05, 0x00, 0xD0, 0x21, 0xC8, 0x7F, 0x88, 0x10,
    0x32, 0x0A, 0x12, 0x0A, 0xE5, 0x05, 0x00, 0x10, 0xC0, 0x1F, 0x05, 0xF2, 0x44, 0x00, 0x1F, 0x04,
    0x0A, 0xE5, 0x05, 0x00, 0x10, 0x41, 0x5F, 0x55, 0x55, 0x55, 0xD5, 0x5F, 0x11, 0xA4, 0x70, 0x04,
    0x00, 0x90, 0xF7, 0x91, 0x54, 0x4A, 0x31, 0x32, 0x15, 0x08, 0x8A, 0xE4, 0x05, 0x00, 0xD0, 0x47,
    0x44, 0x13, 0xC5, 0x55, 0x51, 0x45, 0x15, 0x54, 0xD0, 0x07, 0x00, 0x10, 0x41, 0x42, 0x7D, 0x15,
    0x55, 0x54, 0x5F, 0x45, 0x14, 0xD1, 0x07, 0x00, 0x10, 0xC1, 0x5F, 0x09, 0xF5, 0x75, 0x55, 0x55,
    0x55, 0xD4, 0x11, 0x01, 0x00, 0xF8, 0x23, 0x89, 0x3F, 0x92, 0xF8, 0x03, 0x01, 0x29, 0x05, 0xE5,
    0x01, 0x00, 0x20, 0x40, 0xC4, 0x3F, 0x44, 0xF1, 0x01, 0x01, 0x29, 0x05, 0xE5, 0x01, 0x00, 0x10,
    0x41, 0x52, 0x45, 0xF5, 0x15, 0x50, 0x5F, 0x45, 0x14, 0xD1, 0x07, 0x00, 0xF0, 0x21, 0x42, 0x3F,
    0x80, 0xF8, 0x03, 0x88, 0x1F, 0x85, 0xF4, 0x05, 0x00, 0x50, 0x41, 0x45, 0x7D, 0x4D, 0x14, 0x51,
    0x5F, 0x11, 0x44, 0xF0, 0x07, 0x00, 0xB8, 0xA7, 0x52, 0x6A, 0x2A, 0x90, 0x37, 0x01, 0x28, 0x0A,
    0xE5, 0x03, 0x00, 0xD0, 0x47, 0x50, 0x25, 0x65, 0x74, 0x56, 0x44, 0x7D, 0x44, 0xF0, 0x07, 0x00,
    0x10, 0xC1, 0x5F, 0x11, 0x45, 0xF4, 0x57, 0x42, 0x09, 0x14, 0xD1, 0x07, 0x00, 0x90, 0x42, 0x52,
    0x7F, 0x25, 0x94, 0x52, 0x4B, 0x2B, 0xA4, 0x91, 0x00, 0x00, 0x10, 0x41, 0x5F, 0x11, 0xFD, 0x15,
    0x52, 0x5F, 0x23, 0x94, 0x10, 0x03, 0x00, 0xF0, 0x47, 0x42, 0x79, 0x25, 0xD5, 0x55, 0x51, 0x3D,
    0x84, 0xF0, 0x07, 0x00, 0x10, 0x41, 0x55, 0x35, 0x45, 0xF4, 0x57, 0x4A, 0x29, 0x94, 0x30, 0x06,
    0x00, 0xDC, 0x23, 0x89, 0x2C, 0xD2, 0x3C, 0x06, 0x01, 0x29, 0x05, 0xE5, 0x01, 0x00, 0x10, 0xF7,
    0x95, 0x54, 0x52, 0x31, 0x37, 0x01, 0x29, 0x05, 0xE5, 0x01, 0x00, 0x10, 0xF1, 0x1F, 0x04, 0xFE,
    0x40, 0xF0, 0x1F, 0x08, 0x0A, 0xE5, 0x05, 0x00, 0x50, 0xC0, 0x5F, 0x05, 0x55, 0x34, 0x55, 0x4D,
    0x11, 0xA4, 0x50, 0x04, 0x00, 0x40, 0x30, 0x1F, 0x52, 0x40, 0x88, 0x92, 0x11, 0x08, 0x8A, 0xE4,
    0x05, 0x00, 0x10, 0x41, 0x42, 0x7F, 0x55, 0x55, 0x55, 0x55, 0x55, 0x54, 0xF1, 0x07, 0x00, 0xBC,
    0x51, 0x58, 0x09, 0x27, 0x94, 0x52, 0xD3, 0x0B, 0x25, 0x91, 0x07, 0x00, 0xD0, 0x47, 0x51, 0x7D,
    0x15, 0xD5, 0x57, 0x45, 0x55, 0x94, 0xD0, 0x04, 0x00, 0xF8, 0x23, 0x89, 0x3F, 0xAA, 0x18, 0xE3,
    0x0F, 0x08, 0x8A, 0xE4, 0x05, 0x00, 0x90, 0x47, 0x51, 0x2B, 0xC5, 0x94, 0x54, 0x5F, 0x47, 0x14,
    0xD1, 0x07, 0x00, 0xD0, 0x47, 0x51, 0x5D, 0x15, 0xD5, 0x55, 0x55, 0x5D, 0x14, 0x51, 0x06, 0x00,
    0x10, 0x46, 0x47, 0x11, 0xFD, 0x15, 0x51, 0x5F, 0x45, 0x14, 0xD1, 0x07, 0x00, 0x10, 0xE1, 0x0F,
    0x11, 0xFF, 0x51, 0x32, 0x11, 0x2D, 0x52, 0x65, 0x02, 0x00, 0x20, 0xE0, 0x8F, 0x20, 0xFE, 0x08,
    0xE2, 0x0F, 0x04, 0xA5, 0xF4, 0x05, 0x00, 0x90, 0x43, 0x51, 0x03, 0xF5, 0x15, 0x50, 0x5F, 0x45,
    0x14, 0xD1, 0x07, 0x00, 0xF0, 0x01, 0x84, 0x3F, 0x92, 0xF8, 0x23, 0x09, 0x29, 0x05, 0xE5, 0x01,
    0x00, 0x10, 0x41, 0x4D, 0x55, 0x45, 0xD4, 0x57, 0x51, 0x7D, 0x14, 0x51, 0x06, 0x00, 0x50, 0x43,
    0x49, 0x43, 0xF5, 0x55, 0x54, 0x5F, 0x29, 0xA4, 0x50, 0x06, 0x00, 0xFC, 0x27, 0x09, 0x15, 0xFF,
    0x49, 0x11, 0x19, 0x09, 0x85, 0xE4, 0x05, 0x00, 0x50, 0x42, 0x45, 0x7F, 0x25, 0xF5, 0x57, 0x42,
    0x7F, 0x28, 0x91, 0x06, 0x00, 0xD0, 0x47, 0x51, 0x7D, 0x15, 0x55, 0xD4, 0x5F, 0x11, 0xFC, 0x11,
    0x01, 0x00, 0x50, 0x40, 0x5F, 0x03, 0xF5, 0x55, 0xD5, 0x5F, 0x55, 0xF4, 0x11, 0x02, 0x00, 0x10,
    0xC1, 0x5F, 0x11, 0xF5, 0x55, 0x52, 0x44, 0x7F, 0x44, 0x90, 0x01, 0x00, 0x10, 0x41, 0x5F, 0x11,
    0xF5, 0x55, 0x55, 0x5F, 0x19, 0x54, 0x31, 0x05, 0x00, 0xD0, 0x47, 0x44, 0x3D, 0xAD, 0xD4, 0x47,
    0x00, 0x7D, 0x14, 0xD1, 0x07, 0x00, 0x90, 0xA0, 0xDE, 0x26, 0xAA, 0xA8, 0x21, 0x19, 0x09, 0x85,
    0xE4, 0x05, 0x00, 0x40, 0xC0, 0x07, 0x15, 0xFE, 0x48, 0xE2, 0x0F, 0x09, 0x85, 0xE4, 0x05, 0x00,
    0x50, 0x20, 0xDF, 0x12, 0xD2, 0x28, 0x05, 0x06, 0x05, 0x45, 0xE5, 0x05, 0x00, 0xA0, 0xF0, 0x1E,
    0x0A, 0xEF, 0xA1, 0xF0, 0x1E, 0x08, 0x8A, 0xE4, 0x05, 0x00, 0x10, 0xC1, 0x5F, 0x25, 0x95, 0xB4,
    0x55, 0x44, 0x7F, 0x44, 0x10, 0x01, 0x00, 0xD0, 0x47, 0x41, 0x7D, 0x15, 0xF4, 0x57, 0x45, 0x55,
    0x94, 0xD0, 0x04, 0x00, 0xBC, 0x97, 0xD2, 0x7B, 0x29, 0xBD, 0x17, 0x51, 0x48, 0x8B, 0xE5, 0x05,
    0x00, 0xD0, 0x47, 0x44, 0x7F, 0x55, 0xB5, 0x53, 0x48, 0x7F, 0x44, 0x90, 0x01, 0x00, 0x10, 0x41,
    0x5F, 0x11, 0xFD, 0x55, 0xD2, 0x5F, 0x11, 0xFC, 0x11, 0x01, 0x00, 0x90, 0x40, 0x5E, 0x09, 0xF5,
    0x55, 0x54, 0x5F, 0x45, 0xFC, 0x11, 0x01, 0x00, 0x90, 0xC0, 0x5F, 0x49, 0xFD, 0x95, 0xD4, 0x5F,
    0x25, 0x74, 0x30, 0x06, 0x00, 0x10, 0xC1, 0x5F, 0x11, 0xF5, 0x15, 0xD1, 0x5F, 0x45, 0xF4, 0x51,
    0x04, 0x00, 0xF0, 0x47, 0x52, 0x5D, 0x25, 0xD5, 0x55, 0x52, 0x5D, 0x54, 0xD1, 0x05, 0x00, 0x10,
    0xC1, 0x5F, 0x41, 0xDD, 0x55, 0xD5, 0x55, 0x75, 0x54, 0x30, 0x07, 0x00, 0x80, 0xF4, 0x1F, 0x10,
    0x5E, 0x49, 0xE2, 0x15, 0x09, 0x85, 0xE4, 0x05, 0x00, 0xD0, 0x43, 0x49, 0x3D, 0x9D, 0xD4, 0x53,
    0x41, 0x7F, 0x54, 0xB1, 0x06, 0x00, 0xF0, 0x47, 0x55, 0x55, 0xFD, 0x95, 0xD4, 0x5F, 0x45, 0x74,
    0x11, 0x06, 0x00, 0x50, 0x40, 0x5F, 0x53, 0x25, 0x55, 0x54, 0x0A, 0x10, 0x0A, 0xE5, 0x05, 0x00,
    0x90, 0xC2, 0x5F, 0x29, 0xA5, 0xF4, 0x57, 0x51, 0x7D, 0x14, 0xD1, 0x07, 0x00, 0x90, 0x42, 0x5F,
    0x25, 0xFD, 0x55, 0x52, 0x5F, 0x25, 0x94, 0xD0, 0x07, 0x00, 0x40, 0xF0, 0x9F, 0x24, 0xFE, 0x48,
    0xF2, 0x17, 0x09, 0x85, 0xE4, 0x05, 0x00, 0xFC, 0x87, 0x82, 0x3B, 0x82, 0xB8, 0x83, 0xC2, 0x7F,
    0x8A, 0xE4, 0x05, 0x00, 0x10, 0x41, 0x5F, 0x15, 0xDD, 0x55, 0x51, 0x5F, 0x45, 0x14, 0xB1, 0x07,
    0x00, 0x10, 0xC1, 0x5F, 0x09, 0xF5, 0x35, 0x51, 0x5F, 0x45, 0xF4, 0x51, 0x04, 0x00, 0x50, 0xC5,
    0x4A, 0x55, 0x05, 0xD4, 0x57, 0x55, 0x6D, 0x54, 0xD1, 0x07, 0x00, 0x90, 0xF7, 0x13, 0x79, 0x2E,
    0xD5, 0x44, 0x1E, 0x12, 0x0A, 0xE5, 0x05, 0x00, 0x50, 0x45, 0x55, 0x7D, 0x05, 0xD4, 0x57, 0x42,
    0x7D, 0x54, 0x51, 0x05, 0x00, 0x90, 0x40, 0x5F, 0x5D, 0x15, 0xD5, 0x57, 0x44, 0x7D, 0x44, 0xD0,
    0x07, 0x00, 0x10, 0xF1, 0x1F, 0x02, 0xFF, 0x29, 0x92, 0x0F, 0x09, 0x85, 0xE4, 0x05, 0x00, 0xD0,
    0x47, 0x51, 0x7D, 0x15, 0xD5, 0xD7, 0x44, 0x7D, 0x44, 0xD0, 0x07, 0x00, 0xD0, 0x45, 0x55, 0x5D,
    0x55, 0x55, 0x55, 0x57, 0x41, 0x54, 0x31, 0x06, 0x00, 0xF0, 0x41, 0x55, 0x55, 0x7D, 0x55, 0x53,
    0x45, 0x17, 0xB4, 0x50, 0x04, 0x00, 0x3C, 0x41, 0xD5, 0x57, 0x44, 0xB8, 0x52, 0x11, 0x08, 0x8A,
    0xE4, 0x05, 0x00, 0xF0, 0x21, 0xC8, 0x6F, 0xA9, 0xBC, 0x92, 0x0C, 0x04, 0x85, 0xF4, 0x05, 0x00,
    0x90, 0x43, 0x51, 0x7B, 0x05, 0xD4, 0x55, 0x55, 0x5D, 0x54, 0x51, 0x05, 0x00, 0x90, 0x40, 0x5F,
    0x47, 0xF5, 0x55, 0x54, 0x5F, 0x27, 0x64, 0x70, 0x06, 0x00, 0x40, 0xE0, 0x0F, 0x11, 0xFF, 0x09,
    0xE2, 0x0F, 0x04, 0xA5, 0xF4, 0x05, 0x00, 0xD0, 0x47, 0x55, 0x7D, 0x05, 0xF4, 0x57, 0x42, 0x7D,
    0x14, 0x11, 0x03, 0x00, 0xF8, 0x23, 0x89, 0x3F, 0x92, 0xFC, 0x17, 0x11, 0x1D, 0x85, 0xE4, 0x05,
    0x00, 0xF8, 0x23, 0x09, 0x11, 0xFF, 0x25, 0xA4, 0x4F, 0x51, 0x38, 0x1C, 0x07, 0x00, 0xD0, 0x47,
    0x45, 0x7D, 0x5D, 0x54, 0x55, 0x45, 0x2D, 0x14, 0xD1, 0x07, 0x00, 0x80, 0xF4, 0x5F, 0x15, 0x55,
    0x75, 0x12, 0x14, 0x0A, 0x8A, 0xC4, 0x05, 0x00, 0xD0, 0x47, 0x55, 0x7D, 0x4D, 0xD4, 0x57, 0x42,
    0x79, 0x24, 0x51, 0x06, 0x00, 0x90, 0x40, 0x5F, 0x55, 0xF5, 0x55, 0x55, 0x5F, 0x29, 0x34, 0xB1,
    0x07, 0x00, 0x90, 0x43, 0x51, 0x7F, 0x15, 0xD5, 0x57, 0x41, 0x7D, 0x1C, 0xD1, 0x07, 0x00, 0x50,
    0x40, 0x5F, 0x03, 0xF5, 0xB5, 0xD4, 0x5F, 0x59, 0xB4, 0xB1, 0x04, 0x00, 0xF8, 0xA7, 0x88, 0x3E,
    0x8A, 0xE4, 0x13, 0x02, 0x2A, 0x0A, 0xC5, 0x05, 0x00, 0xF0, 0x47, 0x45, 0x7F, 0x55, 0xF5, 0x57,
    0x42, 0x7F, 0xB4, 0xB0, 0x04, 0x00, 0xBC, 0x17, 0xD2, 0x77, 0x29, 0xBD, 0x93, 0x11, 0x08, 0x0A,
    0xE5, 0x05, 0x00, 0x10, 0xF1, 0x9F, 0x52, 0xA5, 0x08, 0xF1, 0x1E, 0x05, 0x85, 0xE4, 0x05, 0x00,
    0x88, 0x94, 0xCE, 0x0B, 0xE9, 0xBD, 0x90, 0x1E, 0x08, 0x0A, 0xE5, 0x05, 0x00, 0x90, 0xC2, 0x5F,
    0x29, 0xFD, 0x55, 0x50, 0x5F, 0x01, 0x54, 0x31, 0x05, 0x00, 0xD0, 0x47, 0x55, 0x6D, 0x15, 0xD5,
    0x57, 0x40, 0x7D, 0x54, 0xF1, 0x07, 0x00, 0x10, 0xC1, 0x5F, 0x25, 0xF5, 0x54, 0x52, 0x4F, 0x25,
    0xFC, 0x51, 0x02, 0x00, 0xFC, 0x87, 0x82, 0x3F, 0x82, 0xFC, 0x27, 0x49, 0x45, 0x52, 0x65, 0x05,
    0x00, 0x50, 0xC2, 0x5F, 0x25, 0x6D, 0x55, 0xD2, 0x54, 0x0D, 0x84, 0xD1, 0x01, 0x00, 0x50, 0xC7,
    0x47, 0x15, 0xFD, 0x55, 0xD5, 0x57, 0x45, 0x7C, 0x51, 0x04, 0x00, 0xFC, 0x17, 0x49, 0x7F, 0x21,
    0xFC, 0x97, 0xC8, 0x7F, 0x8A, 0xE4, 0x05, 0x00, 0xF0, 0x42, 0x49, 0x7F, 0x55, 0xF5, 0x55, 0x55,
    0x5F, 0x14, 0xF1, 0x06, 0x00, 0xD0, 0x43, 0x49, 0x25, 0xFD, 0x55, 0xD5, 0x5F, 0x25, 0x64, 0x70,
    0x06, 0x00, 0xD0, 0x47, 0x55, 0x7F, 0x55, 0xD5, 0x57, 0x51, 0x7D, 0xA4, 0x70, 0x04, 0x00, 0x10,
    0xF1, 0x1E, 0x11, 0xFF, 0x01, 0xE2, 0x0F, 0x04, 0xA5, 0xF4, 0x05, 0x00, 0xE8, 0xA7, 0xCA, 0x2E,
    0xEF, 0xED, 0xB2, 0x8C, 0x2A, 0xBA, 0x48, 0x06, 0x00, 0x48, 0x92, 0x16, 0x49, 0xEA, 0xEC, 0x60,
    0x1C, 0x08, 0x0A, 0xE5, 0x05, 0x00, 0xC0, 0xF1, 0x5F, 0x49, 0xFD, 0x95, 0xD2, 0x0F, 0x08, 0x0A,
    0xE5, 0x05, 0x00, 0x7C, 0x14, 0xDF, 0x57, 0x45, 0x59, 0x54, 0x1A, 0x00, 0x8A, 0xE4, 0x05, 0x00,
    0x80, 0xF0, 0x5F, 0x12, 0xFF, 0x55, 0xB5, 0x4F, 0x23, 0x70, 0x38, 0x06, 0x00, 0x10, 0xC1, 0x5F,
    0x55, 0xF5, 0x55, 0x55, 0x5F, 0x53, 0xD4, 0xB0, 0x05, 0x00, 0x80, 0xF4, 0x5F, 0x12, 0x5F, 0x25,
    0xA2, 0x55, 0x0A, 0x84, 0xF4, 0x04, 0x00, 0xA8, 0x10, 0x9F, 0x53, 0x5B, 0xA8, 0xE2, 0x11, 0x09,
    0x85, 0xE4, 0x05, 0x00, 0xFC, 0x47, 0x04, 0x1F, 0x44, 0xFC, 0x57, 0x95, 0x39, 0x38, 0x1C, 0x07,
    0x00, 0x50, 0xE2, 0xDF, 0x24, 0xFA, 0xB9, 0xA4, 0x1A, 0x10, 0x0A, 0xE5, 0x05, 0x00, 0x50, 0xC2,
    0x5F, 0x49, 0xFD, 0x95, 0xD4, 0x5F, 0x45, 0x14, 0xD1, 0x07, 0x00, 0x50, 0x45, 0x4D, 0x7F, 0x45,
    0xD4, 0x55, 0x5D, 0x57, 0xE4, 0x71, 0x04, 0x00, 0xE4, 0xA7, 0x04, 0x7E, 0x48, 0xE8, 0x17, 0x10,
    0x2A, 0x0A, 0xE5, 0x05, 0x00, 0x90, 0x42, 0x5F, 0x27, 0xF5, 0x55, 0x52, 0x5F, 0x01, 0x54, 0x51,
    0x05, 0x00, 0xD0, 0x47, 0x55, 0x55, 0xF5, 0x55, 0x55, 0x5F, 0x55, 0xFC, 0x11, 0x01, 0x00, 0x10,
    0xC1, 0x5F, 0x55, 0xFD, 0x55, 0x54, 0x5F, 0x45, 0xE4, 0x70, 0x04, 0x00, 0x10, 0xC1, 0x5F, 0x25,
    0x95, 0xF4, 0x57, 0x55, 0x7D, 0x44, 0xF0, 0x07, 0x00, 0x7C, 0x41, 0xDE, 0x4F, 0xE4, 0xBD, 0x94,
    0xDE, 0x13, 0x0A, 0xE5, 0x05, 0x00, 0x70, 0x47, 0x55, 0x77, 0x55, 0xF5, 0x57, 0x55, 0x49, 0x54,
    0x11, 0x06, 0x00, 0xD0, 0x47, 0x51, 0x7D, 0x15, 0xF5, 0x57, 0x52, 0x79, 0x54, 0xB0, 0x05, 0x00,
    0xFC, 0x17, 0x11, 0x1F, 0x10, 0xFC, 0xA7, 0x8A, 0x3F, 0x85, 0xF4, 0x05, 0x00, 0x10, 0x41, 0x5F,
    0x29, 0xFD, 0x55, 0x54, 0x5F, 0x11, 0x14, 0xD1, 0x05, 0x00, 0x10, 0xC5, 0x5F, 0x15, 0x55, 0x75,
    0x52, 0x14, 0x08, 0x8A, 0xE4, 0x05, 0x00, 0x90, 0xC2, 0x5F, 0x11, 0xFD, 0x55, 0x55, 0x55, 0x7F,
    0x44, 0xF0, 0x07, 0x00, 0xBC, 0xA7, 0xD2, 0x7F, 0x25, 0xA9, 0x57, 0x0A, 0x5A, 0x8A, 0xE4, 0x05,
    0x00, 0xD0, 0xC7, 0x54, 0x4F, 0xD5, 0xF5, 0x52, 0x5D, 0x2F, 0xD4, 0x51, 0x02, 0x00, 0x40, 0xF0,
    0x5F, 0x25, 0xFD, 0x5D, 0x52, 0x5F, 0x08, 0x0A, 0xE5, 0x05, 0x00, 0x10, 0xC1, 0x5F, 0x5B, 0xD5,
    0xB5, 0x55, 0x4D, 0x7F, 0xA4, 0x70, 0x04, 0x00, 0x10, 0xC1, 0x5F, 0x59, 0x05, 0xF5, 0x57, 0x44,
    0x7F, 0x54, 0x30, 0x05, 0x00, 0x44, 0xE1, 0x5F, 0x14, 0xFC, 0x59, 0xD5, 0x1A, 0x49, 0x8A, 0xE4,
    0x05, 0x00, 0xF0, 0x47, 0x44, 0x7F, 0x45, 0x75, 0x57, 0x44, 0x7F, 0x54, 0x51, 0x05, 0x00, 0x58,
    0xD1, 0x1F, 0x50, 0x7A, 0x4D, 0xA2, 0x17, 0x08, 0x8A, 0xE4, 0x05, 0x00, 0x50, 0xC2, 0x5F, 0x55,
    0xFD, 0x55, 0x54, 0x57, 0x75, 0x14, 0xD1, 0x07, 0x00, 0x50, 0xC7, 0x53, 0x75, 0x7D, 0x55, 0xD7,
    0x57, 0x75, 0x5C, 0xD0, 0x04, 0x00, 0x10, 0xC1, 0x5F, 0x55, 0xFD, 0x15, 0xD1, 0x5D, 0x59, 0x9C,
    0xD0, 0x04, 0x00, 0xF0, 0x57, 0x49, 0x57, 0xF5, 0x7D, 0xA1, 0x14, 0x0A, 0x85, 0xF4, 0x05, 0x00,
    0x48, 0xA5, 0xD2, 0x7F, 0xAB, 0xBC, 0xB3, 0xDA, 0x2B, 0x6A, 0xF9, 0x04, 0x00, 0x70, 0x47, 0x55,
    0x77, 0x55, 0xF5, 0x57, 0x49, 0x7D, 0x94, 0xD0, 0x07, 0x00, 0xF0, 0x47, 0x49, 0x3D, 0x95, 0xF4,
    0x57, 0x55, 0x55, 0xFC, 0x11, 0x05, 0x00, 0x90, 0xF0, 0x1F, 0x51, 0xDF, 0xB8, 0x14, 0xCD, 0x57,
    0x6A, 0x7C, 0x07, 0x00, 0xE8, 0x52, 0x94, 0x2E, 0x45, 0xED, 0xA6, 0x0A, 0x0E, 0x05, 0xF5, 0x05,
    0x00, 0x40, 0x02, 0xD1, 0x3F, 0x10, 0x40, 0x02, 0x05, 0x08, 0x58, 0x1C, 0x06, 0x00, 0x80, 0xE4,
    0x9F, 0x08, 0x22, 0x88, 0x24, 0x8C, 0x10, 0xB1, 0x34, 0x04, 0x00, 0x80, 0xE4, 0x9F, 0x10, 0x42,
    0x79, 0x25, 0x88, 0x20, 0x61, 0x65, 0x04, 0x00, 0x80, 0xE4, 0x9F, 0x10, 0x46, 0x29, 0x25, 0x89,
    0x20, 0x61, 0x65, 0x04, 0x00, 0x80, 0xF4, 0x1F, 0x11, 0x44, 0x7D, 0x45, 0x08, 0x21, 0x62, 0x69,
    0x04, 0x00, 0x80, 0xE2, 0x9F, 0x08, 0xAE, 0xA8, 0xA2, 0x8A, 0x12, 0x4E, 0xC5, 0x06, 0x00, 0xA0,
    0x72, 0x12, 0x09, 0xFF, 0x91, 0xC0, 0xCA, 0x11, 0x44, 0xD9, 0x06, 0x00, 0x80, 0xF4, 0x1F, 0x10,
    0x4A, 0x7D, 0xA5, 0x88, 0x22, 0x41, 0xC5, 0x04, 0x00, 0xA8, 0xA4, 0x92, 0x7E, 0x4F, 0x20, 0xF5,
    0x88, 0x22, 0x4A, 0xE5, 0x04, 0x00, 0x80, 0xF4, 0x1F, 0x10, 0x5E, 0x49, 0xE5, 0x09, 0x30, 0x27,
    0x61, 0x04, 0x00, 0x00, 0xE5, 0x9F, 0x12, 0x5A, 0x29, 0xE5, 0x4B, 0x22, 0x5D, 0xA9, 0x04, 0x00,
    0xFC, 0x07, 0x01, 0x1F, 0x7C, 0x10, 0xF5, 0x1F, 0x11, 0x38, 0x1D, 0x07, 0x00, 0x10, 0xF5, 0x1F,
    0x11, 0x5F, 0x45, 0xF5, 0x49, 0x24, 0x5F, 0x91, 0x04, 0x00, 0x48, 0xF5, 0x95, 0x7C, 0x5E, 0x48,
    0xF5, 0x49, 0x2D, 0x41, 0xFD, 0x04, 0x00, 0x78, 0x25, 0xD5, 0x7F, 0x52, 0x78, 0x25, 0x89, 0x27,
    0x53, 0xC1, 0x04, 0x00, 0x90, 0xF2, 0x12, 0x09, 0xFF, 0x29, 0xF1, 0x55, 0x22, 0x49, 0xFD, 0x04,
    0x00, 0x6C, 0x25, 0xD5, 0x7E, 0x56, 0x24, 0x45, 0xC9, 0x20, 0x4C, 0xCD, 0x04, 0x00, 0x7C, 0x55,
    0x55, 0x7D, 0x5F, 0x54, 0xF5, 0x49, 0x25, 0x5F, 0x91, 0x04, 0x00, 0x70, 0x45, 0xC4, 0x7F, 0x45,
    0xFC, 0x15, 0xC9, 0x27, 0x4A, 0xFD, 0x04, 0x00, 0x6C, 0x25, 0xD5, 0x7E, 0x52, 0x7C, 0x95, 0xC8,
    0x27, 0x49, 0xFD, 0x04, 0x00, 0x90, 0xF2, 0x12, 0x09, 0xFF, 0x55, 0xF1, 0x95, 0x22, 0x5F, 0xA5,
    0x04, 0x00, 0x00, 0xE7, 0x83, 0x00, 0xFE, 0x09, 0xE4, 0x9F, 0x00, 0x02, 0x04, 0x00, 0x00, 0x00,
    0xE4, 0x8F, 0x40, 0xFE, 0x89, 0xE2, 0x9F, 0x08, 0x52, 0x34, 0x06, 0x00, 0xFC, 0x27, 0x90, 0x7F,
    0x12, 0xF8, 0xA7, 0x40, 0x7E, 0x05, 0x09, 0x03, 0x00, 0x3C, 0x06, 0xC6, 0x0B, 0xE9, 0xA5, 0xF2,
    0x4A, 0x24, 0x91, 0x04, 0x02, 0x00, 0xFC, 0x07, 0x80, 0x7F, 0x02, 0xF9, 0x67, 0x55, 0x7F, 0x55,
    0x51, 0x05, 0x00, 0xFC, 0x07, 0x80, 0x7F, 0x02, 0xF9, 0x57, 0x55, 0x66, 0x54, 0x69, 0x06, 0x00,
    0xFC, 0x27, 0x90, 0x7F, 0x92, 0xF8, 0x57, 0x52, 0x7F, 0x05, 0xF0, 0x07, 0x00, 0xFC, 0x27, 0x90,
    0x7F, 0x52, 0x78, 0x27, 0x45, 0x77, 0x51, 0x30, 0x01, 0x00, 0x80, 0xE3, 0x01, 0x04, 0xFE, 0x40,
    0xF0, 0x1F, 0x04, 0x10, 0x70, 0x00, 0x00, 0x80, 0x00, 0xC2, 0x7F, 0x20, 0x80, 0x01, 0x03, 0x0B,
    0x23, 0xC0, 0x00, 0x00, 0x10, 0x41, 0xC4, 0x17, 0x44, 0x10, 0xC1, 0xC4, 0x51, 0x44, 0x19, 0x07,
    0x00, 0x88, 0x23, 0xC8, 0x25, 0x92, 0x48, 0x62, 0xC9, 0x44, 0x0A, 0x2D, 0x04, 0x00, 0xE8, 0x27,
    0xC8, 0x21, 0x82, 0x08, 0x62, 0xC8, 0x20, 0x82, 0x8C, 0x03, 0x00, 0xE8, 0x21, 0xC5, 0x15, 0xD2,
    0x49, 0x64, 0xD1, 0x44, 0x0A, 0x2D, 0x03, 0x00, 0x08, 0xA6, 0xC7, 0x09, 0x22, 0x88, 0xB7, 0x83,
    0x08, 0x22, 0x8D, 0x07, 0x00, 0xC8, 0x27, 0xC4, 0x13, 0x42, 0x08, 0x61, 0xC4, 0x10, 0x42, 0xCC,
    0x07, 0x00, 0xC8, 0x27, 0xD1, 0x47, 0x12, 0x49, 0x64, 0xD1, 0x44, 0x12, 0xCD, 0x07, 0x00, 0xE8,
    0x23, 0xCA, 0x29, 0xA2, 0xE8, 0x77, 0x89, 0x24, 0x92, 0xEC, 0x07, 0x00, 0xC8, 0x23, 0xC8, 0x23,
    0x0A, 0xE9, 0x67, 0xC9, 0x24, 0x8A, 0xAC, 0x01, 0x00, 0x08, 0x21, 0xC4, 0x15, 0xD2, 0x49, 0x61,
    0xC5, 0x14, 0x52, 0xEC, 0x07, 0x00, 0xC8, 0x27, 0xC1, 0x05, 0xF2, 0x59, 0x34, 0x95, 0x54, 0xCA,
    0xAC, 0x04, 0x00, 0x08, 0xA1, 0xDF, 0x11, 0x42, 0xE8, 0x67, 0xC4, 0x10, 0xA2, 0x6C, 0x04, 0x00,
    0x28, 0xA1, 0xC4, 0x53, 0xFA, 0x28, 0xE1, 0xC4, 0x52, 0x7A, 0x3D, 0x07, 0x00, 0xE8, 0xA7, 0xC0,
    0x7B, 0x2A, 0xA9, 0xE4, 0xDA, 0x0A, 0x2A, 0x8D, 0x07, 0x00, 0x08, 0x25, 0xD4, 0x7F, 0x42, 0x08,
    0x65, 0xCC, 0x10, 0xA2, 0x6C, 0x04, 0x00, 0xF0, 0x01, 0x04, 0x4C, 0x97, 0xF0, 0x41, 0x89, 0x5E,
    0x11, 0x61, 0x00, 0x00, 0x08, 0x21, 0xDF, 0x11, 0x42, 0xD8, 0x37, 0x91, 0x28, 0x42, 0xCC, 0x06,
    0x00, 0x88, 0x20, 0xC2, 0x2B, 0x22, 0x89, 0x60, 0xC3, 0x40, 0xC2, 0xEC, 0x00, 0x00, 0x08, 0x21,
    0xDF, 0x51, 0x42, 0xE9, 0x37, 0x84, 0x10, 0xA2, 0x6C, 0x04, 0x00, 0xC8, 0x27, 0xD5, 0x55, 0x52,
    0xD9, 0x37, 0x81, 0x04, 0x12, 0x8D, 0x07, 0x00, 0x68, 0xA7, 0xD4, 0x53, 0x4A, 0x29, 0xE5, 0xD4,
    0x5A, 0xDA, 0x0D, 0x01, 0x00, 0xC8, 0x27, 0xC8, 0x13, 0xF2, 0x09, 0x65, 0xD4, 0x30, 0x42, 0x8C,
    0x01, 0x00, 0xE8, 0xA7, 0xCA, 0x2B, 0xAA, 0xA8, 0xE2, 0xCA, 0x2A, 0x2A, 0xAD, 0x04, 0x00, 0xC8,
    0x23, 0xC9, 0x27, 0x92, 0x09, 0x60, 0xCF, 0x24, 0x62, 0x6C, 0x06, 0x00, 0x88, 0x22, 0xCC, 0x25,
    0xA2, 0x08, 0x62, 0xD8, 0x38, 0x9A, 0x0C, 0x02, 0x00, 0x88, 0xA0, 0xDF, 0x01, 0xF2, 0x48, 0x62,
    0xC9, 0x24, 0x8A, 0x2C, 0x06, 0x00, 0x08, 0x26, 0xC7, 0x05, 0xF2, 0x49, 0x62, 0xC9, 0x22, 0x8A,
    0x0C, 0x02, 0x00, 0xC8, 0x27, 0xC4, 0x55, 0xD2, 0x08, 0x61, 0xC4, 0x7C, 0x42, 0x0C, 0x01, 0x00,
    0x08, 0xA1, 0xDF, 0x53, 0x4A, 0xE8, 0xE7, 0xD2, 0x4A, 0xC2, 0xEC, 0x04, 0x00, 0x88, 0x20, 0xD1,
    0x45, 0xF2, 0x09, 0x60, 0xDF, 0x44, 0x12, 0xCD, 0x07, 0x00, 0x48, 0x20, 0xDF, 0x43, 0x72, 0x49,
    0x65, 0xD7, 0x04, 0x12, 0xCD, 0x07, 0x00, 0x08, 0xA6, 0xC7, 0x13, 0xFA, 0x39, 0xB1, 0x8A, 0x26,
    0x02, 0xED, 0x05, 0x00, 0x08, 0xE1, 0xDF, 0x10, 0x42, 0xE8, 0x67, 0xC4, 0x18, 0xD2, 0x2C, 0x05,
    0x00, 0xE8, 0xA7, 0xD4, 0x53, 0xFA, 0x29, 0xE5, 0xD4, 0x7E, 0x42, 0x0C, 0x01, 0x00, 0x08, 0x21,
    0xC4, 0x7F, 0x4A, 0x29, 0xE5, 0xDF, 0x52, 0x4A, 0xED, 0x07, 0x00, 0xC8, 0x27, 0xD1, 0x45, 0xF2,
    0x59, 0x32, 0x9F, 0x24, 0x92, 0xEC, 0x04, 0x00, 0x48, 0xA1, 0xDF, 0x55, 0xFA, 0x49, 0xE1, 0xDF,
    0x54, 0xCA, 0x2D, 0x01, 0x00, 0x88, 0x20, 0xC4, 0x7D, 0x42, 0x08, 0x61, 0xDF, 0x10, 0x42, 0xCC,
    0x07, 0x00, 0x08, 0x26, 0xC7, 0x05, 0xF2, 0x49, 0x62, 0xCD, 0x62, 0x8A, 0x0C, 0x02, 0x00, 0xC8,
    0x23, 0xC9, 0x2D, 0x92, 0xF8, 0xB7, 0x8A, 0x22, 0xFA, 0x0D, 0x02, 0x00, 0x08, 0x21, 0xC4, 0x73,
    0x42, 0x08, 0x61, 0xDF, 0x44, 0x12, 0xCD, 0x07, 0x00, 0x88, 0xA0, 0xDF, 0x01, 0x92, 0x48, 0x62,
    0xC9, 0x14, 0x42, 0xEC, 0x07, 0x00, 0x28, 0xA1, 0xDE, 0x57, 0x4A, 0xA9, 0xB4, 0x9A, 0x0A, 0x26,
    0x8D, 0x07, 0x00, 0x08, 0x21, 0xCD, 0x55, 0x42, 0xC8, 0x67, 0xC4, 0x7E, 0x42, 0x0C, 0x01, 0x00,
    0x08, 0x21, 0xC2, 0x7F, 0x12, 0x49, 0x64, 0xDF, 0x44, 0x12, 0xCD, 0x07, 0x00, 0x88, 0x23, 0xD1,
    0x79, 0x02, 0xC8, 0x67, 0xD2, 0x48, 0xA2, 0x8D, 0x00, 0x00, 0xC8, 0x27, 0xD1, 0x45, 0xF2, 0x09,
    0xB0, 0x9F, 0x48, 0x12, 0x2D, 0x03, 0x00, 0xC8, 0x27, 0xC1, 0x7F, 0x12, 0x49, 0x64, 0xDF, 0x04,
    0x12, 0xCC, 0x07, 0x00, 0xE8, 0x27, 0xC4, 0x11, 0x22, 0xC8, 0xB7, 0x91, 0x45, 0x12, 0xCD, 0x07,
    0x00, 0x48, 0x22, 0xD1, 0x7F, 0x12, 0x48, 0xE2, 0xCA, 0x12, 0xA2, 0x6C, 0x04, 0x00, 0x48, 0x20,
    0xDF, 0x13, 0x52, 0xE8, 0x67, 0xD5, 0x14, 0x12, 0xCD, 0x07, 0x00, 0x48, 0xA1, 0xC4, 0x79, 0x4A,
    0x49, 0xB5, 0x94, 0x49, 0x3E, 0x0D, 0x03, 0x00, 0x48, 0x20, 0xDF, 0x43, 0x72, 0x49, 0x65, 0xD5,
    0x5C, 0x02, 0x0D, 0x03, 0x00, 0x08, 0xA1, 0xD4, 0x53, 0xFA, 0x09, 0x61, 0xC4, 0x52, 0x4A, 0xED,
    0x07, 0x00, 0x08, 0x21, 0xC2, 0x25, 0x7A, 0x09, 0x60, 0xC9, 0x7E, 0x92, 0x2C, 0x02, 0x00, 0xE8,
    0x27, 0xD4, 0x49, 0x92, 0x09, 0x60, 0xDF, 0x44, 0x12, 0xCD, 0x07, 0x00, 0xDC, 0x27, 0xC4, 0x7D,
    0x42, 0xDC, 0x27, 0x84, 0x7C, 0x41, 0x04, 0x01, 0x00, 0xC8, 0x27, 0xC4, 0x11, 0xFA, 0x09, 0x61,
    0xDF, 0x44, 0x12, 0xCD, 0x07, 0x00, 0x08, 0xA5, 0xDF, 0x11, 0x42, 0xE8, 0x63, 0xC9, 0x24, 0x7A,
    0x0D, 0x04, 0x00, 0x08, 0xA1, 0xDF, 0x11, 0xF2, 0x09, 0x60, 0xDF, 0x44, 0x12, 0xCD, 0x07, 0x00,
    0xC8, 0x27, 0xC8, 0x11, 0x7A, 0x89, 0x63, 0xD5, 0x52, 0x22, 0xEC, 0x07, 0x00, 0x48, 0x22, 0xC9,
    0x7F, 0x92, 0x48, 0xE2, 0xDF, 0x00, 0x92, 0x2C, 0x04, 0x00, 0x50, 0x22, 0xD1, 0x7F, 0x48, 0xFC,
    0x27, 0xC9, 0x7F, 0x11, 0x61, 0x00, 0x00, 0x88, 0x23, 0xD1, 0x01, 0xF2, 0x09, 0x61, 0xDF, 0x10,
    0x42, 0xCC, 0x07, 0x00, 0x88, 0xA0, 0xDF, 0x49, 0xA2, 0xE8, 0x67, 0xC2, 0x7C, 0x0A, 0x8D, 0x03,
    0x00, 0x88, 0x24, 0xCA, 0x7D, 0xA2, 0x88, 0x62, 0xDF, 0x28, 0xA2, 0x4C, 0x02, 0x00, 0x08, 0x21,
    0xDF, 0x55, 0xF2, 0x49, 0x65, 0xDF, 0x10, 0x62, 0x6D, 0x06, 0x00, 0x88, 0x23, 0xD1, 0x03, 0xF2,
    0x09, 0x60, 0xDF, 0x44, 0x12, 0xCD, 0x07, 0x00, 0xF0, 0x21, 0x48, 0x5F, 0x44, 0xF8, 0x03, 0xC1,
    0x7F, 0x10, 0x60, 0x00, 0x00, 0x88, 0xA0, 0xDF, 0x09, 0xFA, 0x09, 0xB2, 0x9F, 0x20, 0x8A, 0x4C,
    0x03, 0x00, 0x48, 0x26, 0xC7, 0x45, 0xF2, 0x49, 0x64, 0xDF, 0x44, 0x12, 0xCD, 0x07, 0x00, 0xB0,
    0x77, 0x14, 0x57, 0x27, 0xF1, 0x03, 0xC1, 0x7F, 0x10, 0x60, 0x00, 0x00, 0x88, 0xA0, 0xDF, 0x43,
    0x22, 0xE8, 0x67, 0xC9, 0x24, 0x62, 0x6C, 0x06, 0x00, 0x48, 0x21, 0xD5, 0x37, 0x52, 0x68, 0x73,
    0x95, 0x14, 0x4A, 0x1D, 0x07, 0x00, 0x88, 0xA0, 0xDF, 0x55, 0x8A, 0xC8, 0x63, 0xC8, 0x1C, 0x0A,
    0xED, 0x07, 0x00, 0x88, 0x20, 0xD1, 0x7F, 0x12, 0xE8, 0x67, 0xC4, 0x7E, 0xA2, 0x6C, 0x04, 0x00,
    0xE8, 0x27, 0xD5, 0x5F, 0xD2, 0x48, 0xE5, 0xD7, 0x74, 0x52, 0xAC, 0x01, 0x00, 0x08, 0x21, 0xD5,
    0x55, 0x52, 0xA9, 0x63, 0xC4, 0x7C, 0x42, 0xEC, 0x07, 0x00, 0xE8, 0xA7, 0xC0, 0x7B, 0x0A, 0xE8,
    0x67, 0xC5, 0x54, 0x92, 0xEC, 0x04, 0x00, 0xF8, 0x27, 0xC9, 0x22, 0xFE, 0x49, 0x62, 0xC9, 0x7A,
    0x1A, 0x9C, 0x07, 0x00, 0xC8, 0xA3, 0xC8, 0x7F, 0x4A, 0x29, 0xB5, 0x9F, 0x14, 0x4A, 0x1D, 0x07,
    0x00, 0x08, 0xA1, 0xDF, 0x11, 0x52, 0x59, 0xB5, 0x8E, 0x10, 0xA2, 0x6C, 0x04, 0x00, 0xC8, 0x27,
    0xC4, 0x3D, 0xA2, 0xD8, 0x37, 0x80, 0x7C, 0x12, 0xCD, 0x07, 0x00, 0xE8, 0xA7, 0xD4, 0x53, 0xFA,
    0x39, 0xB5, 0x96, 0x76, 0x4A, 0xED, 0x07, 0x00, 0xC8, 0x27, 0xD1, 0x45, 0xF2, 0x09, 0x61, 0xDD,
    0x14, 0x72, 0x2C, 0x06, 0x00, 0x48, 0xA5, 0xC4, 0x7D, 0x12, 0xC9, 0x67, 0xD1, 0x7C, 0x12, 0x4D,
    0x06, 0x00, 0xC8, 0x27, 0xD1, 0x7D, 0x12, 0xD9, 0x37, 0x84, 0x7C, 0x42, 0xEC, 0x07, 0x00, 0xC8,
    0x27, 0xD1, 0x7D, 0x02, 0xC8, 0x67, 0xD1, 0x7C, 0x12, 0x4D, 0x06, 0x00, 0x08, 0x25, 0xDF, 0x11,
    0xF2, 0x59, 0x35, 0x9F, 0x54, 0xF2, 0x4D, 0x05, 0x00, 0x08, 0xA1, 0xDF, 0x29, 0xFA, 0x49, 0xB1,
    0x9F, 0x11, 0xFA, 0x0D, 0x01, 0x00, 0xC8, 0xA3, 0xD0, 0x7D, 0x42, 0xE8, 0x67, 0xC4, 0x7C, 0x12,
    0xCD, 0x07, 0x00, 0xE8, 0x27, 0xC0, 0x7F, 0x0A, 0xE9, 0xE7, 0xC4, 0x7E, 0xA2, 0x6C, 0x04, 0x00,
    0xE8, 0xA6, 0xD2, 0x6F, 0x2A, 0xE9, 0xE6, 0xD0, 0x42, 0x0A, 0x2D, 0x06, 0x00, 0xC8, 0x27, 0xC9,
    0x7D, 0x92, 0xC8, 0x67, 0xC9, 0x7A, 0x82, 0x8C, 0x07, 0x00, 0x28, 0x25, 0xC9, 0x7F, 0x92, 0xF8,
    0xB7, 0x88, 0x3D, 0x12, 0xCD, 0x07, 0x00, 0xE8, 0x27, 0xC4, 0x7F, 0x52, 0xF9, 0x37, 0x95, 0x7E,
    0x42, 0xEC, 0x07, 0x00, 0x08, 0xA1, 0xDF, 0x51, 0xFA, 0x09, 0xE5, 0xC7, 0x72, 0x7A, 0x1C, 0x06,
    0x00, 0xC8, 0xA3, 0xD0, 0x7D, 0x02, 0xC8, 0x63, 0xC8, 0x10, 0x12, 0xCD, 0x05, 0x00, 0x68, 0xA1,
    0xDC, 0x4B, 0xBA, 0xA9, 0xE2, 0xCA, 0x2A, 0x6A, 0x8D, 0x04, 0x00, 0xE8, 0x27, 0xD0, 0x7D, 0x02,
    0xF8, 0x37, 0x94, 0x7E, 0x4A, 0x2D, 0x05, 0x00, 0xC8, 0xA3, 0xD0, 0x3D, 0x02, 0xE8, 0xE7, 0xD2,
    0x7E, 0x2A, 0xAD, 0x06, 0x00, 0xE8, 0x27, 0xD5, 0x21, 0xFA, 0x29, 0x64, 0xCF, 0x24, 0x62, 0x6C,
    0x06, 0x00, 0x88, 0x20, 0xDE, 0x0B, 0xF2, 0x49, 0x64, 0xDF, 0x44, 0xFA, 0x0D, 0x01, 0x00, 0x48,
    0xF2, 0x5F, 0x51, 0x7C, 0x00, 0xE0, 0x0F, 0x04, 0xFF, 0x41, 0x00, 0x00, 0x48, 0x20, 0xDF, 0x43,
    0x7A, 0xA9, 0xE4, 0xDF, 0x48, 0x2A, 0xED, 0x03, 0x00, 0x88, 0xA2, 0xDB, 0x29, 0xBA, 0x89, 0xE2,
    0xCB, 0x68, 0x92, 0x4C, 0x02, 0x00, 0x88, 0xA0, 0xDF, 0x0B, 0xEA, 0x69, 0xE5, 0xD2, 0x2A, 0xCA,
    0xEC, 0x04, 0x00, 0xE8, 0xA7, 0xD0, 0x7F, 0x4A, 0x68, 0x65, 0xDF, 0x10, 0x4A, 0xED, 0x07, 0x00,
    0xE8, 0xA7, 0xCA, 0x7F, 0x42, 0xE9, 0x67, 0xD4, 0x7E, 0x42, 0x8C, 0x01, 0x00, 0x48, 0xA2, 0xCB,
    0x24, 0xFE, 0x48, 0xB6, 0x8B, 0x24, 0x92, 0xEC, 0x02, 0x00, 0x08, 0xA1, 0xDF, 0x01, 0xF2, 0x49,
    0x64, 0xDF, 0x10, 0x52, 0xAD, 0x05, 0x00, 0xE8, 0x27, 0xD1, 0x29, 0x0A, 0x08, 0xA1, 0xDF, 0x19,
    0x52, 0x2D, 0x05, 0x00, 0xE8, 0xA7, 0xCA, 0x29, 0x9A, 0x09, 0xB1, 0x9F, 0x18, 0xD2, 0x2C, 0x05,
    0x00, 0x14, 0xF5, 0x55, 0x51, 0x5F, 0x55, 0xD4, 0x1B, 0x04, 0xFF, 0x41, 0x00, 0x00, 0x08, 0xA1,
    0xDF, 0x25, 0xFA, 0x89, 0xE0, 0xDF, 0x24, 0x72, 0x2C, 0x06, 0x00, 0x08, 0xE1, 0xDF, 0x54, 0x52,
    0x38, 0x37, 0x80, 0x7E, 0x42, 0xFC, 0x07, 0x00, 0x88, 0x22, 0xDF, 0x25, 0xFA, 0x49, 0x62, 0xDF,
    0x24, 0x92, 0xCC, 0x07, 0x00, 0x88, 0xE0, 0xDF, 0x2C, 0x2A, 0xF9, 0xB7, 0x92, 0x7E, 0x2A, 0x8C,
    0x07, 0x00, 0x48, 0xA2, 0xDF, 0x25, 0x92, 0xE8, 0x67, 0xD1, 0x7C, 0x12, 0xCD, 0x07, 0x00, 0x48,
    0x20, 0xDF, 0x4B, 0x6A, 0x89, 0xE4, 0xDF, 0x4C, 0x6A, 0x8D, 0x06, 0x00, 0x08, 0xE1, 0xDF, 0x52,
    0xDA, 0x29, 0xE5, 0xDF, 0x18, 0x52, 0x2D, 0x05, 0x00, 0xE8, 0x22, 0xDA, 0x3B, 0x12, 0xE9, 0x37,
    0x84, 0x7E, 0xA2, 0x6C, 0x04, 0x00, 0xC8, 0x23, 0xC8, 0x11, 0xFA, 0x49, 0xB5, 0x84, 0x7F, 0x52,
    0x2C, 0x05, 0x00, 0x08, 0xA1, 0xDF, 0x09, 0xFA, 0x49, 0xE5, 0xC4, 0x7C, 0xA2, 0x6C, 0x04, 0x00,
    0x88, 0xA2, 0xDF, 0x29, 0xFA, 0x39, 0xB5, 0x9F, 0x52, 0x4A, 0xED, 0x07, 0x00, 0xC8, 0x27, 0xD1,
    0x7F, 0x12, 0xC9, 0x67, 0xC4, 0x74, 0x72, 0x6C, 0x06, 0x00, 0xE8, 0x27, 0xC4, 0x7F, 0x42, 0x68,
    0xE7, 0xD4, 0x76, 0x4A, 0xED, 0x07, 0x00, 0xC8, 0x27, 0xD1, 0x7D, 0x02, 0xE8, 0x67, 0xD1, 0x7C,
    0x1A, 0x0D, 0x04, 0x00, 0xC8, 0x23, 0xC9, 0x3D, 0x92, 0xC8, 0x67, 0xC1, 0x7E, 0x52, 0xAD, 0x06,
    0x00, 0xC8, 0xA3, 0xC8, 0x7F, 0x2A, 0x69, 0xB7, 0x90, 0x7F, 0xA2, 0x6C, 0x04, 0x00, 0xE8, 0xA7,
    0xD0, 0x7F, 0xAA, 0xE8, 0xE7, 0xC4, 0x7E, 0x42, 0xEC, 0x07, 0x00, 0x48, 0x25, 0xD5, 0x7D, 0x02,
    0xE8, 0x67, 0xC2, 0x7C, 0x52, 0x4D, 0x05, 0x00, 0x48, 0x22, 0xDB, 0x27, 0x92, 0xC8, 0x67, 0xD1,
    0x7C, 0x12, 0xCD, 0x07, 0x00, 0xE8, 0x21, 0xC5, 0x55, 0x7A, 0x49, 0x63, 0xC5, 0x16, 0xB2, 0x4C,
    0x04, 0x00, 0xC8, 0x23, 0xC9, 0x3D, 0x92, 0xC8, 0x67, 0xD1, 0x52, 0x52, 0xCD, 0x06, 0x00, 0xE8,
    0xA7, 0xD4, 0x7F, 0x52, 0xC9, 0x67, 0xD5, 0x54, 0xFA, 0x0D, 0x01, 0x00, 0xE8, 0x27, 0xD5, 0x21,
    0xFA, 0x89, 0xE0, 0xDF, 0x24, 0x72, 0x3C, 0x06, 0x00, 0xC8, 0x23, 0xC9, 0x7F, 0x0A, 0xE9, 0xE7,
    0xD0, 0x7E, 0xA2, 0x6C, 0x04, 0x00, 0x08, 0xA5, 0xDF, 0x55, 0xF2, 0x59, 0x35, 0x88, 0x7E, 0x92,
    0x8C, 0x02, 0x00, 0x48, 0xA2, 0xDF, 0x11, 0xF2, 0x09, 0xB1, 0x9F, 0x28, 0x92, 0xAC, 0x07, 0x00,
    0xE8, 0x27, 0xD5, 0x25, 0x62, 0xE8, 0xE7, 0xCA, 0x3E, 0x22, 0xED, 0x07, 0x00, 0x88, 0xA7, 0xD3,
    0x35, 0x7A, 0x28, 0xB1, 0x9F, 0x10, 0x4A, 0xED, 0x07, 0x00, 0x88, 0xA0, 0xCF, 0x23, 0xFA, 0x28,
    0xE2, 0xDF, 0x48, 0x2A, 0xED, 0x03, 0x00, 0x08, 0xA1, 0xDD, 0x53, 0xDA, 0x29, 0xE5, 0xDF, 0x24,
    0x62, 0x6C, 0x06, 0x00, 0x08, 0xA1, 0xDF, 0x25, 0xF2, 0x08, 0xE0, 0xDF, 0x52, 0x7A, 0x2D, 0x06,
    0x00, 0x08, 0xA1, 0xDF, 0x13, 0xFA, 0x39, 0xB5, 0x9F, 0x2A, 0xAA, 0x9C, 0x03, 0x00, 0x28, 0xA7,
    0xD7, 0x53, 0x5A, 0x29, 0xE1, 0xDF, 0x52, 0xDA, 0xAC, 0x04, 0x00, 0x88, 0xA2, 0xDF, 0x29, 0x12,
    0xA9, 0x67, 0xC0, 0x7C, 0x12, 0xCD, 0x07, 0x00, 0x88, 0x23, 0xD1, 0x7F, 0x12, 0xC9, 0x67, 0xC1,
    0x7C, 0x1A, 0xCD, 0x07, 0x00, 0x48, 0xA2, 0xDF, 0x25, 0x62, 0x48, 0xE2, 0xD2, 0x3C, 0x22, 0xAC,
    0x06, 0x00, 0x88, 0xE0, 0xDF, 0x54, 0xCE, 0x88, 0x60, 0xDF, 0x0A, 0xE2, 0x8D, 0x00, 0x00, 0xE8,
    0xA7, 0xD4, 0x7F, 0x4A, 0xE9, 0xE5, 0xDC, 0x5E, 0x8A, 0xED, 0x07, 0x00, 0xE8, 0xA7, 0xD0, 0x7F,
    0xAA, 0xE8, 0xE7, 0xCA, 0x7E, 0xA6, 0x4C, 0x02, 0x00, 0x08, 0xA1, 0xDF, 0x2B, 0x52, 0xA9, 0x62,
    0xD5, 0x10, 0xFA, 0x0D, 0x01, 0x00, 0x08, 0xA1, 0xDF, 0x25, 0x92, 0xE8, 0xE7, 0xD4, 0x7E, 0x2A,
    0xAD, 0x07, 0x00, 0x08, 0x21, 0xDF, 0x55, 0xFA, 0x48, 0x65, 0xDF, 0x44, 0xE2, 0x6C, 0x04, 0x00,
    0xA8, 0xA4, 0xDF, 0x25, 0xFA, 0x29, 0xE1, 0xDF, 0x12, 0x4A, 0xEC, 0x07, 0x00, 0x80, 0xF0, 0x5F,
    0x22, 0xFF, 0x55, 0xB2, 0x57, 0x08, 0xFD, 0x85, 0x00, 0x00, 0x10, 0xF1, 0x8F, 0x2A, 0x7F, 0x91,
    0xE4, 0x0F, 0x04, 0xFF, 0x41, 0x00, 0x00, 0xE8, 0x27, 0xCA, 0x7D, 0x12, 0xC9, 0x67, 0xD1, 0x7E,
    0xA2, 0x6C, 0x04, 0x00, 0xFC, 0x87, 0x82, 0x3F, 0x82, 0xFC, 0x27, 0x49, 0x5F, 0x10, 0x60, 0x00,
    0x00, 0xE8, 0xA6, 0xD6, 0x6D, 0x2A, 0xC9, 0x67, 0xD1, 0x7C, 0x12, 0xCD, 0x07, 0x00, 0x28, 0xA2,
    0xDA, 0x4A, 0x4A, 0xF9, 0xA5, 0xCA, 0x2F, 0x6A, 0xAD, 0x04, 0x00, 0x48, 0x25, 0xD5, 0x2B, 0x22,
    0xE9, 0x67, 0xD2, 0x7E, 0x22, 0x6D, 0x06, 0x00, 0x48, 0xA5, 0xDF, 0x2B, 0xA2, 0xE8, 0x67, 0xC9,
    0x7E, 0xA2, 0x6C, 0x03, 0x00, 0x28, 0xE1, 0xDF, 0x52, 0x7E, 0xA9, 0xB4, 0x8B, 0x2A, 0x7A, 0xAD,
    0x04, 0x00, 0x88, 0xA0, 0xDF, 0x25, 0xFA, 0x49, 0xE2, 0xDF, 0x18, 0x52, 0x2D, 0x07, 0x00, 0x28,
    0xA7, 0xC7, 0x13, 0xFA, 0x29, 0xE5, 0xD7, 0x40, 0x52, 0x2D, 0x05, 0x00, 0xE8, 0xA2, 0xDE, 0x2D,
    0xA2, 0x48, 0xB5, 0x94, 0x00, 0xAA, 0x4C, 0x05, 0x00, 0x08, 0xA1, 0xDF, 0x25, 0x92, 0xE8, 0x67,
    0xD5, 0x7C, 0x42, 0xEC, 0x07, 0x00, 0x48, 0xE1, 0xDF, 0x44, 0x4A, 0xF9, 0xB5, 0x8A, 0x2E, 0x6A,
    0xAD, 0x04, 0x00, 0xE8, 0x22, 0xDA, 0x3B, 0x12, 0xE9, 0xE7, 0xD4, 0x6E, 0xE2, 0x6C, 0x04, 0x00,
    0x08, 0xE1, 0xDF, 0x2A, 0xF2, 0x69, 0x64, 0xDF, 0x10, 0x52, 0xAD, 0x05, 0x00, 0x48, 0xA0, 0xDF,
    0x55, 0xFA, 0x49, 0xB5, 0x9F, 0x00, 0x52, 0x2D, 0x05, 0x00, 0xC8, 0x23, 0xC2, 0x7F, 0x22, 0xE8,
    0x67, 0xC9, 0x7E, 0x92, 0xCC, 0x06, 0x00, 0xE8, 0x27, 0xD5, 0x11, 0xFA, 0x49, 0xE3, 0xD4, 0x7E,
    0x4A, 0xED, 0x07, 0x00, 0xE8, 0xA7, 0xD0, 0x7F, 0x0A, 0xE9, 0xB7, 0x94, 0x5E, 0xCA, 0xFC, 0x05,
    0x00, 0xE8, 0x26, 0xD2, 0x6F, 0x8A, 0xE8, 0x67, 0xCA, 0x7E, 0xA2, 0x6C, 0x04, 0x00, 0x48, 0xA5,
    0xDF, 0x25, 0x92, 0xE8, 0x67, 0xC4, 0x7E, 0xA2, 0x6C, 0x04, 0x00, 0x48, 0xA2, 0xDE, 0x55, 0xE2,
    0x69, 0x62, 0xDF, 0x24, 0x3A, 0x1C, 0x07, 0x00, 0x08, 0xA5, 0xDF, 0x13, 0x7A, 0xA9, 0xB2, 0x97,
    0x12, 0x16, 0xCD, 0x05, 0x00, 0xC8, 0xA3, 0xD0, 0x7D, 0x02, 0xC8, 0x67, 0xD5, 0x7C, 0xA2, 0x6C,
    0x05, 0x00, 0x88, 0xE0, 0xDF, 0x12, 0xF6, 0xA9, 0x72, 0x9E, 0x2F, 0xB2, 0xAC, 0x07, 0x00, 0xE8,
    0x27, 0xC4, 0x7F, 0x4A, 0x69, 0x67, 0xC4, 0x7E, 0x4A, 0xED, 0x07, 0x00, 0x88, 0xA1, 0xDF, 0x2B,
    0xEA, 0xA9, 0xE2, 0xDF, 0x52, 0x26, 0x6D, 0x02, 0x00, 0x08, 0xA1, 0xDF, 0x4B, 0xEA, 0x29, 0xE4,
    0xDF, 0x24, 0x92, 0xEC, 0x07, 0x00, 0xE8, 0x27, 0xD5, 0x55, 0xFA, 0x49, 0xB2, 0x9F, 0x10, 0xFA,
    0x0D, 0x01, 0x00, 0xD0, 0xF3, 0x89, 0x7A, 0x9E, 0xA8, 0xF1, 0x1B, 0x04, 0xFF, 0x41, 0x00, 0x00,
    0x48, 0xA5, 0xDF, 0x2B, 0xA2, 0xE8, 0xE7, 0xD4, 0x7E, 0x4A, 0xED, 0x07, 0x00, 0xC8, 0x23, 0xC9,
    0x7F, 0x6A, 0xE9, 0x77, 0x84, 0x7E, 0xD2, 0x2C, 0x05, 0x00, 0x7C, 0xA1, 0xDC, 0x4F, 0x51, 0x51,
    0xF3, 0x12, 0x04, 0xFF, 0x41, 0x00, 0x00, 0xC8, 0xA3, 0xD0, 0x7F, 0x52, 0xE9, 0x67, 0xC2, 0x7E,
    0x2A, 0xAD, 0x05, 0x00, 0xC8, 0xA3, 0xC8, 0x7F, 0xAA, 0x68, 0xB7, 0x80, 0x7D, 0x12, 0xCD, 0x07,
    0x00, 0x3C, 0x91, 0xDF, 0x2B, 0xF9, 0x1D, 0xD1, 0x0F, 0x04, 0xFF, 0x41, 0x00, 0x00, 0x88, 0x23,
    0xC2, 0x7F, 0x2A, 0xA9, 0xE3, 0xD5, 0x38, 0x5A, 0x8D, 0x05, 0x00, 0x08, 0xA1, 0xDF, 0x55, 0x52,
    0xA9, 0x73, 0x91, 0x7C, 0x12, 0x6D, 0x04, 0x00, 0x88, 0xE0, 0xDF, 0x55, 0x4A, 0xD8, 0x36, 0x80,
    0x7F, 0xA2, 0xDC, 0x04, 0x00, 0xA8, 0xA7, 0xD3, 0x23, 0xFA, 0x59, 0xE5, 0xC7, 0x74, 0x5A, 0xDC,
    0x07, 0x00, 0x88, 0xA0, 0xDF, 0x25, 0x2A, 0x89, 0xE2, 0xDF, 0x54, 0xFA, 0x0D, 0x01, 0x00, 0xE8,
    0xA6, 0xD2, 0x6F, 0x6A, 0xE9, 0xE6, 0xD4, 0x7E, 0x2A, 0xAD, 0x07, 0x00, 0xC8, 0xA7, 0xD4, 0x5F,
    0xDA, 0xA8, 0xE5, 0xD4, 0x5E, 0xD2, 0xAC, 0x01, 0x00, 0x08, 0xA1, 0xDF, 0x2B, 0xFA, 0xA9, 0xB2,
    0x9F, 0x55, 0xF2, 0x6D, 0x04, 0x00, 0xE8, 0x27, 0xD5, 0x7F, 0x52, 0x28, 0xE7, 0xC7, 0x72, 0x7A,
    0x2C, 0x07, 0x00, 0x48, 0xA2, 0xDF, 0x55, 0x7A, 0x59, 0xB5, 0x8F, 0x2A, 0x5A, 0x95, 0x04, 0x00,
    0xE8, 0x27, 0xC9, 0x3D, 0x92, 0xF8, 0xB7, 0x94, 0x25, 0x62, 0x6C, 0x06, 0x00, 0x50, 0xF1, 0x9E,
    0x35, 0x6D, 0x51, 0xF1, 0x9F, 0x24, 0x7D, 0x41, 0x00, 0x00, 0x48, 0xA2, 0xDF, 0x25, 0x6A, 0x49,
    0xE5, 0xDF, 0x54, 0xFA, 0x0D, 0x01, 0x00, 0x48, 0xA7, 0xC7, 0x73, 0x3A, 0x09, 0xE7, 0xC7, 0x72,
    0x7A, 0x2C, 0x07, 0x00, 0x68, 0xA7, 0xD4, 0x77, 0x4A, 0xE9, 0xE7, 0xD2, 0x7A, 0x6A, 0x6D, 0x05,
    0x00, 0x08, 0xA1, 0xDF, 0x55, 0xFA, 0x89, 0xF2, 0x9F, 0x54, 0x9A, 0xCC, 0x05, 0x00, 0xC8, 0xA3,
    0xC8, 0x7F, 0x4A, 0xE8, 0xE7, 0xD2, 0x7E, 0x52, 0x2C, 0x07, 0x00, 0x28, 0xA5, 0xDF, 0x25, 0xFA,
    0x49, 0xE2, 0xDF, 0x4A, 0xEA, 0x2D, 0x04, 0x00, 0xE8, 0x27, 0xC9, 0x3D, 0x92, 0xE8, 0x67, 0xD5,
    0x54, 0xFA, 0x0D, 0x05, 0x00, 0xE8, 0x52, 0x94, 0x2E, 0x45, 0xE9, 0xE2, 0x0F, 0x04, 0xFF, 0x41,
    0x00, 0x00, 0x88, 0xE2, 0xDF, 0x2A, 0xFA, 0x99, 0xB2, 0x9F, 0x2C, 0xAA, 0x9C, 0x07, 0x00, 0xB8,
    0x26, 0xD5, 0x7F, 0x8A, 0xE8, 0xE3, 0xC8, 0x3E, 0x52, 0x3D, 0x07, 0x00, 0xE8, 0xA6, 0xD2, 0x6F,
    0x2A, 0xE9, 0x67, 0xC9, 0x7E, 0x62, 0x6C, 0x06, 0x00, 0xE8, 0xA1, 0xDC, 0x0F, 0xAA, 0xE9, 0xE3,
    0xC8, 0x3E, 0x52, 0x6D, 0x07, 0x00, 0x40, 0xF0, 0x1F, 0x04, 0x10, 0xF8, 0x23, 0x08, 0x11, 0x38,
    0x1C, 0x07, 0x00, 0x50, 0x50, 0x5F, 0x25, 0x8D, 0x94, 0x52, 0xCA, 0x11, 0x65, 0x70, 0x06, 0x00,
    0x40, 0x70, 0x1F, 0x25, 0x8C, 0x9C, 0x12, 0x4A, 0x11, 0x67, 0x60, 0x06, 0x00, 0x40, 0x70, 0x9F,
    0x24, 0x8A, 0xA8, 0x22, 0x8A, 0x10, 0x67, 0x60, 0x06, 0x00, 0x88, 0xF0, 0x9F, 0x24, 0x82, 0xB8,
    0x92, 0x4A, 0x12, 0x68, 0x58, 0x06, 0x00, 0x80, 0xF0, 0x1F, 0x25, 0x84, 0x94, 0xD2, 0x4A, 0x11,
    0x65, 0x7C, 0x06, 0x00, 0x48, 0x20, 0xDF, 0x27, 0x8A, 0x88, 0xF2, 0x4A, 0x12, 0x69, 0x7C, 0x06,
    0x00, 0x10, 0xF1, 0x9D, 0x42, 0x51, 0x01, 0xA5, 0x08, 0x21, 0x4A, 0xC5, 0x04, 0x00, 0x08, 0xE1,
    0x5F, 0x48, 0x5F, 0x55, 0xF5, 0x4B, 0x25, 0x5F, 0xA1, 0x04, 0x00, 0x50, 0x41, 0xDD, 0x4F, 0x44,
    0x55, 0xD5, 0x08, 0x21, 0x56, 0x95, 0x04, 0x00, 0x10, 0xF1, 0x1D, 0x49, 0x5F, 0x11, 0xF5, 0x89,
    0x24, 0x51, 0xB5, 0x04, 0x00, 0xBC, 0x90, 0xDE, 0x27, 0x89, 0xA4, 0xF2, 0x0A, 0x10, 0x65, 0x64,
    0x06, 0x00, 0x78, 0x11, 0xDC, 0x4F, 0x44, 0x7D, 0x45, 0x48, 0x25, 0x55, 0x99, 0x04, 0x00, 0x90,
    0xF0, 0x1F, 0x49, 0x5F, 0x49, 0x95, 0xC8, 0x2F, 0x44, 0xD9, 0x04, 0x00, 0x10, 0x61, 0x5D, 0x45,
    0x44, 0xFD, 0x55, 0xCA, 0x2D, 0x77, 0x95, 0x04, 0x00, 0x10, 0x61, 0x5D, 0x45, 0x44, 0xFD, 0x95,
    0xCA, 0x2B, 0x61, 0xC5, 0x04, 0x00, 0xFC, 0x40, 0xDE, 0x27, 0x89, 0xBC, 0x92, 0x4A, 0x12, 0x6F,
    0x60, 0x06, 0x00, 0x28, 0xF1, 0x9D, 0x4A, 0x7F, 0x45, 0xF5, 0x49, 0x24, 0x5F, 0xC5, 0x04, 0x00,
    0x10, 0xF1, 0x9F, 0x44, 0x5E, 0x21, 0x45, 0xC8, 0x27, 0x44, 0xD9, 0x04, 0x00, 0x28, 0xF1, 0x9D,
    0x4A, 0x5E, 0x45, 0x75, 0x49, 0x25, 0x57, 0xE1, 0x04, 0x00, 0x10, 0xF1, 0x9D, 0x12, 0x4E, 0x80,
    0xF7, 0x53, 0x55, 0xD7, 0xE4, 0x04, 0x00, 0x10, 0xF1, 0x1F, 0x49, 0x9F, 0xD4, 0xE5, 0x01, 0x7D,
    0x12, 0xFC, 0x07, 0x00, 0x10, 0xF1, 0x9F, 0x54, 0x12, 0xFD, 0x55, 0xCA, 0x2F, 0x69, 0xBD, 0x04,
    0x00, 0x7C, 0x41, 0xDC, 0x4F, 0x55, 0x7D, 0x55, 0xC9, 0x2F, 0x4A, 0xB5, 0x04, 0x00, 0x10, 0xF1,
    0x5D, 0x45, 0x7F, 0x55, 0xF5, 0x89, 0x24, 0x4C, 0xCD, 0x04, 0x00, 0x78, 0x11, 0xDC, 0x4F, 0x40,
    0xFD, 0x55, 0xCA, 0x2F, 0x4A, 0xD5, 0x04, 0x00, 0xB4, 0x40, 0xDE, 0x4F, 0x55, 0x7D, 0x53, 0xD2,
    0x7F, 0x2A, 0x9C, 0x07, 0x00, 0x40, 0x00, 0xC1, 0x7F, 0x44, 0x10, 0x81, 0x02, 0x04, 0x28, 0x1C,
    0x07, 0x00, 0xA0, 0xF0, 0x1E, 0x0A, 0xEE, 0xA0, 0xF0, 0x1F, 0x11, 0x3C, 0x0C, 0x07, 0x00, 0x5C,
    0x27, 0x89, 0x2E, 0xA2, 0xBC, 0x27, 0x89, 0x24, 0xAA, 0x3C, 0x07, 0x00, 0x10, 0x81, 0x04, 0x10,
    0x42, 0x10, 0x01, 0x1C, 0x1E, 0x47, 0x00, 0x01, 0x00, 0x90, 0x52, 0x4C, 0x25, 0xA4, 0x3C, 0x42,
    0x98, 0x39, 0x9D, 0x10, 0x02, 0x00, 0x98, 0x92, 0x0C, 0x20, 0x97, 0x88, 0xF2, 0x98, 0x38, 0x9B,
    0x08, 0x02, 0x00, 0x48, 0xF5, 0x99, 0x4C, 0x5E, 0x49, 0xF4, 0x59, 0x5D, 0x01, 0xFD, 0x04, 0x00,
    0x88, 0xF1, 0x89, 0x48, 0x8F, 0x64, 0xF2, 0x4A, 0x62, 0xEF, 0x08, 0x02, 0x00, 0x00, 0xE3, 0x83,
    0x00, 0x02, 0xF8, 0x27, 0x42, 0x08, 0x21, 0x80, 0x00, 0x00, 0x80, 0xE3, 0x81, 0x00, 0xFE, 0x89,
    0xA0, 0x43, 0x18, 0xA1, 0x81, 0x00, 0x00, 0xB0, 0x31, 0x19, 0x1B, 0x83, 0xF9, 0x23, 0x80, 0x7F,
    0x21, 0x84, 0x00, 0x00, 0x3C, 0x26, 0x87, 0x04, 0xF1, 0x5D, 0x52, 0x49, 0x23, 0x85, 0x1C, 0x02,
    0x00, 0x10, 0xF6, 0x47, 0x09, 0xFF, 0x95, 0xF2, 0x0B, 0x29, 0xBF, 0x10, 0x02, 0x00, 0xA8, 0xF7,
    0x83, 0x0A, 0xEE, 0xA9, 0xF4, 0x13, 0x48, 0x2A, 0x45, 0x04, 0x00, 0x90, 0xF7, 0x83, 0x0A, 0xEA,
    0xFD, 0x42, 0xCA, 0x2B, 0x96, 0x54, 0x02, 0x00, 0xAC, 0x57, 0xC3, 0x0A, 0xF5, 0xBD, 0x52, 0xCB,
    0x2A, 0x95, 0x7C, 0x02, 0x00, 0x40, 0xF0, 0x1F, 0x02, 0x08, 0xE0, 0x43, 0x08, 0x21, 0x82, 0x84,
    0x01, 0x00, 0x88, 0xF3, 0x91, 0x00, 0x62, 0x38, 0x96, 0x40, 0x02, 0x68, 0x18, 0x06, 0x00, 0x48,
    0xF0, 0x9F, 0x12, 0xD2, 0xF9, 0x55, 0x55, 0x15, 0x14, 0xCD, 0x07, 0x00, 0x40, 0xF0, 0x1F, 0x11,
    0x44, 0xFC, 0x17, 0xD1, 0x7F, 0x88, 0x98, 0x01, 0x00, 0x88, 0xF0, 0x9F, 0x14, 0x42, 0xB9, 0x95,
    0x4B, 0x2A, 0x28, 0x99, 0x05, 0x00, 0x48, 0xF0, 0x9F, 0x02, 0xF2, 0xB9, 0x94, 0x4E, 0x0A, 0x38,
    0x18, 0x07, 0x00, 0x48, 0xF0, 0x9F, 0x12, 0x52, 0xD8, 0xD7, 0x44, 0x7D, 0x44, 0xEC, 0x07, 0x00,
    0x48, 0x70, 0x9F, 0x02, 0xF2, 0x59, 0x54, 0x47, 0x75, 0x54, 0x2C, 0x07, 0x00, 0x48, 0xF0, 0x9F,
    0x08, 0xF2, 0x39, 0x91, 0x5F, 0x12, 0xA8, 0x58, 0x04, 0x00, 0x48, 0x70, 0x9F, 0x12, 0xF2, 0x99,
    0x52, 0x5F, 0x55, 0x74, 0x0D, 0x06, 0x00, 0x48, 0xF0, 0x9F, 0x24, 0xF2, 0x58, 0xD2, 0x5F, 0x01,
    0xA4, 0x58, 0x04, 0x00, 0xBC, 0x97, 0xCA, 0x2B, 0xA9, 0xFC, 0x17, 0x48, 0x31, 0xAB, 0x44, 0x06,
    0x00, 0xF8, 0x23, 0x88, 0x20, 0x82, 0xF8, 0x23, 0x88, 0x20, 0x82, 0xF8, 0x03, 0x00, 0xF8, 0x23,
    0x88, 0x20, 0xFE, 0x08, 0x22, 0x88, 0x3F, 0x00, 0xFC, 0x07, 0x00, 0x08, 0xE7, 0x83, 0x40, 0xFE,
    0x11, 0xC2, 0x0F, 0x21, 0x84, 0xF0, 0x03, 0x00, 0xF8, 0x23, 0x88, 0x3F, 0x82, 0xF8, 0x03, 0xC1,
    0x7F, 0x10, 0x40, 0x00, 0x00, 0x10, 0xC0, 0x9F, 0x40, 0x3E, 0x95, 0xD4, 0x13, 0x49, 0x3C, 0x01,
    0x03, 0x00, 0x88, 0x27, 0xD2, 0x7B, 0x2A, 0xA9, 0xA4, 0x9E, 0x02, 0x09, 0xE5, 0x07, 0x00, 0xF8,
    0x23, 0x88, 0x3F, 0x82, 0xFC, 0x07, 0xC1, 0x7F, 0x10, 0x40, 0x00, 0x00, 0xE0, 0x77, 0x44, 0x11,
    0x45, 0xDC, 0x57, 0x44, 0x11, 0x47, 0xE0, 0x07, 0x00, 0x40, 0x70, 0x5F, 0x43, 0x75, 0x1D, 0x54,
    0x57, 0x41, 0x07, 0x01, 0x03, 0x00, 0xF8, 0x23, 0x88, 0x3F, 0x82, 0xFC, 0x17, 0x51, 0x47, 0xD3,
    0x41, 0x00, 0x00, 0xF8, 0x23, 0x88, 0x3F, 0x82, 0xF8, 0x23, 0x82, 0x3B, 0x22, 0xBD, 0x07, 0x00,
    0xF8, 0x23, 0x88, 0x3F, 0x82, 0xFC, 0x17, 0xD0, 0x7F, 0x01, 0xFD, 0x07, 0x00, 0xDC, 0x57, 0x51,
    0x7D, 0x17, 0x55, 0x54, 0xDF, 0x45, 0x10, 0x21, 0x06, 0x00, 0xF8, 0x23, 0x82, 0x7F, 0x42, 0xFC,
    0x27, 0x88, 0x3F, 0x82, 0xF8, 0x03, 0x00, 0xF8, 0x21, 0x84, 0x1F, 0x42, 0xF8, 0x41, 0xC0, 0x7F,
    0x12, 0x25, 0x03, 0x00, 0x20, 0xE1, 0x1F, 0x12, 0x48, 0xFC, 0x47, 0x08, 0x3F, 0x84, 0xF0, 0x03,
    0x00, 0xF8, 0x23, 0x88, 0x3F, 0x82, 0xF8, 0x13, 0x81, 0x3F, 0x10, 0xFC, 0x07, 0x00, 0x00, 0x71,
    0x5F, 0x55, 0x55, 0x5D, 0xD5, 0x5F, 0x11, 0xA7, 0x60, 0x04, 0x00, 0xF8, 0x03, 0x81, 0x3F, 0x28,
    0xFC, 0x47, 0x84, 0x3F, 0x45, 0xF1, 0x01, 0x00, 0x00, 0x71, 0x5F, 0x11, 0x45, 0xFC, 0x57, 0x44,
    0x19, 0xD7, 0x20, 0x05, 0x00, 0x40, 0x70, 0x5F, 0x0B, 0xE5, 0x9D, 0x50, 0x42, 0x79, 0x27, 0x80,
    0x00, 0x00, 0xE0, 0x77, 0x54, 0x49, 0x95, 0x1D, 0x50, 0x5F, 0x45, 0x17, 0xC1, 0x07, 0x00, 0xF8,
    0x23, 0x88, 0x3F, 0x82, 0xFC, 0x07, 0x81, 0x3C, 0x16, 0xE4, 0x07, 0x00, 0x00, 0x71, 0x5F, 0x11,
    0xFD, 0x1D, 0xD4, 0x5F, 0x41, 0x17, 0x81, 0x06, 0x00, 0xF8, 0x23, 0x88, 0x3F, 0x82, 0xF8, 0x43,
    0xC5, 0x7F, 0x24, 0x8C, 0x07, 0x00, 0xFC, 0x87, 0x08, 0x11, 0xAA, 0xFC, 0x27, 0x88, 0x3F, 0x82,
    0xF8, 0x03, 0x00, 0x80, 0x70, 0x5F, 0x45, 0x75, 0x5D, 0x55, 0x55, 0x5D, 0x17, 0x41, 0x06, 0x00,
    0xF8, 0x23, 0x88, 0x3F, 0x82, 0x20, 0xF0, 0x5F, 0x51, 0x38, 0x1C, 0x07, 0x00, 0xF0, 0x37, 0x45,
    0x7F, 0x55, 0x5D, 0x55, 0x55, 0x73, 0x07, 0xF1, 0x07, 0x00, 0x80, 0x73, 0x49, 0x7F, 0x55, 0x5D,
    0x55, 0x5F, 0x29, 0x97, 0x20, 0x06, 0x00, 0x40, 0xE0, 0x0F, 0x24, 0xFF, 0x41, 0xF2, 0x1F, 0x11,
    0x44, 0xFC, 0x07, 0x00, 0xC0, 0x77, 0x44, 0x3D, 0xA5, 0xFC, 0x57, 0x40, 0x7D, 0x17, 0xC1, 0x07,
    0x00, 0x40, 0x70, 0x5F, 0x03, 0xF5, 0x5D, 0xD5, 0x5F, 0x55, 0xF7, 0x01, 0x02, 0x00, 0xF8, 0x23,
    0x88, 0x3F, 0x82, 0xF8, 0x27, 0xC0, 0x7F, 0xA5, 0x38, 0x07, 0x00, 0x10, 0xF1, 0x9F, 0x2A, 0x28,
    0xFC, 0x27, 0x88, 0x3F, 0x82, 0xF8, 0x03, 0x00, 0xF8, 0x23, 0x88, 0x3F, 0x82, 0xFC, 0x47, 0x04,
    0x1F, 0x92, 0x64, 0x04, 0x00, 0x40, 0x77, 0x45, 0x1F, 0xD5, 0x5D, 0xD5, 0x55, 0x5D, 0x57, 0x41,
    0x04, 0x00, 0x00, 0xF1, 0x5F, 0x11, 0xF5, 0x1D, 0xD1, 0x5F, 0x45, 0xF7, 0x41, 0x04, 0x00, 0xF0,
    0x41, 0x04, 0x1F, 0x44, 0xFC, 0x97, 0xD2, 0x7B, 0x29, 0xBD, 0x07, 0x00, 0xB8, 0x57, 0xD2, 0x4F,
    0x24, 0xF9, 0x57, 0x08, 0x3F, 0x84, 0xF0, 0x03, 0x00, 0xF0, 0x77, 0x51, 0x75, 0x1D, 0x1C, 0xD7,
    0x53, 0x51, 0xDF, 0x90, 0x04, 0x00, 0xF8, 0x23, 0xC8, 0x7F, 0x55, 0xF5, 0x45, 0x05, 0x15, 0xFF,
    0x41, 0x00, 0x00, 0xF0, 0x77, 0x50, 0x7F, 0x55, 0xDD, 0x57, 0x55, 0x55, 0xFF, 0x01, 0x01, 0x00,
    0xF8, 0x23, 0x88, 0x7F, 0x48, 0xFC, 0x47, 0x88, 0x3F, 0x85, 0xF0, 0x03, 0x00, 0xE0, 0x77, 0x55,
    0x21, 0xFD, 0x9D, 0xD0, 0x5F, 0x25, 0xE7, 0x60, 0x04, 0x00, 0x00, 0xF1, 0x5F, 0x29, 0xA5, 0xFC,
    0x57, 0x51, 0x7D, 0x17, 0xC1, 0x07, 0x00, 0xD0, 0xF3, 0x49, 0x3D, 0x9F, 0xD4, 0x57, 0xC1, 0x7F,
    0x54, 0xB1, 0x06, 0x00, 0xBC, 0x97, 0xCA, 0x7B, 0x51, 0xFC, 0x27, 0x88, 0x3F, 0x82, 0xFC, 0x07,
    0x00, 0xA0, 0xF7, 0x83, 0x7A, 0xAA, 0xFC, 0x23, 0x88, 0x3F, 0x82, 0xF8, 0x03, 0x00, 0xFC, 0x87,
    0x82, 0x3F, 0x82, 0xFC, 0x47, 0x84, 0x3F, 0x45, 0xF1, 0x01, 0x00, 0xF8, 0x23, 0xC8, 0x7F, 0x44,
    0xFC, 0x27, 0x49, 0x55, 0x92, 0x64, 0x04, 0x00, 0xE4, 0xA7, 0x50, 0x7E, 0x92, 0xC0, 0xB7, 0x89,
    0x7C, 0x06, 0xE4, 0x07, 0x00, 0xFC, 0x97, 0xC4, 0x7F, 0x55, 0xFD, 0x53, 0x48, 0x3F, 0x85, 0xF0,
    0x03, 0x00, 0x80, 0xF0, 0x5F, 0x25, 0xFD, 0x5D, 0xD2, 0x5F, 0x19, 0x57, 0x31, 0x07, 0x00, 0xE0,
    0x77, 0x55, 0x21, 0xFD, 0x5D, 0xD5, 0x4E, 0x65, 0x67, 0x60, 0x06, 0x00, 0xF0, 0x77, 0x55, 0x7F,
    0xA5, 0xFC, 0x57, 0x51, 0x7F, 0x17, 0xC1, 0x07, 0x00, 0xC0, 0x77, 0x51, 0x7F, 0xA5, 0xFC, 0x57,
    0x49, 0x5B, 0xD7, 0xA0, 0x05, 0x00, 0x00, 0xF1, 0x5F, 0x29, 0xFD, 0x9D, 0xD2, 0x5F, 0x55, 0xF7,
    0x30, 0x04, 0x00, 0x40, 0xF2, 0x5F, 0x11, 0xF5, 0x1D, 0xD1, 0x5D, 0x5D, 0xA7, 0xE0, 0x05, 0x00,
    0xF8, 0x27, 0x90, 0x40, 0x3E, 0x09, 0x24, 0x90, 0x40, 0xFE, 0x09, 0x04, 0x00, 0xA0, 0x80, 0xC2,
    0x7F, 0x29, 0xA5, 0xF4, 0x5F, 0x4A, 0x29, 0xFD, 0x07, 0x00, 0x40, 0xE0, 0x8F, 0x24, 0xFE, 0x48,
    0xE2, 0x0F, 0x14, 0x20, 0x7D, 0x07, 0x00, 0xFC, 0x07, 0x81, 0x3F, 0x92, 0xF8, 0x23, 0x89, 0x3F,
    0x14, 0xBC, 0x07, 0x00, 0xF8, 0x23, 0x88, 0x3F, 0x82, 0xF8, 0x43, 0x80, 0x7F, 0x13, 0xB9, 0x06,
    0x00, 0xF8, 0x03, 0xC9, 0x7F, 0x90, 0xF8, 0x03, 0xC1, 0x7F, 0x82, 0xF8, 0x03, 0x00, 0xA0, 0xF0,
    0x9F, 0x2A, 0xFE, 0xA8, 0xE2, 0x0F, 0x11, 0x44, 0xF0, 0x01, 0x00, 0xF8, 0x23, 0x88, 0x20, 0xFF,
    0x55, 0xF5, 0x1F, 0x11, 0x38, 0x1C, 0x07, 0x00, 0xD0, 0x21, 0xC8, 0x7F, 0x55, 0x45, 0xF4, 0x9F,
    0x20, 0x82, 0xF8, 0x03, 0x00, 0x10, 0xF1, 0x1E, 0x11, 0xFF, 0xA9, 0x52, 0x14, 0x1F, 0x44, 0xF0,
    0x01, 0x00, 0xF8, 0x23, 0x88, 0x3F, 0x82, 0xFC, 0x27, 0x95, 0x57, 0x92, 0x7C, 0x05, 0x00, 0xE0,
    0x41, 0x88, 0x5F, 0x01, 0xF8, 0xA7, 0x94, 0x7F, 0x84, 0xF0, 0x03, 0x00, 0xF0, 0x47, 0x10, 0x7F,
    0x04, 0x11, 0xC4, 0x1F, 0x41, 0x02, 0x05, 0x06, 0x00, 0x20, 0xF0, 0x1F, 0x01, 0xFE, 0x14, 0xC2,
    0x0F, 0x21, 0xFC, 0x10, 0x02, 0x00, 0xBC, 0x97, 0xD2, 0x7B, 0x29, 0xA5, 0xF4, 0x5E, 0x4A, 0x29,
    0xB5, 0x06, 0x00, 0xDC, 0x57, 0xD1, 0x05, 0xF5, 0x55, 0xF4, 0x52, 0x29, 0xC5, 0xD4, 0x04, 0x00,
    0xA4, 0xA7, 0xD2, 0x7F, 0x24, 0x95, 0xF4, 0x1F, 0x49, 0x12, 0x49, 0x06, 0x00, 0x5C, 0x52, 0xC5,
    0x7F, 0x45, 0x14, 0xF1, 0x5F, 0x11, 0xA5, 0x74, 0x04, 0x00, 0x88, 0xF7, 0x52, 0x7A, 0x2F, 0xA5,
    0xF4, 0x5E, 0x49, 0x29, 0x5D, 0x06, 0x00, 0x90, 0xF7, 0x93, 0x78, 0x22, 0xB9, 0x06, 0x81, 0x3F,
    0x10, 0xFC, 0x07, 0x00, 0x10, 0xF7, 0x97, 0x74, 0x5E, 0x49, 0xE5, 0x1D, 0x51, 0x5F, 0x91, 0x06,
    0x00, 0xA8, 0xF7, 0x93, 0x7A, 0x2E, 0xA9, 0xF4, 0x1F, 0x48, 0x2A, 0x45, 0x06, 0x00, 0x9C, 0xD2,
    0xDF, 0x29, 0xFD, 0x95, 0x74, 0x4D, 0x5B, 0xD5, 0xB4, 0x05, 0x00, 0x5C, 0xD7, 0xC7, 0x75, 0x3D,
    0x15, 0xF7, 0x47, 0x71, 0x7D, 0x14, 0x07, 0x00, 0x40, 0x00, 0xC1, 0x7F, 0x38, 0x50, 0x41, 0x85,
    0x24, 0x11, 0x41, 0x00, 0x00, 0x40, 0xE0, 0x0F, 0x04, 0x10, 0xFC, 0x87, 0x03, 0x15, 0x93, 0x41,
    0x00, 0x00, 0x40, 0xF0, 0x1F, 0x04, 0x10, 0xF8, 0x83, 0x03, 0x15, 0x93, 0x41, 0x00, 0x00, 0x40,
    0x00, 0xC1, 0x7F, 0x38, 0x50, 0x41, 0x85, 0x24, 0x7D, 0x41, 0x00, 0x00, 0x10, 0x41, 0xC4, 0x17,
    0x44, 0x18, 0xE1, 0x44, 0x55, 0x45, 0x11, 0x07, 0x00, 0x40, 0x01, 0xC9, 0x7F, 0x10, 0x50, 0x41,
    0x05, 0x55, 0xD2, 0x45, 0x00, 0x00, 0x48, 0xE0, 0x8F, 0x04, 0x11, 0xFC, 0x07, 0x01, 0x16, 0x94,
    0x4C, 0x04, 0x00, 0x10, 0x41, 0xC4, 0x17, 0xC4, 0x18, 0xE5, 0x64, 0x15, 0x45, 0x10, 0x01, 0x00,
    0xF0, 0x41, 0x04, 0x11, 0xC2, 0x40, 0xF0, 0x1F, 0x04, 0x54, 0x4C, 0x06, 0x00, 0xD0, 0x47, 0xC2,
    0x0B, 0xE4, 0x59, 0x64, 0x50, 0x43, 0x85, 0x90, 0x01, 0x00, 0x10, 0x46, 0xC6, 0x07, 0x84, 0x99,
    0xE1, 0x40, 0x05, 0x85, 0x91, 0x01, 0x00, 0x40, 0xF0, 0x1F, 0x15, 0x92, 0xF4, 0x05, 0xC2, 0x7F,
    0x10, 0x60, 0x00, 0x00, 0x40, 0xF0, 0x1F, 0x0E, 0x54, 0x4C, 0xE6, 0x8F, 0x20, 0x82, 0xF8, 0x03,
    0x00, 0x10, 0x42, 0xC8, 0x7F, 0x84, 0x18, 0x63, 0x4A, 0x25, 0x85, 0x10, 0x03, 0x00, 0x10, 0x42,
    0xC8, 0x7F, 0x84, 0x58, 0x62, 0x4A, 0x21, 0x85, 0x10, 0x03, 0x00, 0x10, 0x42, 0xC8, 0x7F, 0x84,
    0x58, 0x62, 0x4A, 0x13, 0xA5, 0x70, 0x04, 0x00, 0x10, 0x41, 0xC4, 0x7F, 0x44, 0x18, 0x61, 0x44,
    0x13, 0x45, 0xD0, 0x07, 0x00, 0xD0, 0x47, 0xD0, 0x43, 0xF4, 0x59, 0x60, 0x41, 0x47, 0x15, 0xD1,
    0x07, 0x00, 0x40, 0xF0, 0x1F, 0x04, 0xFE, 0x48, 0xE2, 0x0F, 0x0E, 0x54, 0x4C, 0x06, 0x00, 0x90,
    0xC0, 0xDF, 0x01, 0xF4, 0x58, 0x62, 0x49, 0x25, 0x95, 0x30, 0x06, 0x00, 0xD0, 0x47, 0xC8, 0x23,
    0x44, 0x98, 0x61, 0x4D, 0x53, 0x45, 0x10, 0x01, 0x00, 0x40, 0xF0, 0x1F, 0x06, 0x54, 0x48, 0x12,
    0x11, 0x00, 0xAA, 0x44, 0x05, 0x00, 0x40, 0xF0, 0x9F, 0x24, 0xFE, 0x48, 0xE2, 0x0F, 0x0E, 0x54,
    0x4C, 0x06, 0x00, 0x40, 0xF0, 0x1F, 0x15, 0x92, 0xFC, 0x27, 0x88, 0x3F, 0x82, 0xF8, 0x03, 0x00,
    0x50, 0x40, 0xDF, 0x13, 0x44, 0xD8, 0xE7, 0x44, 0x11, 0x44, 0x10, 0x01, 0x00, 0xD0, 0x47, 0xD5,
    0x57, 0x54, 0xD9, 0x67, 0x41, 0x07, 0x14, 0x91, 0x07, 0x00, 0x90, 0x43, 0xC8, 0x47, 0x54, 0x19,
    0x61, 0x42, 0x4B, 0x15, 0xD1, 0x07, 0x00, 0xD0, 0x47, 0xC1, 0x07, 0xF4, 0x59, 0xE4, 0x52, 0x29,
    0xC5, 0xD0, 0x04, 0x00, 0x50, 0x41, 0xC5, 0x57, 0xF4, 0x58, 0xE1, 0x45, 0x55, 0x75, 0x31, 0x07,
    0x00, 0xD0, 0x47, 0xC4, 0x13, 0x44, 0xD8, 0x67, 0x44, 0x13, 0x45, 0xD0, 0x07, 0x00, 0x90, 0x40,
    0xDF, 0x0B, 0x24, 0x98, 0xE7, 0x52, 0x45, 0x15, 0x11, 0x03, 0x00, 0x10, 0x46, 0xC7, 0x07, 0xF4,
    0x59, 0x62, 0x49, 0x25, 0x8D, 0x10, 0x02, 0x00, 0x90, 0xC0, 0xDF, 0x49, 0x24, 0x99, 0x61, 0x45,
    0x15, 0x4D, 0x11, 0x07, 0x00, 0x10, 0x41, 0xC4, 0x7F, 0x44, 0x98, 0xE1, 0x4E, 0x55, 0x44, 0x10,
    0x01, 0x00, 0x50, 0x40, 0xDF, 0x27, 0xA4, 0x98, 0xE2, 0x4A, 0x11, 0x65, 0x70, 0x06, 0x00, 0xF8,
    0x23, 0x89, 0x3F, 0x92, 0xF8, 0x03, 0xC1, 0x7F, 0x54, 0x4C, 0x06, 0x00, 0x10, 0x41, 0xDF, 0x13,
    0x44, 0xD8, 0x67, 0x51, 0x2B, 0x44, 0xD0, 0x06, 0x00, 0x10, 0x41, 0xC4, 0x7F, 0x44, 0x18, 0x61,
    0x5F, 0x47, 0x15, 0xD1, 0x07, 0x00, 0xD0, 0x47, 0xD1, 0x47, 0xF4, 0x19, 0xE0, 0x5F, 0x49, 0x15,
    0x31, 0x03, 0x00, 0x88, 0xF7, 0x92, 0x4A, 0xED, 0x41, 0xF0, 0x1F, 0x16, 0x94, 0x4C, 0x04, 0x00,
    0x50, 0x40, 0xDF, 0x43, 0x74, 0x59, 0xE5, 0x55, 0x5D, 0x05, 0x11, 0x03, 0x00, 0xD0, 0x47, 0xC4,
    0x7F, 0x54, 0x59, 0x65, 0x5B, 0x47, 0x15, 0x51, 0x06, 0x00, 0x10, 0x41, 0xC2, 0x7F, 0x14, 0x59,
    0x64, 0x5F, 0x47, 0x15, 0xD1, 0x07, 0x00, 0x10, 0xF1, 0x1F, 0x11, 0x7C, 0x10, 0xF1, 0x1F, 0x16,
    0x94, 0x4C, 0x04, 0x00, 0x50, 0x44, 0xD1, 0x7F, 0x14, 0x59, 0x64, 0x5F, 0x45, 0x15, 0xD1, 0x07,
    0x00, 0x84, 0xA0, 0x0F, 0x28, 0x91, 0x28, 0x06, 0xC1, 0x7F, 0x94, 0x4C, 0x04, 0x00, 0xF8, 0x01,
    0x02, 0x04, 0xFF, 0x51, 0x22, 0xC5, 0x7F, 0x94, 0x4C, 0x04, 0x00, 0x10, 0x41, 0xC4, 0x7F, 0x54,
    0x59, 0x65, 0x5F, 0x57, 0x55, 0xD1, 0x07, 0x00, 0x50, 0x40, 0xDF, 0x0B, 0xE4, 0x99, 0x60, 0x42,
    0x7B, 0x25, 0x90, 0x00, 0x00, 0x40, 0xF0, 0x1F, 0x15, 0x92, 0xFC, 0x27, 0x88, 0x3F, 0x82, 0xFC,
    0x07, 0x00, 0xD0, 0x47, 0xC1, 0x77, 0x34, 0x59, 0x62, 0x55, 0x4F, 0x15, 0xD0, 0x07, 0x00, 0x40,
    0xF0, 0x9F, 0x24, 0xD6, 0xA8, 0xE2, 0x0F, 0x16, 0x94, 0x4C, 0x04, 0x00, 0xD0, 0x47, 0xC8, 0x3F,
    0xD4, 0x58, 0xE3, 0x4D, 0x3D, 0x84, 0x10, 0x03, 0x00, 0x90, 0x40, 0xC4, 0x7F, 0x44, 0x18, 0x61,
    0x5F, 0x11, 0x45, 0xF0, 0x07, 0x00, 0x70, 0x47, 0xD4, 0x55, 0x54, 0x59, 0x65, 0x55, 0x57, 0xD5,
    0x51, 0x01, 0x00, 0x90, 0xD0, 0x5E, 0x09, 0x3D, 0x9D, 0x07, 0xC1, 0x7F, 0x54, 0x4C, 0x06, 0x00,
    0xF0, 0x47, 0xD5, 0x55, 0x54, 0xF9, 0x67, 0x55, 0x55, 0x55, 0x11, 0x06, 0x00, 0x10, 0x41, 0xDF,
    0x13, 0xF4, 0x59, 0x65, 0x55, 0x57, 0x55, 0x11, 0x01, 0x00, 0x90, 0x43, 0xD1, 0x03, 0xF4, 0x19,
    0x61, 0x5F, 0x13, 0x45, 0xD0, 0x07, 0x00, 0xFC, 0x87, 0x82, 0x3F, 0xAA, 0xF8, 0x03, 0xC1, 0x7F,
    0x54, 0x4C, 0x06, 0x00, 0x10, 0x41, 0xDF, 0x2B, 0x14, 0x99, 0xE2, 0x4A, 0x11, 0xA4, 0x50, 0x04,
    0x00, 0xF0, 0x47, 0xD2, 0x6D, 0x6C, 0x99, 0x64, 0x5B, 0x5B, 0x25, 0xD1, 0x06, 0x00, 0x50, 0x41,
    0xDF, 0x17, 0x44, 0xF8, 0x67, 0x44, 0x39, 0x55, 0x31, 0x01, 0x00, 0x10, 0xC1, 0xDF, 0x49, 0x94,
    0x58, 0x61, 0x52, 0x25, 0x65, 0x70, 0x06, 0x00, 0xD0, 0x47, 0xD1, 0x7F, 0x14, 0xD9, 0x67, 0x45,
    0x57, 0x95, 0xD0, 0x04, 0x00, 0x48, 0x20, 0xCF, 0x23, 0x92, 0x9C, 0xB1, 0xD9, 0x3C, 0x92, 0xC8,
    0x03, 0x00, 0x90, 0xF2, 0x12, 0x09, 0xFF, 0x11, 0xF1, 0x15, 0x23, 0x56, 0x95, 0x04, 0x00, 0x38,
    0xA2, 0xDE, 0x2A, 0xAD, 0xD0, 0x27, 0xC9, 0x7F, 0x54, 0x4C, 0x06, 0x00, 0x10, 0x41, 0xDF, 0x11,
    0xFC, 0x19, 0x61, 0x5F, 0x11, 0x45, 0xF0, 0x07, 0x00, 0x50, 0x41, 0xD5, 0x37, 0x54, 0x58, 0xE3,
    0x55, 0x15, 0x55, 0x31, 0x07, 0x00, 0x90, 0x43, 0xC9, 0x7F, 0x14, 0xD8, 0xE7, 0x52, 0x6B, 0x25,
    0x90, 0x07, 0x00, 0xD0, 0x47, 0xC1, 0x7F, 0x94, 0x58, 0xE7, 0x49, 0x7D, 0x15, 0xD0, 0x07, 0x00,
    0x40, 0xF0, 0x5F, 0x42, 0xFE, 0x10, 0x81, 0xC3, 0x7F, 0x54, 0x4C, 0x06, 0x00, 0xC0, 0x07, 0x81,
    0x3F, 0x82, 0xF8, 0x23, 0xC8, 0x7F, 0x54, 0x4C, 0x06, 0x00, 0xE8, 0xA7, 0xD0, 0x7B, 0x0A, 0xAD,
    0xF7, 0xDA, 0x7A, 0x0A, 0x29, 0x06, 0x00, 0xF8, 0x43, 0x04, 0x0E, 0xEF, 0xA9, 0x42, 0xC5, 0x7F,
    0x94, 0x4C, 0x04, 0x00, 0xD0, 0x47, 0xC0, 0x7F, 0x14, 0xD9, 0x67, 0x51, 0x7D, 0x05, 0xD0, 0x07,
    0x00, 0x10, 0xC1, 0xDF, 0x11, 0xF4, 0x19, 0x60, 0x5F, 0x47, 0x15, 0xD1, 0x07, 0x00, 0xE8, 0x23,
    0xC8, 0x7F, 0x4A, 0xE9, 0xB7, 0x94, 0x7F, 0x4A, 0x29, 0x05, 0x00, 0xD0, 0x47, 0xD1, 0x7F, 0x14,
    0x59, 0xE4, 0x5F, 0x11, 0xFD, 0x11, 0x01, 0x00, 0xE4, 0x23, 0x0A, 0x6A, 0x91, 0x28, 0x03, 0xC1,
    0x7F, 0x54, 0x4C, 0x06, 0x00, 0xF0, 0x47, 0xCA, 0x25, 0xFC, 0x99, 0xE2, 0x4A, 0x75, 0x35, 0x30,
    0x07, 0x00, 0x50, 0x40, 0xDF, 0x03, 0xF4, 0x59, 0xE5, 0x5F, 0x55, 0xF5, 0x11, 0x02, 0x00, 0x50,
    0x47, 0xD7, 0x57, 0xF4, 0x78, 0x65, 0x57, 0x77, 0x55, 0x50, 0x01, 0x00, 0x10, 0xC1, 0xDF, 0x25,
    0x94, 0xF8, 0x67, 0x44, 0x7F, 0x45, 0x10, 0x01, 0x00, 0xC8, 0xA3, 0xC0, 0x7F, 0x0A, 0xEC, 0xF3,
    0xCA, 0x3E, 0x0A, 0xD9, 0x07, 0x00, 0xD0, 0x47, 0xC4, 0x7F, 0x54, 0xD9, 0xE7, 0x55, 0x7D, 0x24,
    0x50, 0x07, 0x00, 0x90, 0x47, 0x91, 0x2A, 0x6B, 0x68, 0xA6, 0x84, 0x7E, 0x52, 0x28, 0x05, 0x00,
    0xF8, 0x23, 0x88, 0x3F, 0x82, 0xF8, 0x07, 0xD1, 0x7F, 0x54, 0x4C, 0x06, 0x00, 0x10, 0x41, 0xD5,
    0x37, 0x44, 0xD8, 0x67, 0x51, 0x7D, 0x15, 0x51, 0x06, 0x00, 0xD0, 0x47, 0xC4, 0x3F, 0xA4, 0xD8,
    0xE7, 0x40, 0x7D, 0x14, 0xD1, 0x07, 0x00, 0x7C, 0x45, 0xD4, 0x57, 0x06, 0x55, 0x06, 0xC1, 0x7F,
    0x54, 0x4C, 0x06, 0x00, 0x90, 0x40, 0xD1, 0x7F, 0xA4, 0x78, 0x66, 0x4E, 0x27, 0x65, 0x70, 0x06,
    0x00, 0x50, 0x42, 0xC5, 0x7F, 0x24, 0xF9, 0x67, 0x42, 0x7F, 0x29, 0x91, 0x06, 0x00, 0x10, 0xC5,
    0xDF, 0x11, 0x54, 0xF9, 0x65, 0x4D, 0x25, 0x45, 0xD1, 0x04, 0x00, 0xE8, 0xA7, 0xD4, 0x53, 0xFA,
    0x2D, 0xF5, 0xD6, 0x76, 0x4A, 0xE9, 0x07, 0x00, 0x10, 0x41, 0xDF, 0x13, 0x24, 0xD9, 0x67, 0x40,
    0x55, 0x55, 0x31, 0x05, 0x00, 0x10, 0xF1, 0x1F, 0x19, 0xD6, 0x14, 0xC5, 0x07, 0x11, 0x4C, 0x4D,
    0x07, 0x00, 0x40, 0xF0, 0x1F, 0x11, 0xFE, 0x50, 0xF1, 0x1F, 0x16, 0x94, 0x4C, 0x04, 0x00, 0x90,
    0x40, 0xDF, 0x47, 0xF4, 0x59, 0x64, 0x5F, 0x57, 0xD5, 0x11, 0x01, 0x00, 0x50, 0xC2, 0xDF, 0x25,
    0xF4, 0x58, 0xE2, 0x5F, 0x01, 0xA5, 0x50, 0x04, 0x00, 0xD0, 0x47, 0xD1, 0x7F, 0x14, 0xD9, 0xE7,
    0x49, 0x6D, 0x95, 0xD0, 0x06, 0x00, 0x10, 0xC1, 0xDF, 0x29, 0xFC, 0x59, 0xE1, 0x5F, 0x11, 0xFD,
    0x11, 0x01, 0x00, 0x10, 0xC1, 0xDF, 0x41, 0xF4, 0x18, 0xE0, 0x5F, 0x11, 0x55, 0x31, 0x05, 0x00,
    0x40, 0xF0, 0x9F, 0x26, 0x54, 0x48, 0xF2, 0x9F, 0x26, 0x54, 0x4C, 0x06, 0x00, 0x10, 0xF1, 0x1F,
    0x11, 0xFF, 0x55, 0x55, 0x95, 0x31, 0x6D, 0x11, 0x01, 0x00, 0x70, 0x47, 0xD5, 0x77, 0x54, 0x59,
    0xE5, 0x5D, 0x55, 0x55, 0x51, 0x05, 0x00, 0x10, 0xC1, 0xDF, 0x55, 0xF4, 0x59, 0x65, 0x5F, 0x19,
    0x55, 0x31, 0x05, 0x00, 0x48, 0x42, 0xC5, 0x7F, 0x45, 0xF1, 0x01, 0xC1, 0x7F, 0x54, 0x4C, 0x06,
    0x00, 0x10, 0x41, 0xDF, 0x53, 0xF4, 0x19, 0x65, 0x5F, 0x5B, 0xD5, 0xB0, 0x05, 0x00, 0x50, 0xC2,
    0xDF, 0x25, 0x64, 0x59, 0xE2, 0x5F, 0x25, 0x65, 0x71, 0x06, 0x00, 0x40, 0xF0, 0x1F, 0x15, 0x93,
    0x11, 0xF1, 0x1F, 0x11, 0xEE, 0x54, 0x05, 0x00, 0x90, 0xC0, 0xDF, 0x49, 0xFC, 0x99, 0xE4, 0x5F,
    0x25, 0x75, 0x30, 0x06, 0x00, 0xD0, 0x47, 0xD5, 0x7F, 0x54, 0xD9, 0xE7, 0x44, 0x7D, 0xE4, 0x50,
    0x05, 0x00, 0x10, 0x41, 0xDC, 0x13, 0xF4, 0x59, 0x64, 0x5F, 0x45, 0xFD, 0x11, 0x01, 0x00, 0x90,
    0x40, 0xDF, 0x47, 0xE4, 0x98, 0xE2, 0x5E, 0x49, 0x25, 0x91, 0x07, 0x00, 0x10, 0xC1, 0xDF, 0x29,
    0x14, 0xF9, 0x67, 0x55, 0x55, 0x75, 0x11, 0x06, 0x00, 0xC8, 0x27, 0xC4, 0x7D, 0x12, 0x49, 0x37,
    0x93, 0x75, 0x12, 0xE9, 0x07, 0x00, 0x90, 0x42, 0xDF, 0x27, 0xF4, 0x59, 0x62, 0x5F, 0x27, 0x95,
    0xD0, 0x07, 0x00, 0x50, 0x47, 0xD7, 0x55, 0x7C, 0x59, 0x65, 0x4B, 0x27, 0x55, 0xF1, 0x04, 0x00,
    0xF0, 0x47, 0xD5, 0x5F, 0xD4, 0xD8, 0xE5, 0x55, 0x55, 0xF5, 0x30, 0x01, 0x00, 0xD0, 0x43, 0xC9,
    0x3F, 0x94, 0xD8, 0x67, 0x41, 0x7F, 0x55, 0xB1, 0x06, 0x00, 0xE8, 0xA7, 0xD0, 0x7F, 0x2A, 0xE9,
    0xE7, 0xCA, 0x3E, 0x22, 0xF9, 0x07, 0x00, 0x48, 0xA7, 0xD7, 0x55, 0x3A, 0x49, 0xB2, 0x9F, 0x11,
    0xA2, 0x68, 0x04, 0x00, 0x10, 0xF1, 0x9F, 0x59, 0x55, 0xFC, 0x07, 0x11, 0x3D, 0x1C, 0x8C, 0x07,
    0x00, 0xF0, 0x47, 0xD5, 0x7F, 0x44, 0xF8, 0x67, 0x42, 0x7D, 0x15, 0x11, 0x03, 0x00, 0x90, 0xC0,
    0xDF, 0x09, 0xFC, 0x59, 0xE5, 0x5F, 0x49, 0xFD, 0x91, 0x04, 0x00, 0x10, 0x41, 0xDC, 0x13, 0xF4,
    0x59, 0x64, 0x5F, 0x45, 0xF5, 0x30, 0x04, 0x00, 0xD0, 0x47, 0xD1, 0x7F, 0x14, 0xD9, 0x67, 0x51,
    0x7D, 0x1D, 0x11, 0x04, 0x00, 0xA8, 0xC2, 0xC6, 0x7F, 0x28, 0xF8, 0x03, 0xC1, 0x7F, 0x54, 0x4C,
    0x06, 0x00, 0xF0, 0x47, 0xC2, 0x6F, 0x74, 0x59, 0x65, 0x4D, 0x57, 0x25, 0xF0, 0x07, 0x00, 0x50,
    0x42, 0xDB, 0x27, 0x94, 0xD8, 0x67, 0x51, 0x7F, 0x15, 0xD1, 0x07, 0x00, 0xF0, 0x43, 0xC9, 0x7D,
    0x4C, 0x99, 0xE2, 0x5F, 0x55, 0x55, 0xF1, 0x07, 0x00, 0xE8, 0xA7, 0xCA, 0x2F, 0xEA, 0xE9, 0xB2,
    0x8C, 0x2B, 0xBA, 0x48, 0x06, 0x00, 0xD0, 0x43, 0xD0, 0x7F, 0x04, 0xD8, 0x65, 0x55, 0x3D, 0x55,
    0x51, 0x05, 0x00, 0x48, 0xA7, 0xD7, 0x53, 0xFA, 0x28, 0xB5, 0x97, 0x53, 0xEA, 0x68, 0x01, 0x00,
    0x10, 0xC1, 0xDF, 0x29, 0x14, 0x99, 0x63, 0x51, 0x7F, 0x15, 0xD1, 0x07, 0x00, 0x10, 0xC1, 0xDF,
    0x11, 0xFC, 0x99, 0xE2, 0x5F, 0x55, 0xED, 0x50, 0x05, 0x00, 0x90, 0xC0, 0xDF, 0x25, 0x94, 0xF8,
    0x67, 0x52, 0x7F, 0x15, 0x31, 0x03, 0x00, 0x90, 0xC0, 0xDF, 0x55, 0xCC, 0x98, 0x60, 0x5F, 0x0B,
    0xE5, 0x91, 0x00, 0x00, 0x90, 0x42, 0xDF, 0x27, 0xF4, 0x59, 0x62, 0x5F, 0x13, 0xF5, 0x11, 0x01,
    0x00, 0x50, 0xC4, 0xD3, 0x79, 0x3C, 0x99, 0xE5, 0x5B, 0x49, 0x2D, 0xD1, 0x06, 0x00, 0x54, 0x55,
    0x95, 0x2A, 0xFF, 0x45, 0xE4, 0x0F, 0x06, 0x54, 0x4C, 0x06, 0x00, 0x68, 0xA7, 0xD4, 0x53, 0x2A,
    0xE9, 0xB7, 0x94, 0x7F, 0x4A, 0xE9, 0x07, 0x00, 0x10, 0xC1, 0xDF, 0x49, 0x94, 0xD8, 0xE7, 0x49,
    0x7D, 0x95, 0xD0, 0x07, 0x00, 0xD0, 0x47, 0xD1, 0x7F, 0x14, 0xD9, 0xE7, 0x52, 0x6D, 0x6D, 0xD1,
    0x06, 0x00, 0x90, 0xC0, 0xDF, 0x25, 0xF4, 0x18, 0xE0, 0x5F, 0x55, 0x75, 0x11, 0x06, 0x00, 0x90,
    0xC2, 0xDF, 0x29, 0xFC, 0x59, 0x65, 0x5F, 0x55, 0xFD, 0x51, 0x04, 0x00, 0x30, 0x41, 0xDD, 0x5B,
    0xC4, 0x78, 0x65, 0x55, 0x75, 0x35, 0x30, 0x07, 0x00, 0x90, 0x43, 0xD1, 0x7F, 0x14, 0xD9, 0x67,
    0x41, 0x7D, 0x1D, 0xD1, 0x07, 0x00, 0x48, 0xA0, 0xDF, 0x4B, 0xFA, 0xA9, 0xB4, 0x9F, 0x2D, 0x2A,
    0x99, 0x07, 0x00, 0xF0, 0x47, 0xC4, 0x11, 0xFC, 0x59, 0x64, 0x5F, 0x45, 0xF5, 0x30, 0x04, 0x00,
    0x48, 0xE7, 0xD7, 0x52, 0xFA, 0x48, 0xB5, 0x94, 0x5F, 0xD2, 0x68, 0x01, 0x00, 0xD4, 0x77, 0x0A,
    0x7F, 0x17, 0x95, 0x06, 0xC1, 0x7F, 0x94, 0x4C, 0x04, 0x00, 0x50, 0xC1, 0xDF, 0x55, 0xFC, 0x59,
    0xE5, 0x5F, 0x45, 0x15, 0xD1, 0x07, 0x00, 0x10, 0xC1, 0xDF, 0x11, 0xF4, 0x99, 0xE4, 0x5F, 0x25,
    0x2D, 0x91, 0x07, 0x00, 0xF4, 0x65, 0x4C, 0x5F, 0xC6, 0xF4, 0x05, 0xC1, 0x7F, 0x54, 0x4C, 0x06,
    0x00, 0x48, 0xA2, 0xD2, 0x53, 0x92, 0xA8, 0xE2, 0xDA, 0x2A, 0xEA, 0x68, 0x06, 0x00, 0xA8, 0x72,
    0x9D, 0x2A, 0xD6, 0xAC, 0x26, 0xC9, 0x7F, 0x44, 0x0C, 0x06, 0x00, 0x10, 0x41, 0xDF, 0x55, 0xFC,
    0x58, 0xE5, 0x5F, 0x45, 0xE5, 0x70, 0x04, 0x00, 0xF0, 0x47, 0xCA, 0x7F, 0x54, 0xF9, 0x67, 0x40,
    0x7F, 0x55, 0x30, 0x05, 0x00, 0xE8, 0xA7, 0xCA, 0x2B, 0xEA, 0x28, 0xB0, 0x9F, 0x53, 0x4A, 0xE9,
    0x07, 0x00, 0x10, 0xC1, 0xDF, 0x25, 0xFC, 0x59, 0x64, 0x5F, 0x45, 0xFD, 0x11, 0x01, 0x00, 0xF0,
    0x47, 0xCA, 0x7D, 0x14, 0xD9, 0x67, 0x51, 0x7F, 0xA5, 0x70, 0x04, 0x00, 0x50, 0xC2, 0xDF, 0x09,
    0xFC, 0x99, 0xE0, 0x5B, 0x35, 0x4D, 0x91, 0x05, 0x00, 0x90, 0x42, 0xDF, 0x27, 0xF4, 0x59, 0x62,
    0x5F, 0x01, 0x55, 0x51, 0x05, 0x00, 0x50, 0xC5, 0xDF, 0x25, 0x94, 0xF8, 0x67, 0x44, 0x7F, 0xA5,
    0x70, 0x04, 0x00, 0x48, 0xA4, 0xD3, 0x75, 0x3A, 0xBD, 0xB5, 0x9B, 0x4A, 0x72, 0x29, 0x06, 0x00,
    0x50, 0xC2, 0xDF, 0x25, 0xFC, 0x59, 0xE2, 0x5F, 0x11, 0xFD, 0x11, 0x01, 0x00, 0x50, 0xC2, 0xDF,
    0x55, 0xB4, 0x59, 0xE4, 0x5F, 0x41, 0x15, 0x91, 0x06, 0x00, 0xF8, 0x21, 0xDD, 0x4F, 0x6A, 0xE9,
    0xA5, 0xCA, 0x2E, 0x6E, 0x89, 0x04, 0x00, 0xD0, 0x43, 0xC2, 0x7F, 0x24, 0xF8, 0x67, 0x49, 0x7F,
    0x95, 0xD0, 0x06, 0x00, 0xF0, 0x47, 0xC2, 0x7F, 0x94, 0xB8, 0x65, 0x40, 0x7F, 0x55, 0xD1, 0x05,
    0x00, 0xD0, 0x43, 0xC4, 0x7F, 0xA4, 0xF8, 0x67, 0x55, 0x7F, 0x55, 0xD1, 0x05, 0x00, 0xF0, 0x42,
    0xDA, 0x3B, 0x14, 0xF9, 0x67, 0x51, 0x7D, 0xA5, 0xF0, 0x07, 0x00, 0x50, 0xC3, 0xD6, 0x35, 0x6C,
    0x19, 0xE1, 0x5F, 0x55, 0xCD, 0xD0, 0x04, 0x00, 0xC8, 0xA3, 0xC8, 0x7F, 0x2A, 0xED, 0x77, 0xD5,
    0x3A, 0x52, 0xA9, 0x05, 0x00, 0x70, 0x41, 0xDF, 0x15, 0xEC, 0x59, 0x62, 0x5F, 0x4D, 0xED, 0x91,
    0x04, 0x00, 0x48, 0xA2, 0xDF, 0x25, 0xFA, 0x29, 0xB5, 0x9F, 0x53, 0xFA, 0x49, 0x02, 0x00, 0x08,
    0xA1, 0xDF, 0x4B, 0xEA, 0x29, 0xB4, 0x9F, 0x25, 0x92, 0xE8, 0x07, 0x00, 0x48, 0xA1, 0xDF, 0x4B,
    0x7A, 0x29, 0xE5, 0xCF, 0x2A, 0x6A, 0xD9, 0x04, 0x00, 0x48, 0xA5, 0xDF, 0x2B, 0xA2, 0xE8, 0xB7,
    0x94, 0x7F, 0x4A, 0xE9, 0x07, 0x00, 0xD0, 0x43, 0xD0, 0x7F, 0x04, 0xF8, 0x67, 0x55, 0x7F, 0x15,
    0xD1, 0x07, 0x00, 0xD0, 0xC3, 0xD0, 0x7D, 0x04, 0xD8, 0xE7, 0x55, 0x7D, 0xA5, 0x70, 0x05, 0x00,
    0x90, 0xC2, 0xDF, 0x29, 0xFC, 0x99, 0x64, 0x4D, 0x5B, 0xD5, 0xB0, 0x05, 0x00, 0x10, 0xC1, 0xDF,
    0x41, 0xF4, 0x38, 0x65, 0x5F, 0x45, 0xF5, 0x30, 0x04, 0x00, 0x10, 0xC1, 0xDF, 0x25, 0x2C, 0x99,
    0xE2, 0x5F, 0x55, 0xFD, 0x11, 0x01, 0x00, 0xF0, 0x41, 0xDD, 0x0F, 0xE4, 0x99, 0xE0, 0x5F, 0x55,
    0x55, 0xF1, 0x07, 0x00, 0xD0, 0xC6, 0xD6, 0x6D, 0x6C, 0xD9, 0xE7, 0x49, 0x7D, 0x95, 0xD0, 0x07,
    0x00, 0xE8, 0xA7, 0xC4, 0x7B, 0x4A, 0xE9, 0xB7, 0x92, 0x33, 0x2A, 0xE9, 0x07, 0x00, 0x90, 0x43,
    0xC9, 0x7F, 0x54, 0xD9, 0xE7, 0x4A, 0x7D, 0x15, 0xD1, 0x07, 0x00, 0x70, 0x47, 0xD5, 0x77, 0x74,
    0x79, 0x67, 0x52, 0x5D, 0x55, 0xD1, 0x05, 0x00, 0x28, 0xA1, 0xDF, 0x25, 0xFA, 0x29, 0xB5, 0xD7,
    0x53, 0xEA, 0x69, 0x01, 0x00, 0x08, 0xA1, 0xDF, 0x11, 0xFA, 0x49, 0xB5, 0x9F, 0x45, 0xE2, 0x68,
    0x04, 0x00, 0x08, 0xA1, 0xDF, 0x4B, 0xFA, 0xA9, 0xB4, 0x97, 0x6B, 0x52, 0xE9, 0x05, 0x00, 0xE8,
    0xA6, 0xD2, 0x6F, 0xAA, 0x48, 0xB5, 0x9F, 0x25, 0x62, 0x68, 0x06, 0x00, 0x70, 0x47, 0xD5, 0x77,
    0x54, 0xF9, 0x67, 0x55, 0x5D, 0xAD, 0x91, 0x04, 0x00, 0x50, 0xC2, 0xDF, 0x55, 0xF4, 0x59, 0xE2,
    0x5F, 0x25, 0x95, 0xD0, 0x07, 0x00, 0x68, 0xA1, 0xDC, 0x0F, 0xAA, 0xE9, 0xB3, 0x88, 0x3F, 0x52,
    0x39, 0x07, 0x00, 0x10, 0xC0, 0x9F, 0x44, 0x11, 0x45, 0x00, 0x01, 0x0A, 0x44, 0x0C, 0x06, 0x00,
    0x44, 0x20, 0x1F, 0x54, 0x48, 0x21, 0x21, 0x84, 0x10, 0xA1, 0x64, 0x04, 0x00, 0x70, 0x30, 0x5F,
    0x54, 0x4F, 0x15, 0x51, 0x44, 0x11, 0xA5, 0x70, 0x04, 0x00, 0xA8, 0x10, 0x1F, 0x54, 0x46, 0x25,
    0x01, 0xC5, 0x13, 0xA9, 0x7C, 0x04, 0x00, 0x48, 0xF0, 0x9F, 0x54, 0x5E, 0x49, 0xF1, 0x05, 0x10,
    0xAA, 0x44, 0x04, 0x00, 0xB8, 0x10, 0xDE, 0x57, 0x44, 0x7D, 0x41, 0x44, 0x13, 0xA4, 0x7C, 0x04,
    0x00, 0x90, 0xF0, 0x1F, 0x55, 0x5F, 0x01, 0xF1, 0x05, 0x29, 0xB5, 0x54, 0x04, 0x00, 0xBC, 0x90,
    0xDE, 0x57, 0x49, 0x7D, 0x11, 0x45, 0x15, 0xB3, 0x30, 0x04, 0x00, 0x54, 0xA1, 0xDE, 0x4F, 0xAA,
    0xFD, 0xA2, 0xCA, 0x2F, 0x5A, 0xAD, 0x04, 0x00, 0xFC, 0xA0, 0x9E, 0x4B, 0x48, 0x7D, 0xA1, 0x84,
    0x2B, 0xA8, 0x70, 0x04, 0x00, 0x7C, 0x50, 0x5F, 0x55, 0x5D, 0x05, 0xF1, 0x45, 0x15, 0xB5, 0x7C,
    0x04, 0x00, 0x78, 0x11, 0xDE, 0x4F, 0x92, 0xC9, 0xD2, 0x8A, 0x2D, 0x6D, 0xD9, 0x04, 0x00, 0xB4,
    0x70, 0x5F, 0x49, 0xAD, 0xED, 0x92, 0xCA, 0x2F, 0x4A, 0xC5, 0x04, 0x00, 0xFC, 0xA0, 0xDE, 0x57,
    0x55, 0x7D, 0xA1, 0xC4, 0x17, 0xA9, 0x7C, 0x04, 0x00, 0x40, 0x00, 0x01, 0x04, 0x12, 0xC8, 0x23,
    0x81, 0x04, 0x12, 0xFC, 0x07, 0x00, 0xFC, 0x07, 0x01, 0x04, 0x12, 0xC8, 0x23, 0x81, 0x04, 0x12,
    0xFC, 0x07, 0x00, 0x90, 0x40, 0x02, 0x49, 0xBD, 0x94, 0x51, 0x42, 0x09, 0x3D, 0x8D, 0x07, 0x00,
    0x40, 0x20, 0x8F, 0x04, 0xFF, 0x41, 0x20, 0x41, 0x66, 0x60, 0x78, 0x00, 0x00, 0xB8, 0x04, 0xD2,
    0x7F, 0x48, 0xE0, 0xA1, 0x88, 0x22, 0x7A, 0x1D, 0x04, 0x00, 0x10, 0x41, 0x5F, 0x13, 0x45, 0xD4,
    0x57, 0x50, 0x2B, 0x67, 0x60, 0x06, 0x00, 0xFC, 0x87, 0x01, 0x15, 0x92, 0xFC, 0x07, 0x81, 0x3C,
    0x12, 0xFC, 0x07, 0x00, 0xC8, 0x23, 0xC1, 0x7F, 0x40, 0xF8, 0x27, 0x84, 0x57, 0xC5, 0xD4, 0x04,
    0x00, 0xFC, 0x97, 0xC4, 0x7F, 0xCD, 0xAC, 0x15, 0x41, 0x3D, 0x14, 0xFC, 0x07, 0x00, 0x88, 0xF7,
    0x50, 0x7A, 0x0F, 0xC4, 0xF7, 0x14, 0x7D, 0x55, 0x3D, 0x01, 0x00, 0xFC, 0x07, 0x01, 0x04, 0xF8,
    0x18, 0x82, 0x08, 0x14, 0x30, 0x38, 0x00, 0x00, 0xFC, 0x27, 0x82, 0x4B, 0xAA, 0xAC, 0xD1, 0x02,
    0x4A, 0x24, 0x8D, 0x07, 0x00, 0xBC, 0x20, 0x9E, 0x4B, 0x1A, 0x2D, 0xD2, 0x1F, 0x4A, 0xC4, 0xCC,
    0x04, 0x00, 0x3C, 0x21, 0x9F, 0x55, 0x55, 0x55, 0xE5, 0x1F, 0x11, 0xA2, 0x64, 0x04, 0x00, 0xBC,
    0x20, 0x92, 0x45, 0xF5, 0x15, 0x60, 0x1F, 0x45, 0x12, 0xC5, 0x07, 0x00, 0x7C, 0x20, 0x9F, 0x43,
    0x7A, 0x2D, 0xD5, 0x17, 0x52, 0x7C, 0x0D, 0x03, 0x00, 0x7C, 0x21, 0x9F, 0x13, 0x4A, 0xEC, 0xD7,
    0x04, 0x3A, 0x54, 0x2D, 0x01, 0x00, 0xFC, 0x27, 0x84, 0x7B, 0x2A, 0xAD, 0xD7, 0x12, 0x7A, 0x0C,
    0xEC, 0x07, 0x00, 0x5C, 0xA2, 0x9F, 0x25, 0x65, 0x55, 0xE2, 0x1F, 0x25, 0x62, 0x75, 0x06, 0x00,
    0x7C, 0x20, 0x9F, 0x23, 0xFA, 0x2C, 0xD2, 0x1F, 0x52, 0x24, 0x4D, 0x03, 0x00, 0xDC, 0xA3, 0x90,
    0x7D, 0x05, 0xD4, 0x67, 0x15, 0x7D, 0xA2, 0x64, 0x05, 0x00, 0x1C, 0xA1, 0x9F, 0x43, 0xF5, 0x34,
    0x65, 0x1F, 0x45, 0xF2, 0x34, 0x04, 0x00, 0x5C, 0xA5, 0x92, 0x7F, 0xAA, 0xAC, 0xD3, 0x1A, 0x2A,
    0x64, 0xED, 0x04, 0x00, 0xDC, 0x13, 0xC9, 0x25, 0x91, 0x1D, 0x10, 0xDF, 0x27, 0x61, 0x64, 0x06,
    0x00, 0xBC, 0x17, 0xD2, 0x4B, 0x39, 0x3D, 0x10, 0xDF, 0x4B, 0xC9, 0xF0, 0x04, 0x00, 0xA8, 0x47,
    0x92, 0x4A, 0x31, 0x11, 0xF0, 0x1F, 0x49, 0xCE, 0xD4, 0x04, 0x00, 0x10, 0xF7, 0x15, 0x51, 0x7F,
    0x45, 0xE0, 0x9F, 0x4A, 0xC9, 0xE4, 0x04, 0x00, 0x7C, 0x17, 0xD5, 0x57, 0x65, 0x7D, 0x50, 0xDE,
    0x4F, 0xCA, 0xC4, 0x04, 0x00, 0xAC, 0x93, 0xCA, 0x2A, 0xA9, 0x3D, 0x40, 0xCF, 0x27, 0x64, 0x7C,
    0x06, 0x00, 0x90, 0xF7, 0x92, 0x4A, 0x3F, 0x29, 0x50, 0x9F, 0x4B, 0xC5, 0xD8, 0x04, 0x00, 0x7C,
    0x57, 0x55, 0x55, 0x3D, 0x05, 0xF0, 0x5F, 0x55, 0xD5, 0xFC, 0x04, 0x00, 0xF8, 0x23, 0x89, 0x24,
    0xFF, 0x29, 0x92, 0x48, 0x22, 0xFF, 0x11, 0x01, 0x00, 0xF8, 0xA3, 0x88, 0x24, 0xFF, 0x09, 0x92,
    0x48, 0x24, 0xFF, 0x01, 0x01, 0x00, 0x08, 0xE0, 0x5F, 0x00, 0xFC, 0x50, 0xF2, 0x9F, 0x28, 0xFE,
    0x01, 0x01, 0x00, 0x40, 0xF0, 0x1F, 0x04, 0xFF, 0x51, 0xF2, 0x9F, 0x22, 0xFE, 0x01, 0x01, 0x00,
    0x08, 0xE1, 0x5F, 0x08, 0x1F, 0xD5, 0xF7, 0x41, 0x55, 0x5F, 0x21, 0x05, 0x00, 0x88, 0x20, 0x82,
    0x48, 0xAE, 0x88, 0x21, 0x82, 0x48, 0x3A, 0x9D, 0x07, 0x00, 0x40, 0xF1, 0x45, 0x55, 0xFF, 0x54,
    0x51, 0xC5, 0x17, 0x50, 0xE1, 0x06, 0x00, 0x80, 0xE3, 0x01, 0x32, 0x3E, 0x20, 0x86, 0xC7, 0x03,
    0x08, 0xE1, 0x07, 0x00, 0x40, 0xF0, 0x1F, 0x11, 0xFF, 0x85, 0xE4, 0x01, 0x7C, 0x1F, 0xC0, 0x07,
    0x00, 0x30, 0x31, 0x95, 0x28, 0x16, 0x0D, 0x61, 0xD5, 0x28, 0x12, 0xF9, 0x07, 0x00, 0xB0, 0x37,
    0x94, 0x7B, 0x4A, 0x9D, 0xA7, 0xC4, 0x7A, 0x56, 0xF8, 0x07, 0x00, 0x00, 0xE3, 0x83, 0x08, 0x22,
    0xF8, 0x27, 0x82, 0x10, 0x5A, 0x1C, 0x06, 0x00, 0xF8, 0x27, 0x82, 0x08, 0xFE, 0x89, 0xE0, 0xD4,
    0x60, 0x00, 0xFC, 0x07, 0x00, 0xF8, 0x23, 0x88, 0x20, 0xFE, 0x88, 0xE0, 0x9F, 0x08, 0x42, 0x3D,
    0x06, 0x00, 0xC8, 0x27, 0xD1, 0x47, 0xF1, 0x45, 0x12, 0x5F, 0x24, 0x17, 0xC1, 0x05, 0x00, 0x08,
    0xE0, 0x5F, 0x00, 0xFF, 0x00, 0xE2, 0x09, 0x2D, 0x24, 0xCD, 0x04, 0x00, 0x08, 0xE0, 0x5F, 0x00,
    0xFF, 0x50, 0x22, 0xCA, 0x3F, 0x24, 0xC9, 0x04, 0x00, 0x08, 0xE0, 0x5F, 0x00, 0xFF, 0x50, 0xE2,
    0x4F, 0x25, 0x7F, 0x49, 0x05, 0x00, 0x08, 0xE0, 0x5F, 0x00, 0xFF, 0xA8, 0x82, 0xC8, 0x3F, 0xAA,
    0x25, 0x05, 0x00, 0x08, 0xE0, 0x5F, 0x00, 0xFF, 0x94, 0xF2, 0x4B, 0x29, 0x29, 0xFD, 0x04, 0x00,
    0x08, 0xE0, 0x5F, 0x00, 0xFF, 0x20, 0xF2, 0x8F, 0x2A, 0x2F, 0x51, 0x05, 0x00, 0x08, 0xE0, 0x5F,
    0x00, 0xFF, 0x50, 0xE2, 0x0B, 0x22, 0x7F, 0x21, 0x04, 0x00, 0x08, 0xE0, 0x5F, 0x00, 0xFF, 0x20,
    0xF2, 0x4F, 0x29, 0x1C, 0x8D, 0x05, 0x00, 0x08, 0xE0, 0x5F, 0x00, 0xFF, 0x90, 0x22, 0xC9, 0x3F,
    0x08, 0xFD, 0x05, 0x00, 0x08, 0xE0, 0x5F, 0x00, 0xFF, 0xA8, 0x42, 0x89, 0x2A, 0x14, 0x8D, 0x05,
    0x00, 0x08, 0xE0, 0x5F, 0x00, 0xFF, 0x48, 0xF2, 0x4F, 0x2A, 0x1A, 0xB5, 0x05, 0x00, 0x08, 0xE0,
    0x5F, 0x00, 0xFF, 0xA8, 0x62, 0xCB, 0x3F, 0x55, 0xFD, 0x05, 0x00, 0x40, 0x00, 0xD1, 0x25, 0x54,
    0x50, 0x21, 0x89, 0x44, 0x11, 0x61, 0x00, 0x00, 0xF0, 0x00, 0x80, 0x27, 0x50, 0xDC, 0x40, 0x85,
    0x24, 0x11, 0x61, 0x00, 0x00, 0xC4, 0x27, 0x11, 0x44, 0x11, 0x49, 0x07, 0x01, 0x05, 0x12, 0x85,
    0x07, 0x00, 0xE4, 0x27, 0x04, 0x10, 0x41, 0x08, 0x01, 0x84, 0x10, 0x42, 0xC4, 0x01, 0x00, 0x04,
    0x21, 0x04, 0x10, 0xF9, 0x09, 0x01, 0x04, 0x10, 0x42, 0x04, 0x01, 0x00, 0x40, 0xF4, 0x1F, 0x04,
    0x12, 0xD1, 0x82, 0x05, 0x25, 0x13, 0x61, 0x00, 0x00, 0x84, 0x20, 0x1E, 0x44, 0x29, 0x09, 0x05,
    0x08, 0x21, 0x62, 0x64, 0x00, 0x00, 0x04, 0x21, 0x04, 0x52, 0x49, 0x29, 0x85, 0x14, 0x52, 0x4A,
    0xE5, 0x07, 0x00, 0xE4, 0x27, 0x04, 0x10, 0x41, 0xE8, 0x07, 0x04, 0x10, 0x42, 0x04, 0x01, 0x00,
    0xC8, 0x47, 0x44, 0x10, 0xFA, 0x01, 0x41, 0x84, 0x10, 0x42, 0x84, 0x01, 0x00, 0x84, 0x20, 0x02,
    0x7F, 0x91, 0x48, 0x82, 0x08, 0x12, 0x71, 0x34, 0x06, 0x00, 0xF8, 0x03, 0xC1, 0x7F, 0x10, 0x5C,
    0x44, 0x0B, 0x15, 0x92, 0x64, 0x04, 0x00, 0xE4, 0x27, 0x04, 0x10, 0x41, 0x08, 0x01, 0x04, 0x11,
    0x42, 0xE4, 0x07, 0x00, 0x04, 0x21, 0x05, 0x74, 0x71, 0x69, 0x05, 0x05, 0x05, 0x12, 0xC5, 0x07,
    0x00, 0xC4, 0x27, 0x11, 0x44, 0x11, 0xC9, 0x07, 0x11, 0x45, 0x12, 0xC5, 0x07, 0x00, 0xE4, 0x27,
    0x04, 0x10, 0x41, 0xE8, 0x07, 0x04, 0x10, 0x42, 0xE4, 0x07, 0x00, 0x84, 0x20, 0x02, 0x7F, 0x21,
    0x88, 0x00, 0x05, 0x24, 0x29, 0x15, 0x05, 0x00, 0xE4, 0x23, 0x09, 0x14, 0xF1, 0x49, 0x84, 0x12,
    0x32, 0xA2, 0x64, 0x04, 0x00, 0x04, 0x21, 0x1F, 0x50, 0x41, 0xE9, 0x07, 0x04, 0x10, 0xA2, 0x64,
    0x04, 0x00, 0x24, 0xA0, 0x1F, 0x01, 0xF9, 0x08, 0x80, 0x0F, 0x20, 0x02, 0x05, 0x04, 0x00, 0x84,
    0x23, 0x08, 0x44, 0x11, 0xE9, 0x87, 0x12, 0x48, 0x12, 0x45, 0x03, 0x00, 0x84, 0x20, 0x04, 0x10,
    0x11, 0x68, 0x42, 0x91, 0x44, 0x92, 0x84, 0x03, 0x00, 0x04, 0xA6, 0x07, 0x10, 0x41, 0xE8, 0x07,
    0x04, 0x10, 0xA2, 0x64, 0x04, 0x00, 0xC8, 0x43, 0x40, 0x00, 0xFA, 0x41, 0x41, 0x85, 0x14, 0x52,
    0x25, 0x07, 0x00, 0x84, 0xA0, 0x1F, 0x4A, 0x29, 0x89, 0x01, 0x05, 0x14, 0x4A, 0x25, 0x07, 0x00,
    0xE4, 0xA7, 0x10, 0x00, 0xF1, 0x48, 0x02, 0x89, 0x24, 0x89, 0x24, 0x06, 0x00, 0x84, 0xA0, 0x1F,
    0x08, 0x29, 0xA9, 0x84, 0x1F, 0x0A, 0x22, 0x85, 0x07, 0x00, 0x04, 0x21, 0x04, 0x7E, 0x41, 0x88,
    0x01, 0x0D, 0x52, 0x42, 0x04, 0x01, 0x00, 0x44, 0x20, 0x1F, 0x44, 0x89, 0x08, 0x81, 0x1F, 0x24,
    0x62, 0x64, 0x06, 0x00, 0x04, 0xA1, 0x1F, 0x52, 0x49, 0x29, 0x85, 0x1F, 0x10, 0x42, 0x04, 0x01,
    0x00, 0x84, 0x20, 0x02, 0x2A, 0x29, 0x89, 0x00, 0x03, 0x40, 0xC2, 0xE4, 0x00, 0x00, 0x84, 0xA0,
    0x1F, 0x08, 0xF9, 0xA9, 0x84, 0x12, 0x4A, 0xAA, 0x85, 0x00, 0x00, 0x04, 0xA1, 0x1F, 0x10, 0x41,
    0xE8, 0x07, 0x04, 0x18, 0xD2, 0x24, 0x05, 0x00, 0xC4, 0x27, 0x11, 0x7C, 0x11, 0x49, 0x04, 0x1F,
    0x45, 0x12, 0xE5, 0x07, 0x00, 0x84, 0xA0, 0x1F, 0x42, 0x11, 0x48, 0x06, 0x07, 0x05, 0x12, 0xC5,
    0x07, 0x00, 0xF4, 0x27, 0x08, 0x2E, 0xA9, 0xA8, 0x82, 0x8A, 0x2E, 0x82, 0x04, 0x03, 0x00, 0x44,
    0xA1, 0x1F, 0x54, 0xF9, 0x49, 0xC1, 0x1F, 0x54, 0xCA, 0x25, 0x01, 0x00, 0x04, 0x21, 0x04, 0x7E,
    0x49, 0x29, 0x85, 0x1F, 0x52, 0x4A, 0xE5, 0x07, 0x00, 0x84, 0x20, 0x11, 0x44, 0xF1, 0x09, 0x00,
    0x1F, 0x45, 0x12, 0xC5, 0x07, 0x00, 0xE4, 0x27, 0x12, 0x44, 0x89, 0x09, 0x80, 0x1F, 0x42, 0x0A,
    0xE5, 0x07, 0x00, 0x04, 0x21, 0x04, 0x7E, 0x41, 0x08, 0x01, 0x1F, 0x45, 0x12, 0xC5, 0x07, 0x00,
    0x84, 0x20, 0x02, 0x78, 0x21, 0x88, 0x80, 0x1F, 0x42, 0x0A, 0xE5, 0x07, 0x00, 0x84, 0x23, 0x08,
    0x44, 0x09, 0x09, 0x00, 0x1F, 0x45, 0x12, 0xC5, 0x07, 0x00, 0xE4, 0xA7, 0x10, 0x42, 0x09, 0xE9,
    0x07, 0x05, 0x14, 0x4A, 0x25, 0x07, 0x00, 0xA4, 0xA4, 0x12, 0x7F, 0x29, 0xA9, 0x84, 0x1E, 0x02,
    0x0A, 0xE4, 0x07, 0x00, 0xE4, 0xA7, 0x14, 0x52, 0x49, 0x29, 0x85, 0x1A, 0x46, 0x0A, 0xE5, 0x07,
    0x00, 0x20, 0xE0, 0x8F, 0x20, 0xFE, 0x08, 0xF2, 0x1F, 0x25, 0x52, 0x64, 0x06, 0x00, 0x04, 0x21,
    0x02, 0x7E, 0x09, 0x29, 0x84, 0x1F, 0x42, 0x0A, 0xE5, 0x07, 0x00, 0x84, 0x21, 0x10, 0x48, 0xA9,
    0xA8, 0x05, 0x12, 0x0C, 0x2A, 0x85, 0x07, 0x00, 0x74, 0x22, 0x09, 0x24, 0x9D, 0x18, 0xC1, 0x05,
    0x54, 0x52, 0xB5, 0x07, 0x00, 0x84, 0xA0, 0x1F, 0x08, 0x21, 0xE8, 0x07, 0x0A, 0x24, 0x4A, 0xE5,
    0x04, 0x00, 0xE4, 0xA7, 0x12, 0x4A, 0x29, 0x69, 0x87, 0x10, 0x42, 0xFA, 0x25, 0x04, 0x00, 0x04,
    0xA6, 0x07, 0x08, 0x21, 0xE8, 0x07, 0x88, 0x10, 0x32, 0x24, 0x07, 0x00, 0x44, 0x20, 0x1F, 0x42,
    0x71, 0x49, 0x05, 0x17, 0x05, 0x12, 0xC5, 0x07, 0x00, 0x04, 0xA1, 0x1F, 0x52, 0x49, 0xE8, 0x87,
    0x12, 0x29, 0xC5, 0xC4, 0x04, 0x00, 0x84, 0xA0, 0x1F, 0x00, 0x91, 0x48, 0x02, 0x09, 0x14, 0x42,
    0xE4, 0x07, 0x00, 0xE4, 0xA7, 0x10, 0x7E, 0x09, 0xA8, 0x84, 0x0E, 0x0A, 0x25, 0x95, 0x07, 0x00,
    0x84, 0x20, 0x04, 0x7E, 0x41, 0x08, 0x01, 0x1F, 0x11, 0x42, 0xE4, 0x07, 0x00, 0x40, 0xF0, 0x1F,
    0x04, 0xFE, 0x20, 0x71, 0x8D, 0x4C, 0x54, 0x6C, 0x06, 0x00, 0x04, 0xA1, 0x1F, 0x52, 0x49, 0x29,
    0xC5, 0x1F, 0x10, 0xA2, 0x64, 0x04, 0x00, 0xC4, 0x23, 0x00, 0x1E, 0x41, 0x69, 0x03, 0x05, 0x34,
    0x4A, 0x85, 0x01, 0x00, 0x44, 0x22, 0x05, 0x7E, 0x41, 0xE8, 0x07, 0x04, 0x10, 0xFA, 0x05, 0x01,
    0x00, 0xE4, 0x25, 0x11, 0x5C, 0x51, 0x69, 0x85, 0x16, 0x50, 0x22, 0x65, 0x06, 0x00, 0x24, 0xA1,
    0x1F, 0x12, 0x41, 0xE8, 0x07, 0x04, 0x19, 0x52, 0x25, 0x07, 0x00, 0xC4, 0x27, 0x11, 0x2A, 0xC1,
    0x88, 0x04, 0x1F, 0x46, 0x12, 0xC5, 0x07, 0x00, 0xE4, 0xA7, 0x10, 0x5E, 0x09, 0xE9, 0x85, 0x14,
    0x52, 0x7A, 0x25, 0x06, 0x00, 0x04, 0xA1, 0x1F, 0x50, 0xF9, 0x09, 0x85, 0x1F, 0x10, 0xFA, 0x05,
    0x01, 0x00, 0x44, 0x22, 0x09, 0x7E, 0x91, 0x48, 0xC2, 0x1F, 0x00, 0x92, 0x24, 0x04, 0x00, 0xE4,
    0x27, 0x09, 0x3C, 0x91, 0xC8, 0x03, 0x89, 0x7E, 0x81, 0x04, 0x02, 0x00, 0x44, 0x25, 0x15, 0x54,
    0xF9, 0x49, 0x05, 0x15, 0x54, 0x4A, 0x25, 0x04, 0x00, 0x24, 0xA0, 0x1F, 0x55, 0x21, 0xA9, 0x84,
    0x15, 0x42, 0x7A, 0x05, 0x03, 0x00, 0x04, 0xA3, 0x03, 0x08, 0xFD, 0x89, 0x80, 0x8F, 0x22, 0x8A,
    0xE4, 0x03, 0x00, 0x84, 0x23, 0x11, 0x02, 0xF1, 0x09, 0x00, 0x1F, 0x45, 0x12, 0xC5, 0x07, 0x00,
    0x04, 0xA3, 0x03, 0x62, 0x69, 0xA8, 0x84, 0x0A, 0x1A, 0xA5, 0xD4, 0x05, 0x00, 0x84, 0xA0, 0x1F,
    0x08, 0x91, 0xE8, 0x07, 0x00, 0x2A, 0xAA, 0xA4, 0x06, 0x00, 0x44, 0x27, 0x05, 0x1F, 0xD1, 0x49,
    0x85, 0x17, 0x55, 0x52, 0x65, 0x04, 0x00, 0x84, 0x20, 0x11, 0x7E, 0xA1, 0x68, 0x06, 0x0E, 0x26,
    0x62, 0x64, 0x06, 0x00, 0x04, 0xA5, 0x1F, 0x10, 0xF9, 0x29, 0x85, 0x9F, 0x52, 0xFA, 0x25, 0x05,
    0x00, 0x44, 0x21, 0x1F, 0x12, 0xF9, 0x09, 0x00, 0x1F, 0x44, 0x12, 0xC5, 0x07, 0x00, 0x04, 0x21,
    0x1F, 0x44, 0xF1, 0x49, 0x04, 0x1F, 0x55, 0x92, 0xC4, 0x04, 0x00, 0xE4, 0xA7, 0x14, 0x7E, 0x49,
    0xE9, 0x07, 0x84, 0x7E, 0x42, 0xF4, 0x07, 0x00, 0xE4, 0xA7, 0x14, 0x24, 0x01, 0xC8, 0x03, 0x08,
    0x7E, 0x42, 0x84, 0x01, 0x00, 0x44, 0xA2, 0x10, 0x00, 0xE1, 0x48, 0x84, 0x00, 0x7C, 0x12, 0xC5,
    0x07, 0x00, 0x24, 0xA0, 0x1F, 0x01, 0xF9, 0xA8, 0xC2, 0x9F, 0x2A, 0xFA, 0x05, 0x02, 0x00, 0xE4,
    0x27, 0x10, 0x7C, 0x01, 0xE9, 0x07, 0x11, 0x24, 0x62, 0x64, 0x06, 0x00, 0xE4, 0x27, 0x00, 0x54,
    0xA9, 0x48, 0x05, 0x80, 0x7E, 0x41, 0xE4, 0x07, 0x00, 0x04, 0xA1, 0x14, 0x34, 0x41, 0xE8, 0x87,
    0x10, 0x7E, 0x0A, 0x25, 0x06, 0x00, 0x84, 0xA0, 0x0E, 0x0A, 0xFD, 0x89, 0x80, 0x92, 0x4A, 0x81,
    0xE4, 0x01, 0x00, 0x74, 0x26, 0x07, 0x12, 0xDD, 0x49, 0x41, 0x05, 0x7A, 0x1A, 0x94, 0x07, 0x00,
    0xC4, 0x27, 0x11, 0x7C, 0x01, 0xC8, 0x07, 0x11, 0x7D, 0x12, 0x45, 0x06, 0x00, 0x44, 0x22, 0x05,
    0x7E, 0x21, 0xE9, 0x87, 0x02, 0x7E, 0x32, 0xA5, 0x06, 0x00, 0xF4, 0x65, 0x14, 0x5F, 0x15, 0xF9,
    0x45, 0x95, 0x55, 0x55, 0x55, 0x04, 0x00, 0xE4, 0xA7, 0x04, 0x7A, 0x49, 0xE8, 0x87, 0x04, 0x7A,
    0x42, 0xE4, 0x07, 0x00, 0x84, 0xE0, 0x1F, 0x0A, 0xE9, 0x69, 0xC5, 0x12, 0x2A, 0xCA, 0xE4, 0x04,
    0x00, 0xE4, 0x27, 0x02, 0x18, 0x49, 0x69, 0x87, 0x16, 0x77, 0x2A, 0xE5, 0x07, 0x00, 0xE4, 0xA7,
    0x14, 0x7E, 0x49, 0xA9, 0x87, 0x12, 0x7B, 0x0A, 0xE5, 0x07, 0x00, 0x04, 0xA1, 0x1F, 0x00, 0xF1,
    0x49, 0x04, 0x1F, 0x10, 0x52, 0xA5, 0x05, 0x00, 0x44, 0xA5, 0x0A, 0x54, 0x01, 0xE8, 0x87, 0x94,
    0x7E, 0x49, 0xE5, 0x07, 0x00, 0x44, 0x27, 0x05, 0x1F, 0xD1, 0x69, 0x85, 0x15, 0x5D, 0x55, 0x45,
    0x04, 0x00, 0xC4, 0x26, 0x06, 0x24, 0xF9, 0x89, 0x00, 0x1F, 0x46, 0xF2, 0x45, 0x04, 0x00, 0x44,
    0xA2, 0x1F, 0x24, 0xF1, 0x48, 0xC2, 0x1F, 0x00, 0x92, 0x24, 0x04, 0x00, 0x24, 0xA1, 0x04, 0x7F,
    0x49, 0xA8, 0xC1, 0x0D, 0x52, 0x4A, 0x24, 0x01, 0x00, 0x84, 0xA0, 0x0A, 0x4A, 0x21, 0xE8, 0x87,
    0x14, 0x5E, 0x0A, 0x25, 0x06, 0x00, 0x24, 0xA7, 0x13, 0x52, 0x49, 0xF9, 0x85, 0x08, 0x2B, 0x4A,
    0xE5, 0x04, 0x00, 0x84, 0xA0, 0x1F, 0x48, 0xFD, 0x89, 0x84, 0x1F, 0x24, 0x72, 0x34, 0x06, 0x00,
    0x24, 0xA0, 0x1F, 0x42, 0x79, 0x89, 0xC4, 0x1F, 0x48, 0x2A, 0xE5, 0x03, 0x00, 0x84, 0xA0, 0x1F,
    0x42, 0xF1, 0x09, 0x80, 0x1F, 0x10, 0x52, 0x25, 0x05, 0x00, 0x04, 0xA4, 0x0F, 0x42, 0xF9, 0x29,
    0x85, 0x9F, 0x12, 0xA5, 0x54, 0x04, 0x00, 0xA4, 0xA3, 0x08, 0x4B, 0x19, 0x29, 0x81, 0x05, 0x4B,
    0x2A, 0xA5, 0x07, 0x00, 0x44, 0x25, 0x15, 0x28, 0x19, 0x09, 0x01, 0x15, 0x55, 0xA2, 0x64, 0x04,
    0x00, 0x24, 0xE3, 0x13, 0x02, 0x49, 0xE8, 0x42, 0x12, 0x18, 0xA2, 0x64, 0x04, 0x00, 0xC4, 0x27,
    0x09, 0x52, 0xF9, 0x09, 0x85, 0x1F, 0x50, 0xFA, 0x05, 0x01, 0x00, 0xC4, 0xA3, 0x10, 0x7C, 0x01,
    0xE8, 0x07, 0x15, 0x7E, 0x52, 0x45, 0x05, 0x00, 0xE4, 0x25, 0x12, 0x52, 0x11, 0xE8, 0x07, 0x04,
    0x7E, 0x42, 0xE4, 0x07, 0x00, 0x84, 0x22, 0x1F, 0x24, 0xF9, 0x49, 0x02, 0x1F, 0x25, 0x92, 0xC4,
    0x07, 0x00, 0xE4, 0xA7, 0x0A, 0x28, 0x99, 0x09, 0x81, 0x1F, 0x18, 0xD2, 0x24, 0x05, 0x00, 0x04,
    0xA1, 0x1F, 0x44, 0xF1, 0x09, 0x02, 0x04, 0x7E, 0x42, 0x84, 0x01, 0x00, 0x54, 0x65, 0x15, 0x77,
    0x05, 0xF9, 0x47, 0x10, 0x77, 0x55, 0x55, 0x05, 0x00, 0xE4, 0xA7, 0x10, 0x7E, 0x09, 0xE9, 0x87,
    0x04, 0x76, 0x4A, 0x64, 0x07, 0x00, 0x84, 0xA0, 0x1F, 0x2C, 0x29, 0xE9, 0x87, 0x12, 0x7E, 0x2A,
    0x84, 0x07, 0x00, 0x44, 0xA2, 0x1F, 0x24, 0x61, 0x49, 0xC2, 0x1F, 0x24, 0x62, 0x65, 0x06, 0x00,
    0xE4, 0x23, 0x02, 0x08, 0xFD, 0x49, 0x82, 0x12, 0x29, 0x29, 0xD5, 0x02, 0x00, 0x04, 0xA1, 0x1F,
    0x10, 0xF1, 0x09, 0x81, 0x1F, 0x44, 0xF2, 0x45, 0x04, 0x00, 0xC4, 0xA3, 0x08, 0x7F, 0x29, 0x69,
    0x87, 0x10, 0x7F, 0xA2, 0x64, 0x04, 0x00, 0x84, 0xA4, 0x1F, 0x48, 0xA1, 0xE8, 0x07, 0x11, 0x7E,
    0x15, 0xC5, 0x07, 0x00, 0x04, 0xA5, 0x1F, 0x12, 0x79, 0xA9, 0x85, 0x0A, 0x2E, 0x45, 0xD5, 0x04,
    0x00, 0xE4, 0x23, 0x11, 0x7A, 0x01, 0xE8, 0x85, 0x14, 0x3E, 0x4A, 0xA5, 0x05, 0x00, 0xC8, 0x47,
    0x41, 0x7C, 0x1A, 0xD1, 0x27, 0xC1, 0x7F, 0x94, 0x4C, 0x04, 0x00, 0x04, 0xA1, 0x1F, 0x2A, 0xF9,
    0xA9, 0x82, 0x9F, 0x4A, 0xCA, 0xD4, 0x04, 0x00, 0x04, 0xA1, 0x1F, 0x34, 0x49, 0xC9, 0x07, 0x11,
    0x7C, 0x12, 0xE5, 0x07, 0x00, 0x24, 0xE1, 0x07, 0x72, 0x7D, 0x49, 0x85, 0x14, 0x4F, 0x12, 0x65,
    0x03, 0x00, 0xE4, 0xA7, 0x10, 0x7E, 0xA9, 0xE8, 0x87, 0x04, 0x7F, 0x42, 0xE4, 0x07, 0x00, 0xE4,
    0xA3, 0x08, 0x3A, 0xA9, 0xF8, 0x47, 0x15, 0x55, 0x76, 0x15, 0x06, 0x00, 0xE4, 0xA5, 0x14, 0x5E,
    0x49, 0x29, 0x85, 0x17, 0x40, 0x29, 0x15, 0x05, 0x00, 0xE4, 0xA7, 0x14, 0x7E, 0x49, 0xE9, 0x07,
    0x11, 0x7D, 0x12, 0x45, 0x06, 0x00, 0x44, 0xA2, 0x1F, 0x24, 0xFD, 0x49, 0x83, 0x14, 0x1C, 0x12,
    0xC5, 0x07, 0x00, 0x04, 0xA1, 0x1F, 0x42, 0xF1, 0x08, 0x00, 0x0F, 0x25, 0x92, 0xE4, 0x07, 0x00,
    0xC8, 0x43, 0x49, 0x3C, 0x92, 0xC0, 0x07, 0x91, 0x52, 0x51, 0xC5, 0x06, 0x00, 0x24, 0xE1, 0x1F,
    0x0A, 0xE9, 0x69, 0x44, 0x09, 0x7C, 0x92, 0x64, 0x03, 0x00, 0x04, 0xE1, 0x05, 0x5D, 0x5D, 0x59,
    0xC1, 0x07, 0x45, 0xDD, 0xC4, 0x00, 0x00, 0xE4, 0xA7, 0x14, 0x7E, 0x51, 0xC9, 0x07, 0x15, 0x54,
    0xFA, 0x05, 0x01, 0x00, 0x84, 0xA7, 0x09, 0x74, 0xB9, 0x48, 0x87, 0x0B, 0x75, 0x8A, 0x24, 0x02,
    0x00, 0x04, 0xA1, 0x1F, 0x08, 0xF9, 0x49, 0x85, 0x04, 0x7C, 0xA2, 0x64, 0x04, 0x00, 0xA4, 0xA4,
    0x12, 0x7E, 0x01, 0xE8, 0x07, 0x02, 0x7E, 0x2A, 0xA5, 0x06, 0x00, 0x44, 0xA2, 0x1F, 0x00, 0x79,
    0x29, 0x85, 0x97, 0x52, 0x79, 0x25, 0x05, 0x00, 0xA4, 0xE7, 0x13, 0x7A, 0x29, 0xF9, 0x44, 0x1E,
    0x49, 0x3D, 0x45, 0x06, 0x00, 0xA4, 0xA7, 0x12, 0x7F, 0x29, 0xA9, 0x84, 0x1F, 0x4B, 0x2A, 0xA5,
    0x07, 0x00, 0x44, 0xA2, 0x1F, 0x24, 0xF1, 0x48, 0xC6, 0x0F, 0x6A, 0x1A, 0xE4, 0x07, 0x00, 0xE4,
    0x23, 0x04, 0x7E, 0x29, 0xE9, 0x87, 0x12, 0x7F, 0x11, 0x35, 0x03, 0x00, 0xE4, 0x27, 0x0A, 0x7E,
    0x51, 0xE9, 0x07, 0x04, 0x7E, 0x42, 0xE4, 0x07, 0x00, 0xE4, 0xA3, 0x08, 0x3E, 0x89, 0xE8, 0x87,
    0x00, 0x7F, 0x52, 0xA5, 0x06, 0x00, 0xE4, 0xA7, 0x0A, 0x2E, 0xE9, 0xE9, 0x82, 0x88, 0x36, 0xA1,
    0x44, 0x06, 0x00, 0xE4, 0xA7, 0x04, 0x7A, 0x29, 0xA9, 0x87, 0x92, 0x7A, 0x4A, 0x54, 0x05, 0x00,
    0x44, 0xA2, 0x5F, 0x12, 0xFA, 0x21, 0xA1, 0x5F, 0x04, 0xFF, 0x41, 0x00, 0x00, 0x04, 0xA1, 0x1F,
    0x10, 0xF9, 0x89, 0x00, 0x11, 0x7E, 0x52, 0xE5, 0x07, 0x00, 0x64, 0xA7, 0x14, 0x52, 0x29, 0xE9,
    0x87, 0x14, 0x7E, 0x4A, 0xE5, 0x07, 0x00, 0x84, 0xA2, 0x1F, 0x28, 0xF9, 0x49, 0x05, 0x1F, 0x54,
    0xFA, 0x45, 0x04, 0x00, 0x44, 0x22, 0x05, 0x7F, 0x91, 0x28, 0xC4, 0x0F, 0x2A, 0xAA, 0xF4, 0x07,
    0x00, 0x04, 0xA5, 0x1F, 0x54, 0xF1, 0x49, 0x05, 0x88, 0x7E, 0x92, 0x84, 0x02, 0x00, 0xC4, 0x27,
    0x09, 0x4A, 0x41, 0xE8, 0x07, 0x04, 0x7E, 0xA2, 0x64, 0x04, 0x00, 0xE4, 0xA3, 0x0A, 0x36, 0x89,
    0xE8, 0x03, 0x80, 0x3E, 0xA9, 0xF4, 0x07, 0x00, 0xA4, 0x27, 0x14, 0x7F, 0x51, 0x49, 0xE5, 0x1F,
    0x54, 0x4A, 0x25, 0x05, 0x00, 0x04, 0xA1, 0x1F, 0x2A, 0x11, 0xA9, 0x03, 0x11, 0x7E, 0x12, 0xC5,
    0x07, 0x00, 0x74, 0x27, 0x11, 0x77, 0x45, 0x70, 0x27, 0x13, 0x55, 0x32, 0x65, 0x06, 0x00, 0xE4,
    0x27, 0x09, 0x12, 0x91, 0x68, 0x07, 0x82, 0x3E, 0x21, 0xF4, 0x07, 0x00, 0x84, 0xA0, 0x1F, 0x24,
    0x91, 0xE8, 0x47, 0x12, 0x7E, 0x12, 0x25, 0x03, 0x00, 0x84, 0x23, 0x11, 0x7E, 0x11, 0xC9, 0x07,
    0x01, 0x7C, 0x1A, 0xC5, 0x07, 0x00, 0x04, 0xA5, 0x1F, 0x12, 0x79, 0x29, 0x85, 0x0F, 0x29, 0x55,
    0x45, 0x04, 0x00, 0x04, 0xA1, 0x1F, 0x24, 0xF1, 0x48, 0x02, 0x89, 0x7E, 0xA1, 0x64, 0x04, 0x00,
    0x44, 0x22, 0x05, 0x7F, 0x91, 0x28, 0x81, 0x1F, 0x24, 0x49, 0xF4, 0x07, 0x00, 0xA4, 0xA7, 0x11,
    0x2A, 0xC5, 0xD8, 0x44, 0x05, 0x7D, 0x66, 0x54, 0x05, 0x00, 0xE4, 0xA3, 0x08, 0x1A, 0xFD, 0x09,
    0x84, 0x0F, 0x22, 0xFA, 0x24, 0x02, 0x00, 0x04, 0xA1, 0x1F, 0x52, 0xF9, 0x49, 0xC2, 0x1F, 0x10,
    0xFA, 0x05, 0x01, 0x00, 0xC4, 0x27, 0x09, 0x4A, 0x41, 0xE8, 0x86, 0x10, 0x6E, 0x0A, 0xE5, 0x07,
    0x00, 0xE4, 0x27, 0x00, 0x7E, 0x09, 0xE9, 0x87, 0x14, 0x7E, 0x15, 0xD4, 0x07, 0x00, 0xA4, 0xE2,
    0x1F, 0x2A, 0x25, 0xF9, 0x47, 0x12, 0x7F, 0x2A, 0xA5, 0x06, 0x00, 0x44, 0xA2, 0x1F, 0x24, 0x49,
    0xE8, 0x47, 0x0A, 0x46, 0xC2, 0xE4, 0x00, 0x00, 0x04, 0xA1, 0x1F, 0x24, 0x91, 0xE8, 0x87, 0x14,
    0x7E, 0x2A, 0xA5, 0x07, 0x00, 0x84, 0xA0, 0x1F, 0x24, 0xF9, 0x29, 0x82, 0x0F, 0x54, 0x8D, 0xE4,
    0x04, 0x00, 0x44, 0xA2, 0x1F, 0x24, 0xF1, 0x88, 0xC0, 0x1F, 0x49, 0x6D, 0xD5, 0x06, 0x00, 0xC4,
    0xA3, 0x04, 0x7F, 0x49, 0xE9, 0x87, 0x14, 0x7E, 0x92, 0x94, 0x04, 0x00, 0xE4, 0x27, 0x0A, 0x7E,
    0x51, 0xE9, 0x07, 0x00, 0x7E, 0x52, 0x24, 0x05, 0x00, 0x04, 0xA1, 0x1F, 0x54, 0xC9, 0x88, 0x05,
    0x05, 0x32, 0x52, 0xA5, 0x05, 0x00, 0xE4, 0xA7, 0x10, 0x7E, 0x49, 0xE8, 0x87, 0x14, 0x5A, 0xD5,
    0x15, 0x05, 0x00, 0x04, 0xA1, 0x1F, 0x2A, 0x51, 0xE9, 0x07, 0x02, 0x7E, 0x2A, 0xE5, 0x05, 0x00,
    0x84, 0xE0, 0x1F, 0x49, 0xF9, 0xA8, 0x82, 0x0F, 0x2A, 0xF1, 0x34, 0x06, 0x00, 0x44, 0xE1, 0x1F,
    0x55, 0xFD, 0x59, 0xC5, 0x1F, 0x42, 0x0A, 0xE5, 0x07, 0x00, 0xE4, 0x27, 0x0A, 0x7C, 0x11, 0xC9,
    0x07, 0x11, 0x7E, 0xA2, 0x64, 0x04, 0x00, 0xE4, 0x27, 0x0A, 0x7E, 0x49, 0xE9, 0x07, 0x04, 0x7E,
    0xA2, 0x64, 0x04, 0x00, 0x14, 0xA1, 0x1F, 0x54, 0xF1, 0x59, 0xC5, 0x1F, 0x11, 0x0D, 0xCC, 0x07,
    0x00, 0xA4, 0xA0, 0x1E, 0x07, 0xE9, 0x69, 0x45, 0x05, 0x75, 0x51, 0xB4, 0x06, 0x00, 0x44, 0x61,
    0x1F, 0x2A, 0x15, 0xC9, 0x87, 0x15, 0x55, 0x71, 0x35, 0x06, 0x00, 0xE4, 0xA3, 0x08, 0x22, 0xFD,
    0x59, 0xC5, 0x1F, 0x22, 0x72, 0x34, 0x06, 0x00, 0x84, 0xA0, 0x0F, 0x08, 0xFD, 0x29, 0x82, 0x8F,
    0x22, 0xFA, 0x14, 0x04, 0x00, 0xE4, 0xA7, 0x14, 0x7E, 0x49, 0xE9, 0x07, 0x89, 0x5E, 0x41, 0xA4,
    0x05, 0x00, 0x44, 0xE1, 0x1F, 0x44, 0xFD, 0x59, 0xC2, 0x0F, 0x24, 0x5A, 0xD5, 0x04, 0x00, 0xF4,
    0x27, 0x01, 0x7C, 0x1D, 0x98, 0xC7, 0x05, 0x54, 0x92, 0xF4, 0x04, 0x00, 0x04, 0xA1, 0x1F, 0x24,
    0xFD, 0x29, 0x84, 0x9F, 0x42, 0xFD, 0x05, 0x01, 0x00, 0x44, 0xE7, 0x07, 0x15, 0xFD, 0x59, 0xC5,
    0x17, 0x54, 0x7E, 0x45, 0x04, 0x00, 0x44, 0xA2, 0x1F, 0x08, 0xF9, 0x89, 0x80, 0x1B, 0x34, 0x4A,
    0x85, 0x05, 0x00, 0xD4, 0x77, 0x0A, 0x7F, 0x17, 0x95, 0x06, 0xC1, 0x6D, 0x54, 0x6C, 0x06, 0x00,
    0xE4, 0x22, 0x1A, 0x3A, 0x11, 0xE9, 0x87, 0x14, 0x6F, 0xE2, 0x64, 0x04, 0x00, 0xA4, 0xE7, 0x15,
    0x52, 0xBD, 0x49, 0x81, 0x92, 0x7F, 0xA9, 0x94, 0x04, 0x00, 0xE4, 0x27, 0x15, 0x10, 0xF9, 0x49,
    0x83, 0x14, 0x7E, 0x4A, 0xE5, 0x07, 0x00, 0x44, 0xA2, 0x1F, 0x2A, 0xFD, 0xA9, 0x42, 0x15, 0x7E,
    0x0A, 0xE5, 0x07, 0x00, 0x74, 0x67, 0x15, 0x77, 0x55, 0xF9, 0x47, 0x12, 0x5D, 0x25, 0xD5, 0x05,
    0x00, 0x04, 0xA1, 0x1F, 0x2A, 0xF1, 0x69, 0x04, 0x1F, 0x10, 0x52, 0xA5, 0x05, 0x00, 0xF4, 0x27,
    0x05, 0x7F, 0x55, 0xF9, 0x87, 0x08, 0x22, 0xFD, 0x85, 0x00, 0x00, 0xA4, 0xE7, 0x13, 0x7A, 0x3D,
    0x99, 0xC4, 0x1F, 0x49, 0x3E, 0xA5, 0x06, 0x00, 0x04, 0xA1, 0x1F, 0x52, 0xF9, 0x49, 0x04, 0x1F,
    0x45, 0xE2, 0x64, 0x04, 0x00, 0x44, 0xA2, 0x1F, 0x34, 0xB9, 0x49, 0x82, 0x1F, 0x42, 0xFA, 0x25,
    0x04, 0x00, 0xF4, 0x67, 0x10, 0x7F, 0x45, 0xF8, 0x47, 0x02, 0x7F, 0x92, 0x64, 0x03, 0x00, 0x04,
    0xA1, 0x1F, 0x24, 0x91, 0xE8, 0x07, 0x15, 0x7C, 0x42, 0xE4, 0x07, 0x00, 0xF4, 0x27, 0x15, 0x5F,
    0x29, 0x59, 0x03, 0x09, 0x6D, 0x95, 0xF4, 0x07, 0x00, 0xE4, 0x25, 0x0A, 0x3A, 0x11, 0xE9, 0x47,
    0x11, 0x7C, 0xA2, 0xE4, 0x07, 0x00, 0x04, 0xA1, 0x1F, 0x24, 0xFD, 0x49, 0x82, 0x1F, 0x18, 0x52,
    0x25, 0x07, 0x00, 0x24, 0xE1, 0x1F, 0x4A, 0x45, 0xF9, 0x45, 0x8A, 0x2F, 0x65, 0xD5, 0x04, 0x00,
    0x44, 0xE4, 0x0F, 0x04, 0x7D, 0x19, 0xC3, 0x07, 0x08, 0x2A, 0xF5, 0x03, 0x00, 0x74, 0x67, 0x15,
    0x77, 0x55, 0xF9, 0x47, 0x15, 0x5D, 0x55, 0xD5, 0x05, 0x00, 0xC4, 0x23, 0x09, 0x7E, 0x49, 0xE9,
    0x07, 0x04, 0x7E, 0x52, 0x24, 0x05, 0x00, 0xE4, 0x27, 0x15, 0x54, 0xF9, 0x49, 0xC2, 0x1F, 0x10,
    0xFA, 0x05, 0x01, 0x00, 0xC8, 0x47, 0x55, 0x7C, 0x52, 0xE1, 0x07, 0x11, 0x7D, 0xA2, 0xE4, 0x07,
    0x00, 0xF4, 0x67, 0x14, 0x5F, 0x55, 0xF9, 0x40, 0x1D, 0x4F, 0xD1, 0x94, 0x04, 0x00, 0x84, 0xA0,
    0x1F, 0x6A, 0x59, 0xA9, 0x07, 0x15, 0x7E, 0xA2, 0x64, 0x04, 0x00, 0xC4, 0xA3, 0x08, 0x7F, 0xA9,
    0x68, 0x87, 0x00, 0x7D, 0x15, 0xC5, 0x07, 0x00, 0x24, 0xE1, 0x1F, 0x49, 0x7D, 0x29, 0xC5, 0x0B,
    0x2A, 0x65, 0xD5, 0x04, 0x00, 0xF4, 0x67, 0x15, 0x7F, 0x09, 0xE8, 0x47, 0x15, 0x5F, 0x51, 0xF5,
    0x06, 0x00, 0x84, 0xE0, 0x1F, 0x55, 0xFD, 0x59, 0xC5, 0x9F, 0x14, 0xD9, 0x54, 0x05, 0x00, 0x84,
    0xA2, 0x1F, 0x52, 0xF9, 0x29, 0x80, 0x1F, 0x55, 0x95, 0xC4, 0x04, 0x00, 0x04, 0xA1, 0x1F, 0x24,
    0x29, 0x89, 0x82, 0x1F, 0x54, 0xFA, 0x05, 0x01, 0x00, 0x84, 0xA2, 0x1F, 0x28, 0xF9, 0xA9, 0x04,
    0x0D, 0x5A, 0xD2, 0xA4, 0x05, 0x00, 0x04, 0xA1, 0x1F, 0x28, 0xB9, 0x49, 0x85, 0x0E, 0x44, 0xF2,
    0x65, 0x04, 0x00, 0x04, 0xA1, 0x1F, 0x24, 0xF9, 0x29, 0x04, 0x1F, 0x2A, 0x52, 0xA5, 0x05, 0x00,
    0xE4, 0x27, 0x04, 0x7E, 0x49, 0x69, 0x07, 0x04, 0x7E, 0x2A, 0xA5, 0x06, 0x00, 0xE4, 0x27, 0x02,
    0x7E, 0x21, 0xE9, 0x03, 0x00, 0x7F, 0x2A, 0xE5, 0x06, 0x00, 0xF4, 0x61, 0x1D, 0x0F, 0xE5, 0x99,
    0xC0, 0x1F, 0x55, 0x55, 0xF5, 0x07, 0x00, 0x04, 0xA3, 0x1F, 0x3A, 0x11, 0xA9, 0x03, 0x11, 0x7E,
    0x12, 0xC5, 0x07, 0x00, 0xC4, 0xA6, 0x16, 0x6C, 0x29, 0xE9, 0x87, 0x04, 0x7F, 0x4A, 0xE4, 0x07,
    0x00, 0x04, 0xA1, 0x1F, 0x42, 0xF1, 0x28, 0x05, 0x1F, 0x47, 0xF1, 0x34, 0x04, 0x00, 0x74, 0x65,
    0x1F, 0x27, 0x75, 0x59, 0xC2, 0x1F, 0x28, 0x6A, 0x45, 0x06, 0x00, 0x84, 0xA1, 0x1F, 0x4A, 0xF9,
    0xA8, 0x82, 0x0F, 0x29, 0x0A, 0xE5, 0x05, 0x00, 0x04, 0xA1, 0x1F, 0x10, 0xF9, 0x49, 0x85, 0x9F,
    0x42, 0xF1, 0x34, 0x04, 0x00, 0x84, 0xE0, 0x1F, 0x41, 0xD9, 0x28, 0x82, 0x1F, 0x40, 0x2A, 0xA5,
    0x06, 0x00, 0x04, 0xA1, 0x1F, 0x52, 0xD1, 0xE8, 0x07, 0x15, 0x7E, 0x52, 0xC5, 0x07, 0x00, 0xB4,
    0x65, 0x14, 0x5B, 0x51, 0xE9, 0x45, 0x15, 0x4F, 0x52, 0xF5, 0x06, 0x00, 0xE4, 0xA7, 0x10, 0x7E,
    0xA1, 0xE8, 0x07, 0x09, 0x5A, 0xD2, 0x24, 0x05, 0x00, 0xA4, 0xA7, 0x09, 0x7A, 0x3D, 0xA9, 0x87,
    0x13, 0x7B, 0x51, 0xB4, 0x04, 0x00, 0x24, 0xE3, 0x13, 0x02, 0xFD, 0x99, 0xC4, 0x1B, 0x59, 0xBE,
    0x25, 0x05, 0x00, 0x04, 0xE1, 0x1F, 0x02, 0xF9, 0x29, 0xC2, 0x1F, 0x55, 0xDD, 0xD5, 0x04, 0x00,
    0xE4, 0xA7, 0x0A, 0x7E, 0xA9, 0x68, 0x85, 0x04, 0x75, 0x52, 0xE4, 0x07, 0x00, 0x84, 0xA2, 0x1F,
    0x28, 0xFD, 0x09, 0x85, 0x1F, 0x52, 0xBA, 0xB5, 0x06, 0x00, 0xA4, 0xE7, 0x15, 0x7A, 0x3F, 0xA9,
    0xE7, 0x13, 0x7A, 0x9A, 0xA4, 0x04, 0x00, 0xF4, 0x27, 0x15, 0x13, 0xF5, 0x99, 0xC5, 0x1D, 0x5A,
    0xDA, 0xB5, 0x05, 0x00, 0x74, 0x67, 0x15, 0x77, 0x55, 0xF9, 0x47, 0x15, 0x7D, 0x66, 0x55, 0x05,
    0x00, 0xE4, 0x27, 0x0A, 0x7E, 0x49, 0xE9, 0x07, 0x0A, 0x7C, 0x9A, 0xC4, 0x07, 0x00, 0xE4, 0x26,
    0x00, 0x6E, 0xA9, 0xE8, 0x07, 0x15, 0x7F, 0x8A, 0xE4, 0x06, 0x00, 0xA4, 0xE2, 0x1F, 0x2D, 0xFD,
    0xA9, 0xC2, 0x1F, 0x2A, 0xB5, 0x94, 0x07, 0x00, 0xE4, 0x62, 0x14, 0x2E, 0x45, 0xE9, 0x82, 0x0A,
    0x7F, 0x02, 0x85, 0x03, 0x00, 0xD4, 0xA5, 0x08, 0x5D, 0x89, 0xD8, 0x45, 0x95, 0x7E, 0xA9, 0x94,
    0x04, 0x00, 0x40, 0x00, 0x81, 0x44, 0x12, 0x45, 0x82, 0x02, 0x0A, 0x44, 0x0C, 0x06, 0x00, 0x08,
    0xF0, 0x9F, 0x08, 0x2A, 0xA9, 0x22, 0x42, 0x14, 0x89, 0x10, 0x04, 0x00, 0x10, 0x51, 0x44, 0x13,
    0xF5, 0x11, 0x41, 0x84, 0x12, 0x42, 0xC4, 0x07, 0x00, 0xF0, 0x33, 0x04, 0x0E, 0xC7, 0x41, 0x20,
    0x51, 0x24, 0x6C, 0x0C, 0x06, 0x00, 0x50, 0x50, 0x5F, 0x43, 0x05, 0x51, 0x44, 0x92, 0x42, 0x09,
    0x05, 0x03, 0x00, 0x90, 0x24, 0x49, 0x12, 0x92, 0x80, 0x20, 0x89, 0x24, 0x6C, 0x0C, 0x06, 0x00,
    0x50, 0x50, 0x5F, 0x55, 0x55, 0x11, 0xA1, 0x84, 0x12, 0xA1, 0x64, 0x04, 0x00, 0x48, 0x22, 0x09,
    0x1B, 0x83, 0x41, 0x20, 0x89, 0x24, 0x6C, 0x0C, 0x06, 0x00, 0x10, 0x51, 0x44, 0x55, 0x4D, 0x11,
    0x61, 0x86, 0x42, 0xC1, 0xC4, 0x00, 0x00, 0x10, 0x51, 0x5F, 0x03, 0xE5, 0x90, 0xA2, 0x8A, 0x2A,
    0xA1, 0x44, 0x06, 0x00, 0xF0, 0x33, 0x09, 0x19, 0x38, 0x1C, 0x27, 0x51, 0x24, 0x6C, 0x0C, 0x06,
    0x00, 0x10, 0x51, 0x5F, 0x0B, 0x15, 0x90, 0x42, 0x84, 0x4A, 0x12, 0xC5, 0x07, 0x00, 0xD0, 0x57,
    0x41, 0x7D, 0x15, 0x51, 0xA4, 0x9F, 0x04, 0x11, 0xC4, 0x07, 0x00, 0x44, 0xF4, 0x1F, 0x00, 0xFE,
    0xA9, 0xA4, 0x4A, 0x08, 0x51, 0x30, 0x06, 0x00, 0x50, 0x50, 0x5F, 0x43, 0x75, 0x51, 0x65, 0x97,
    0x06, 0x11, 0xC5, 0x07, 0x00, 0xD0, 0x57, 0x51, 0x5D, 0x55, 0x51, 0x65, 0x95, 0x5E, 0x11, 0x45,
    0x06, 0x00, 0xD0, 0x57, 0x44, 0x7D, 0x55, 0x51, 0x65, 0x9B, 0x46, 0x11, 0x45, 0x06, 0x00, 0x50,
    0x50, 0x5F, 0x0B, 0xE5, 0x91, 0x60, 0x82, 0x7A, 0x31, 0x84, 0x00, 0x00, 0x48, 0x40, 0x81, 0x1F,
    0x50, 0xE0, 0x43, 0x88, 0x7F, 0x01, 0xA9, 0x06, 0x00, 0x7C, 0x45, 0x14, 0x57, 0x52, 0x55, 0x84,
    0x18, 0x00, 0xAA, 0x44, 0x05, 0x00, 0x90, 0xD4, 0x4A, 0x7D, 0x45, 0x90, 0xA7, 0x84, 0x7C, 0x42,
    0x04, 0x01, 0x00, 0x20, 0xE0, 0x87, 0x10, 0xFE, 0x09, 0xE0, 0x1F, 0x40, 0x2A, 0x55, 0x03, 0x00,
    0x90, 0x52, 0x5F, 0x2B, 0xA5, 0x90, 0x42, 0x9F, 0x02, 0xA2, 0x44, 0x04, 0x00, 0x90, 0x57, 0x51,
    0x2B, 0xC5, 0x90, 0x44, 0x9F, 0x46, 0x11, 0xC5, 0x07, 0x00, 0x90, 0x50, 0x5F, 0x4B, 0xA5, 0xD0,
    0x47, 0x82, 0x7A, 0x12, 0x05, 0x03, 0x00, 0x40, 0xF0, 0x1F, 0x00, 0x7C, 0x10, 0xE1, 0x0F, 0x04,
    0xAA, 0x44, 0x05, 0x00, 0x90, 0xD7, 0x51, 0x29, 0x75, 0x11, 0xA1, 0x9F, 0x10, 0xF9, 0x05, 0x01,
    0x00, 0xFC, 0x07, 0x81, 0x3C, 0x12, 0xFC, 0x47, 0x00, 0x7F, 0x02, 0xA5, 0x06, 0x00, 0xD0, 0x57,
    0x51, 0x7F, 0x15, 0x51, 0xA4, 0x9F, 0x10, 0xF9, 0x05, 0x01, 0x00, 0x10, 0xD1, 0x5F, 0x25, 0x95,
    0xF0, 0x27, 0x80, 0x7E, 0x09, 0xE5, 0x07, 0x00, 0x10, 0xF1, 0x1F, 0x19, 0xD6, 0x34, 0x25, 0x89,
    0x24, 0x6C, 0x0C, 0x06, 0x00, 0x10, 0xF0, 0x9F, 0x2A, 0xFF, 0xA9, 0xF2, 0x1F, 0x00, 0xAA, 0x44,
    0x05, 0x00, 0x90, 0xE0, 0x8F, 0x04, 0xFF, 0x48, 0xE0, 0x0F, 0x00, 0xAA, 0x44, 0x05, 0x00, 0x90,
    0x57, 0x52, 0x25, 0x4D, 0xD0, 0xA6, 0x91, 0x6C, 0x11, 0xC5, 0x07, 0x00, 0x78, 0x25, 0x5F, 0x15,
    0x4A, 0x90, 0x32, 0x11, 0x00, 0xAA, 0x44, 0x05, 0x00, 0x10, 0xD1, 0x5F, 0x55, 0xF5, 0x51, 0xA5,
    0x9F, 0x18, 0x51, 0x35, 0x05, 0x00, 0x90, 0x50, 0x5F, 0x5D, 0x15, 0xD1, 0xA7, 0x84, 0x7A, 0x41,
    0xC4, 0x07, 0x00, 0x10, 0xF1, 0x9F, 0x24, 0x9E, 0x48, 0xA2, 0x0D, 0x00, 0xAA, 0x44, 0x05, 0x00,
    0xF0, 0x17, 0x45, 0x7F, 0x55, 0xF1, 0x27, 0x82, 0x7E, 0x21, 0xF4, 0x07, 0x00, 0xD0, 0x57, 0x51,
    0x7D, 0x15, 0xD1, 0x47, 0x84, 0x7E, 0x92, 0xE4, 0x07, 0x00, 0x38, 0x91, 0x9C, 0x47, 0x50, 0xFD,
    0x02, 0x89, 0x57, 0x00, 0xA4, 0x04, 0x00, 0x50, 0xD2, 0x5F, 0x25, 0xF5, 0x50, 0xA2, 0x9F, 0x18,
    0x51, 0x35, 0x05, 0x00, 0x90, 0x53, 0x49, 0x7F, 0x55, 0xD1, 0x66, 0x91, 0x7E, 0xA1, 0x64, 0x04,
    0x00, 0x5C, 0x50, 0xDF, 0x57, 0x55, 0xD5, 0x75, 0x18, 0x00, 0xAA, 0x44, 0x05, 0x00, 0xDC, 0x57,
    0xD4, 0x49, 0xF5, 0x55, 0x74, 0x1F, 0x00, 0xAA, 0x44, 0x05, 0x00, 0xF0, 0x57, 0x44, 0x7D, 0x15,
    0xD1, 0xA7, 0x91, 0x7C, 0xA1, 0x64, 0x04, 0x00, 0xD0, 0x53, 0x49, 0x3D, 0x95, 0xD0, 0xA7, 0x80,
    0x7E, 0x51, 0xA5, 0x06, 0x00, 0x20, 0xE4, 0x0F, 0x12, 0xFF, 0x29, 0x92, 0x0F, 0x00, 0xAA, 0x44,
    0x05, 0x00, 0xF0, 0x57, 0x40, 0x7F, 0x05, 0xF1, 0xA7, 0x96, 0x6C, 0x69, 0xD5, 0x06, 0x00, 0x90,
    0x50, 0x5F, 0x45, 0xF5, 0x51, 0x24, 0x9F, 0x10, 0x15, 0xD5, 0x05, 0x00, 0x88, 0x94, 0xCE, 0x0B,
    0xE9, 0xBD, 0x90, 0x1E, 0x00, 0xAA, 0x44, 0x05, 0x00, 0x10, 0xD1, 0x5F, 0x29, 0x15, 0xB1, 0x23,
    0x91, 0x7E, 0x15, 0xC5, 0x07, 0x00, 0xBC, 0x57, 0x52, 0x7B, 0x29, 0x94, 0xF4, 0x1E, 0x00, 0xAA,
    0x44, 0x05, 0x00, 0x10, 0xF1, 0x8F, 0x2A, 0xBF, 0x90, 0x65, 0x11, 0x00, 0xAA, 0x44, 0x05, 0x00,
    0x7C, 0x12, 0xDF, 0x27, 0xA9, 0x2C, 0x23, 0x51, 0x24, 0x6C, 0x0C, 0x06, 0x00, 0x10, 0xF1, 0x1F,
    0x49, 0x5F, 0x29, 0xD3, 0x12, 0x00, 0xAA, 0x44, 0x05, 0x00, 0x10, 0xF1, 0x0F, 0x29, 0xBF, 0xA8,
    0x55, 0x11, 0x00, 0xAA, 0x44, 0x05, 0x00, 0x40, 0xF0, 0x1F, 0x04, 0xFE, 0x10, 0xF1, 0x9F, 0x20,
    0xFE, 0xA4, 0x04, 0x00, 0x20, 0xD5, 0x5F, 0x15, 0x55, 0xF1, 0x65, 0x8A, 0x2F, 0x65, 0xF5, 0x04,
    0x00, 0xD0, 0xD2, 0x5E, 0x2D, 0xA5, 0x50, 0xA5, 0x94, 0x00, 0xA9, 0x44, 0x05, 0x00, 0x48, 0xE5,
    0x54, 0x2A, 0x14, 0x69, 0x11, 0xD5, 0x56, 0xB1, 0x7C, 0x04, 0x00, 0xF0, 0x52, 0x5A, 0x3B, 0x15,
    0xD1, 0xA7, 0x91, 0x7C, 0xA1, 0xE4, 0x07, 0x00, 0x50, 0xD1, 0x5F, 0x49, 0x7D, 0x51, 0xA5, 0x88,
    0x2F, 0x51, 0x65, 0x05, 0x00, 0x10, 0xD1, 0x5F, 0x29, 0xF5, 0x71, 0x24, 0x9F, 0x10, 0x49, 0x95,
    0x05, 0x00, 0x50, 0x55, 0x4D, 0x7F, 0x45, 0xD0, 0x65, 0x9D, 0x56, 0xE1, 0x65, 0x04, 0x00, 0x10,
    0xD1, 0x5F, 0x25, 0xFD, 0x51, 0xA2, 0x9F, 0x18, 0x51, 0x25, 0x07, 0x00, 0xFC, 0x47, 0x84, 0x3F,
    0xAB, 0xA9, 0xB2, 0x1B, 0x00, 0xAA, 0x44, 0x05, 0x00, 0xCC, 0x03, 0xC9, 0x7E, 0x50, 0xAD, 0x46,
    0x89, 0x14, 0x28, 0x1C, 0x07, 0x00, 0x70, 0x57, 0x55, 0x77, 0x55, 0x71, 0x67, 0x90, 0x75, 0x1D,
    0x95, 0x05, 0x00, 0x54, 0xA5, 0xCA, 0x7F, 0x45, 0xF5, 0x85, 0x80, 0x3F, 0x82, 0xF8, 0x03, 0x00,
    0xD0, 0x53, 0x49, 0x7F, 0x4D, 0xF1, 0x27, 0x84, 0x7E, 0x51, 0x34, 0x05, 0x00, 0x68, 0xA7, 0xD0,
    0x5E, 0xAF, 0x4C, 0xE5, 0x84, 0x7E, 0x51, 0x34, 0x05, 0x00, 0xB0, 0x53, 0x51, 0x7B, 0x45, 0xB0,
    0xA6, 0x8D, 0x6A, 0x55, 0x94, 0x07, 0x00, 0xB0, 0x57, 0x54, 0x5B, 0x45, 0xF1, 0x20, 0x9D, 0x5F,
    0x91, 0xF4, 0x05, 0x00, 0xF0, 0x57, 0x55, 0x7F, 0x05, 0xF0, 0x67, 0x95, 0x5E, 0x11, 0xF5, 0x03,
    0x00, 0x54, 0xD5, 0x17, 0x11, 0xBA, 0xA4, 0xF4, 0x1F, 0x11, 0x38, 0x1C, 0x07, 0x00, 0xD0, 0x53,
    0x50, 0x7F, 0x05, 0xF0, 0x27, 0x95, 0x7E, 0x09, 0xE5, 0x07, 0x00, 0xF0, 0x57, 0x44, 0x7F, 0x55,
    0xD1, 0xA7, 0x84, 0x7E, 0x01, 0x54, 0x05, 0x00, 0xD0, 0x57, 0x51, 0x7F, 0xA5, 0xF0, 0x27, 0x89,
    0x5A, 0xD1, 0xA4, 0x05, 0x00, 0xB0, 0x52, 0x57, 0x37, 0x75, 0x71, 0x27, 0x87, 0x6B, 0xA9, 0x94,
    0x04, 0x00, 0x90, 0x57, 0x42, 0x7F, 0x45, 0xD0, 0x67, 0x84, 0x7E, 0x51, 0xE5, 0x07, 0x00, 0x70,
    0x57, 0x55, 0x77, 0x55, 0xF1, 0x67, 0x95, 0x7D, 0x65, 0x55, 0x05, 0x00, 0xEC, 0x96, 0xD2, 0x7F,
    0x45, 0xB9, 0x53, 0xD5, 0x7F, 0x92, 0xB4, 0x05, 0x00, 0xF8, 0x27, 0x89, 0x24, 0x92, 0x48, 0x22,
    0x89, 0x44, 0x11, 0x45, 0x04, 0x00, 0xFC, 0x57, 0x55, 0x55, 0xF5, 0x55, 0x50, 0x51, 0x79, 0x09,
    0xC4, 0x07, 0x00, 0xF8, 0x23, 0x49, 0x48, 0xFF, 0x40, 0xF2, 0x1F, 0x24, 0xFE, 0x40, 0x00, 0x00,
    0xF8, 0x23, 0x49, 0x48, 0xFF, 0x21, 0xC0, 0xCF, 0x22, 0x70, 0x38, 0x06, 0x00, 0xFC, 0x27, 0xC9,
    0x7F, 0x29, 0xFD, 0x97, 0xD0, 0x7F, 0x25, 0x2D, 0x07, 0x00, 0x10, 0x21, 0x48, 0x40, 0x44, 0x10,
    0x81, 0x02, 0x04, 0x6C, 0x0C, 0x06, 0x00, 0xB0, 0x31, 0x19, 0x1B, 0x82, 0xFC, 0x27, 0x89, 0x3F,
    0x02, 0xF0, 0x07, 0x00, 0xB0, 0x31, 0x19, 0x1B, 0x93, 0xB1, 0x00, 0x85, 0x2B, 0x40, 0xE0, 0x00,
    0x00, 0xB0, 0x31, 0x19, 0x0A, 0xFF, 0xA5, 0xF4, 0x4A, 0x4A, 0x2F, 0xA1, 0x03, 0x00, 0x0C, 0xC2,
    0x04, 0x0C, 0xCC, 0x0C, 0x84, 0x02, 0x04, 0x6C, 0x0C, 0x06, 0x00, 0x40, 0xF0, 0x5F, 0x55, 0x92,
    0x54, 0x25, 0x49, 0x4A, 0x44, 0x0C, 0x06, 0x00, 0xFC, 0x27, 0xC9, 0x7F, 0x55, 0xED, 0x56, 0xD5,
    0x6E, 0x55, 0x45, 0x06, 0x00, 0x14, 0xD1, 0xDF, 0x29, 0x54, 0xF1, 0x77, 0x55, 0x75, 0x15, 0xD5,
    0x07, 0x00, 0x88, 0x20, 0x82, 0x7F, 0x02, 0x08, 0xE0, 0x87, 0x10, 0x41, 0x04, 0x01, 0x00, 0xD4,
    0x57, 0x41, 0x05, 0xF7, 0x45, 0xF4, 0x52, 0x29, 0xC5, 0xD4, 0x04, 0x00, 0x94, 0x50, 0x5F, 0x55,
    0xF7, 0x45, 0x75, 0x5F, 0x29, 0xFD, 0x15, 0x02, 0x00, 0x54, 0xD5, 0x5F, 0x55, 0xD7, 0x45, 0xF0,
    0x5F, 0x19, 0x55, 0x35, 0x05, 0x00, 0x14, 0x54, 0x4F, 0x45, 0xF7, 0x45, 0x71, 0x5F, 0x57, 0xF5,
    0x55, 0x05, 0x00, 0x14, 0xD1, 0xDF, 0x11, 0xF9, 0x45, 0xF5, 0x5F, 0x45, 0xE5, 0x74, 0x04, 0x00,
    0xF8, 0x43, 0x04, 0x11, 0x44, 0xFC, 0x07, 0x05, 0x12, 0x44, 0x8C, 0x01, 0x00, 0x48, 0x20, 0x81,
    0x3F, 0x11, 0x40, 0xF0, 0x1F, 0x04, 0x10, 0x40, 0x00, 0x00, 0x90, 0x50, 0xC2, 0x4F, 0xA5, 0x94,
    0xC1, 0xC2, 0x09, 0x24, 0x91, 0x07, 0x00, 0x20, 0x40, 0xC4, 0x3F, 0x12, 0xF9, 0x13, 0xC1, 0x7F,
    0x10, 0x40, 0x00, 0x00, 0x14, 0xF1, 0x5D, 0x5D, 0x55, 0x71, 0x71, 0x01, 0x45, 0x14, 0x91, 0x07,
    0x00, 0x10, 0x51, 0xC4, 0x13, 0xF5, 0x15, 0xC1, 0xC4, 0x11, 0x44, 0xD0, 0x07, 0x00, 0x40, 0xF0,
    0x5F, 0x44, 0x15, 0xF1, 0x23, 0xC1, 0x7F, 0x10, 0x40, 0x00, 0x00, 0x50, 0x50, 0xDF, 0x27, 0x85,
    0x94, 0xC2, 0xCA, 0x11, 0x64, 0x70, 0x06, 0x00, 0x54, 0x50, 0xDF, 0x57, 0x55, 0x55, 0xC5, 0xD2,
    0x49, 0x14, 0x51, 0x03, 0x00, 0x14, 0xF1, 0x44, 0x7D, 0x45, 0x30, 0x71, 0x1F, 0x45, 0x14, 0xD1,
    0x07, 0x00, 0x50, 0x51, 0xC5, 0x7F, 0x55, 0x14, 0xC1, 0xDF, 0x11, 0x44, 0xF0, 0x07, 0x00, 0xD0,
    0x57, 0xC9, 0x27, 0xF5, 0x51, 0xC2, 0xD1, 0x5D, 0x04, 0xD0, 0x07, 0x00, 0x10, 0x51, 0xDF, 0x13,
    0xF5, 0x15, 0x42, 0x1F, 0x23, 0x97, 0x10, 0x03, 0x00, 0x40, 0xE0, 0x0F, 0x09, 0xFF, 0x25, 0xC5,
    0x8F, 0x04, 0xFF, 0x41, 0x00, 0x00, 0xFC, 0x17, 0xD0, 0x7F, 0xAD, 0x85, 0xD0, 0xDF, 0x08, 0xFD,
    0x85, 0x00, 0x00, 0x7C, 0x45, 0xD4, 0x57, 0x44, 0x49, 0xE4, 0x4F, 0x04, 0xFF, 0x41, 0x00, 0x00,
    0x14, 0x71, 0x5F, 0x11, 0xA5, 0x50, 0xF4, 0x1F, 0x55, 0x74, 0x11, 0x06, 0x00, 0x10, 0xD1, 0xDF,
    0x25, 0xF5, 0x10, 0xC0, 0xDF, 0x55, 0x74, 0x51, 0x06, 0x00, 0x54, 0x55, 0x95, 0x2A, 0xFF, 0x45,
    0xE4, 0x4F, 0x04, 0xFF, 0x41, 0x00, 0x00, 0x7C, 0x41, 0xDC, 0x4F, 0xA6, 0xF4, 0xA7, 0x82, 0x7E,
    0x25, 0x84, 0x00, 0x00, 0x10, 0xD1, 0xDF, 0x11, 0xFD, 0x51, 0xC5, 0xDF, 0x45, 0xE4, 0x70, 0x04,
    0x00, 0x50, 0xD2, 0xDF, 0x11, 0xFD, 0x11, 0xC1, 0xDD, 0x5D, 0xA4, 0xF0, 0x05, 0x00, 0x40, 0x04,
    0xC1, 0x7F, 0x10, 0x40, 0x00, 0x01, 0x0A, 0x44, 0x0C, 0x06, 0x00, 0xD0, 0x57, 0x91, 0x44, 0x15,
    0x51, 0x67, 0x41, 0x05, 0x14, 0xCD, 0x07, 0x00, 0x28, 0xA5, 0x84, 0x7E, 0x4F, 0x20, 0xF1, 0x84,
    0x2A, 0x2A, 0x65, 0x04, 0x00, 0xD0, 0x57, 0x84, 0x10, 0x45, 0xD0, 0x67, 0x44, 0x11, 0x44, 0xCC,
    0x07, 0x00, 0x10, 0x51, 0x94, 0x54, 0x55, 0x51, 0xE3, 0x44, 0x11, 0xA4, 0x4C, 0x04, 0x00, 0xD0,
    0x57, 0x95, 0x54, 0xF5, 0x51, 0x65, 0x55, 0x7D, 0x44, 0x0C, 0x01, 0x00, 0xF0, 0x57, 0x89, 0x24,
    0x95, 0x50, 0x62, 0x49, 0x55, 0x7C, 0x0D, 0x04, 0x00, 0x50, 0x50, 0x9F, 0x42, 0x75, 0x51, 0x65,
    0x55, 0x5D, 0x04, 0x0D, 0x03, 0x00, 0xD0, 0x57, 0x91, 0x7C, 0x15, 0x51, 0x64, 0x5F, 0x45, 0x14,
    0xED, 0x07, 0x00, 0xD0, 0x57, 0x91, 0x7C, 0x15, 0xD1, 0x67, 0x45, 0x55, 0x94, 0xCC, 0x04, 0x00,
    0x14, 0x21, 0x5F, 0x29, 0x14, 0xB9, 0x52, 0x0A, 0x11, 0xA4, 0x6C, 0x04, 0x00, 0x90, 0xD0, 0x9F,
    0x40, 0x85, 0xF0, 0x67, 0x48, 0x23, 0x94, 0x0C, 0x03, 0x00, 0xD0, 0x57, 0x91, 0x7C, 0x05, 0xD0,
    0x67, 0x51, 0x7D, 0x14, 0x4D, 0x06, 0x00, 0xD4, 0x27, 0x55, 0x7D, 0x54, 0xD9, 0x57, 0x04, 0x7D,
    0x44, 0xEC, 0x07, 0x00, 0x10, 0xD1, 0x9F, 0x10, 0x55, 0x51, 0xE5, 0x4E, 0x11, 0xA4, 0x6C, 0x04,
    0x00, 0x14, 0x21, 0x5F, 0x45, 0xF4, 0x59, 0x54, 0x1F, 0x55, 0x94, 0xEC, 0x04, 0x00, 0xD0, 0x57,
    0x91, 0x7C, 0x15, 0x51, 0x64, 0x5F, 0x01, 0xA4, 0x4C, 0x04, 0x00, 0xD0, 0x57, 0x95, 0x7C, 0x55,
    0xD1, 0x67, 0x44, 0x7D, 0xE4, 0x4C, 0x05, 0x00, 0xD0, 0x57, 0x91, 0x7C, 0x05, 0xD0, 0x67, 0x51,
    0x7D, 0x14, 0xCD, 0x07, 0x00, 0xD0, 0x57, 0x8A, 0x7C, 0x45, 0xD1, 0x67, 0x54, 0x7D, 0x44, 0x8C,
    0x01, 0x00, 0xD0, 0x57, 0x88, 0x10, 0xF5, 0x11, 0x61, 0x5F, 0x55, 0x54, 0xED, 0x07, 0x00, 0x10,
    0xD1, 0x9F, 0x10, 0xF5, 0x11, 0xE1, 0x5F, 0x45, 0xF4, 0x4D, 0x04, 0x00, 0xD0, 0x57, 0x95, 0x7C,
    0x55, 0xF1, 0x67, 0x41, 0x55, 0x94, 0xEC, 0x04, 0x00, 0xD0, 0x57, 0x91, 0x7C, 0x15, 0xD1, 0xE7,
    0x44, 0x7D, 0x44, 0xCC, 0x07, 0x00, 0x50, 0x57, 0x91, 0x7C, 0x5D, 0xD0, 0x67, 0x49, 0x7D, 0x94,
    0x4C, 0x05, 0x00, 0x50, 0xD2, 0x9F, 0x14, 0xFD, 0x51, 0x65, 0x55, 0x7B, 0x04, 0xED, 0x07, 0x00,
    0x28, 0xF5, 0x95, 0x7A, 0x5F, 0x54, 0x51, 0xC5, 0x16, 0xB1, 0x7C, 0x04, 0x00, 0xD0, 0x53, 0x89,
    0x34, 0xFD, 0x11, 0x64, 0x4F, 0x25, 0xF4, 0x4C, 0x02, 0x00, 0x10, 0xD1, 0x9F, 0x10, 0xFD, 0x51,
    0x64, 0x5F, 0x49, 0x9C, 0xCC, 0x04, 0x00, 0xF0, 0x52, 0x98, 0x7E, 0x85, 0xF0, 0x62, 0x48, 0x5F,
    0x2C, 0xED, 0x04, 0x00, 0x90, 0xD7, 0x85, 0x7D, 0x5D, 0x11, 0xE5, 0x55, 0x55, 0xD4, 0x7D, 0x01,
    0x00, 0xD4, 0xF7, 0x15, 0x29, 0xF7, 0x95, 0x02, 0xD1, 0x7F, 0x44, 0x0C, 0x06, 0x00, 0x10, 0x51,
    0x9F, 0x28, 0xF5, 0x51, 0x64, 0x5F, 0x45, 0xFC, 0x0D, 0x01, 0x00, 0xF0, 0x57, 0x8A, 0x24, 0xFD,
    0x51, 0x65, 0x4B, 0x2F, 0x54, 0xAD, 0x04, 0x00, 0xF0, 0x57, 0x95, 0x7E, 0x15, 0xF0, 0x67, 0x55,
    0x5F, 0x54, 0xED, 0x06, 0x00, 0x10, 0xD1, 0x9F, 0x24, 0x2D, 0x91, 0xE2, 0x5F, 0x55, 0xFC, 0x0D,
    0x01, 0x00, 0x90, 0x52, 0x9F, 0x26, 0xF5, 0x51, 0x62, 0x5F, 0x27, 0x64, 0x6C, 0x06, 0x00, 0x50,
    0xD5, 0x8A, 0x7E, 0x55, 0xF1, 0x67, 0x4A, 0x3B, 0xB4, 0xAD, 0x05, 0x00, 0x10, 0xD1, 0x9F, 0x2A,
    0xFD, 0xB1, 0x62, 0x5F, 0x55, 0xF4, 0x6D, 0x04, 0x00, 0x7C, 0x55, 0xD5, 0x7F, 0x55, 0x7C, 0x51,
    0xC5, 0x17, 0xB1, 0x7C, 0x04, 0x00, 0x50, 0xD7, 0x8B, 0x74, 0x7D, 0x51, 0xE7, 0x57, 0x75, 0xBC,
    0x5C, 0x05, 0x00, 0x30, 0xF5, 0x55, 0x79, 0x5F, 0x14, 0xF1, 0x45, 0x15, 0xBB, 0x54, 0x04, 0x00,
    0xD0, 0x57, 0x95, 0x7A, 0xB5, 0xB0, 0x67, 0x4B, 0x7B, 0xB4, 0xAC, 0x07, 0x00, 0x40, 0xF0, 0x1F,
    0x02, 0x44, 0x88, 0x40, 0x09, 0x22, 0x44, 0xFD, 0x04, 0x00, 0x40, 0xF0, 0x9F, 0x24, 0x08, 0xE8,
    0x12, 0xD1, 0x7F, 0x10, 0x40, 0x00, 0x00, 0xFC, 0x07, 0x01, 0x04, 0x10, 0xF8, 0x03, 0x01, 0x14,
    0x90, 0xFC, 0x07, 0x00, 0xFC, 0x07, 0x01, 0x04, 0x10, 0xF8, 0x03, 0x01, 0x04, 0x10, 0xFC, 0x07,
    0x00, 0x80, 0x70, 0x9E, 0x44, 0x12, 0x1D, 0x22, 0x88, 0x10, 0xA7, 0x60, 0x04, 0x00, 0x00, 0x71,
    0x9F, 0x20, 0x92, 0x9C, 0x22, 0x84, 0x10, 0xA7, 0x60, 0x04, 0x00, 0xC0, 0x77, 0x84, 0x10, 0xF2,
    0x1D, 0x21, 0x84, 0x10, 0x47, 0xC0, 0x07, 0x00, 0xE0, 0x77, 0x80, 0x00, 0xFA, 0x9D, 0x22, 0x8A,
    0x28, 0x97, 0x30, 0x06, 0x00, 0x80, 0x70, 0x9E, 0x04, 0x82, 0x9C, 0x22, 0x84, 0x10, 0xA7, 0x60,
    0x04, 0x00, 0x80, 0x73, 0x91, 0x02, 0xFA, 0x1D, 0xA0, 0x9F, 0x48, 0x27, 0x81, 0x06, 0x00, 0x40,
    0x75, 0x95, 0x7C, 0x4A, 0x3C, 0xA1, 0x88, 0x22, 0x0F, 0x21, 0x04, 0x00, 0x00, 0x71, 0x84, 0x70,
    0x42, 0x1C, 0x21, 0x9F, 0x44, 0x17, 0xC1, 0x07, 0x00, 0x00, 0xF1, 0x9F, 0x52, 0x4A, 0xFC, 0xA7,
    0x92, 0x4A, 0xC7, 0xE0, 0x04, 0x00, 0x00, 0xF1, 0x82, 0x7C, 0x12, 0x7D, 0x24, 0x9F, 0x44, 0x1F,
    0xC1, 0x07, 0x00, 0xC0, 0x77, 0x95, 0x54, 0x52, 0xFD, 0x27, 0x95, 0x54, 0x57, 0x41, 0x06, 0x00,
    0x80, 0x73, 0x91, 0x32, 0x32, 0x1C, 0x26, 0x87, 0x00, 0x87, 0xC1, 0x01, 0x00, 0x40, 0x71, 0x9F,
    0x14, 0x42, 0xFC, 0x27, 0x84, 0x38, 0x57, 0x21, 0x01, 0x00, 0x9C, 0xA7, 0x8A, 0x2A, 0xAA, 0xBC,
    0xA7, 0x8A, 0x28, 0x92, 0x5C, 0x07, 0x00, 0xE0, 0xF7, 0x90, 0x7E, 0x2A, 0xFD, 0xA7, 0x9A, 0x6A,
    0xA7, 0x91, 0x04, 0x00, 0xC0, 0x77, 0x91, 0x7C, 0x12, 0xDD, 0x27, 0x91, 0x7D, 0xA3, 0x60, 0x06,
    0x00, 0x00, 0xF5, 0x9F, 0x10, 0x4A, 0x5D, 0x23, 0x84, 0x34, 0x4F, 0x81, 0x01, 0x00, 0x00, 0x71,
    0x9F, 0x44, 0xF2, 0x5D, 0x24, 0x9F, 0x54, 0x97, 0xC0, 0x04, 0x00, 0xC0, 0x77, 0x95, 0x7C, 0x52,
    0xDD, 0x27, 0x84, 0x7D, 0x43, 0xE0, 0x07, 0x00, 0x80, 0xF0, 0x9F, 0x08, 0x92, 0xFC, 0x27, 0x80,
    0x2A, 0xAF, 0xA0, 0x06, 0x00, 0xE0, 0x77, 0x95, 0x54, 0xD2, 0xFC, 0x25, 0x96, 0x54, 0xD7, 0xA0,
    0x01, 0x00, 0xC0, 0xF5, 0x95, 0x54, 0x7A, 0x4D, 0xA5, 0x95, 0x5D, 0x13, 0x41, 0x06, 0x00, 0xE0,
    0x77, 0x82, 0x14, 0x4A, 0x9D, 0x23, 0x85, 0x32, 0x47, 0xC1, 0x00, 0x00, 0x80, 0xF1, 0x9F, 0x0A,
    0xFA, 0xBC, 0xA4, 0x9E, 0x2A, 0xA7, 0x60, 0x06, 0x00, 0x40, 0xF2, 0x9F, 0x24, 0xF2, 0x5C, 0x22,
    0x89, 0x7E, 0x97, 0x20, 0x04, 0x00, 0x40, 0x72, 0x89, 0x7E, 0x92, 0x5C, 0xA3, 0x8B, 0x64, 0x97,
    0x40, 0x02, 0x00, 0xBC, 0x47, 0xC4, 0x7B, 0x44, 0xFC, 0x27, 0x48, 0x5F, 0x40, 0xE0, 0x00, 0x00,
    0xBC, 0x47, 0xC4, 0x7B, 0x44, 0xFC, 0x27, 0x82, 0x7B, 0x22, 0xBC, 0x07, 0x00, 0xBC, 0x27, 0xC4,
    0x7B, 0x42, 0xFC, 0x27, 0x89, 0x3F, 0x02, 0xF9, 0x07, 0x00, 0x20, 0x71, 0x9F, 0x10, 0x4A, 0xDC,
    0x27, 0x84, 0x0A, 0x17, 0xD1, 0x07, 0x00, 0xE0, 0xF7, 0x94, 0x7E, 0x52, 0xDD, 0x27, 0x95, 0x54,
    0xFF, 0x01, 0x01, 0x00, 0xE0, 0xF7, 0x90, 0x5A, 0x02, 0xDC, 0x27, 0x91, 0x7C, 0x17, 0xC1, 0x07,
    0x00, 0xE0, 0xF6, 0x92, 0x6A, 0x3A, 0x3C, 0xA7, 0x93, 0x52, 0x9F, 0xA0, 0x05, 0x00, 0x40, 0xF5,
    0x8A, 0x54, 0x02, 0xFC, 0xA7, 0x94, 0x6A, 0x4F, 0xE1, 0x07, 0x00, 0x40, 0xF7, 0x97, 0x74, 0x52,
    0xFD, 0xA5, 0x9C, 0x52, 0x7E, 0x8D, 0x06, 0x00, 0x40, 0xF2, 0x9F, 0x24, 0xFA, 0x3D, 0xA5, 0x94,
    0x7E, 0xA7, 0x60, 0x04, 0x00, 0xE0, 0x73, 0x91, 0x7A, 0x02, 0xFC, 0xA5, 0x94, 0x3E, 0x4F, 0xA1,
    0x05, 0x00, 0xA0, 0xF4, 0x92, 0x7E, 0x02, 0xFC, 0x27, 0x82, 0x7E, 0x2F, 0xA1, 0x06, 0x00, 0xBC,
    0x47, 0xC4, 0x7B, 0x44, 0xBC, 0x27, 0x49, 0x49, 0x98, 0x9C, 0x03, 0x00, 0x00, 0x71, 0x95, 0x12,
    0xF2, 0x5D, 0x24, 0x9F, 0x44, 0xE7, 0x60, 0x04, 0x00, 0x80, 0xF7, 0x93, 0x32, 0x7A, 0x3C, 0xA1,
    0x9F, 0x10, 0x4F, 0xE1, 0x07, 0x00, 0x54, 0x55, 0x95, 0x2A, 0xFF, 0x45, 0xE4, 0x0F, 0x14, 0x90,
    0xFC, 0x07, 0x00, 0xC0, 0x77, 0x85, 0x7C, 0x52, 0x5C, 0x21, 0x9F, 0x40, 0x57, 0xA1, 0x06, 0x00,
    0x40, 0xF7, 0x97, 0x52, 0xFA, 0x3C, 0xA5, 0x97, 0x52, 0xEF, 0x60, 0x01, 0x00, 0x80, 0xF0, 0x9F,
    0x4A, 0xFA, 0xBD, 0xA4, 0x9F, 0x28, 0x37, 0xA1, 0x07, 0x00, 0x80, 0xF0, 0x9F, 0x2A, 0x52, 0xFD,
    0x27, 0x82, 0x7E, 0x2F, 0xE1, 0x05, 0x00, 0x00, 0xF1, 0x9F, 0x24, 0xFA, 0x5D, 0x24, 0x9F, 0x44,
    0xFF, 0x01, 0x01, 0x00, 0x40, 0xF2, 0x9F, 0x24, 0xFA, 0x3D, 0xA5, 0x9F, 0x52, 0xFF, 0x41, 0x02,
    0x00, 0x40, 0xF3, 0x96, 0x34, 0x6A, 0x1D, 0xA1, 0x9F, 0x54, 0xCF, 0xC0, 0x04, 0x00, 0xE0, 0x77,
    0x95, 0x20, 0xFA, 0x5D, 0xA5, 0x8E, 0x64, 0x67, 0x60, 0x06, 0x00, 0x3C, 0x91, 0xDF, 0x2B, 0xA9,
    0xFC, 0x17, 0x81, 0x3F, 0x50, 0xFC, 0x07, 0x00, 0x80, 0x73, 0x82, 0x7E, 0x2A, 0xBD, 0xA3, 0x95,
    0x38, 0x5B, 0x81, 0x05, 0x00, 0xE0, 0x77, 0x95, 0x7E, 0x02, 0xFC, 0x27, 0x89, 0x7C, 0xAF, 0x90,
    0x04, 0x00, 0xFC, 0x27, 0xC9, 0x7F, 0x55, 0xED, 0x56, 0x95, 0x3F, 0x90, 0xFC, 0x07, 0x00, 0xC0,
    0xF3, 0x88, 0x7E, 0x4A, 0xFD, 0x26, 0x91, 0x7C, 0xCF, 0xE0, 0x04, 0x00, 0x40, 0xF7, 0x87, 0x72,
    0x3A, 0x1D, 0xA7, 0x87, 0x72, 0x7F, 0x20, 0x07, 0x00, 0xF8, 0x27, 0x89, 0x24, 0x92, 0x48, 0x22,
    0x89, 0x54, 0x7D, 0x05, 0x04, 0x00, 0xD0, 0xF7, 0x8A, 0x2A, 0xA1, 0xBC, 0x22, 0xCA, 0x6B, 0x79,
    0x31, 0x04, 0x00, 0xFC, 0x27, 0xD5, 0x57, 0x55, 0x7D, 0x05, 0xD5, 0x57, 0xF4, 0x35, 0x04, 0x00,
    0xE8, 0x72, 0x5D, 0x55, 0x92, 0x5C, 0x47, 0xC5, 0x75, 0xBC, 0x08, 0x02, 0x00, 0xFC, 0x47, 0x00,
    0x1F, 0x44, 0x30, 0x41, 0x05, 0x51, 0x7C, 0x0D, 0x07, 0x00, 0xE4, 0x47, 0xC2, 0x7F, 0x2A, 0xA9,
    0xF5, 0x9B, 0x4A, 0x69, 0x65, 0x04, 0x00, 0x40, 0xB0, 0x1F, 0x48, 0x52, 0x24, 0xF2, 0x1F, 0x11,
    0x72, 0x3D, 0x07, 0x00, 0xFC, 0x47, 0xC4, 0x77, 0x55, 0x7D, 0x45, 0xDA, 0x4F, 0xA4, 0xFD, 0x05,
    0x00, 0xFC, 0x57, 0x41, 0x3D, 0x9D, 0xC4, 0xF2, 0x4D, 0x25, 0xD5, 0xFC, 0x06, 0x00, 0x40, 0xF0,
    0x9F, 0x2A, 0xF5, 0xA9, 0xF2, 0x1F, 0x11, 0x72, 0x3D, 0x07, 0x00, 0x10, 0x42, 0xC8, 0x7F, 0x84,
    0x10, 0xC2, 0x0F, 0x21, 0x84, 0xF0, 0x03, 0x00, 0x10, 0xE2, 0x1F, 0x21, 0xFC, 0x10, 0xF6, 0x87,
    0x74, 0x0A, 0xF8, 0x07, 0x00, 0xE0, 0x74, 0x12, 0x79, 0x3F, 0x91, 0x44, 0xDE, 0x4B, 0x29, 0xBD,
    0x07, 0x00, 0x48, 0x20, 0x81, 0x3F, 0x11, 0x40, 0xE0, 0x0F, 0x04, 0x10, 0xFC, 0x07, 0x00, 0x40,
    0xE0, 0x1F, 0x12, 0xB4, 0xF8, 0x67, 0x82, 0x3E, 0x22, 0xF4, 0x07, 0x00, 0xD0, 0x57, 0xD5, 0x7F,
    0x54, 0xFD, 0x47, 0x04, 0x7F, 0x27, 0x61, 0x06, 0x00, 0xFC, 0x42, 0xDE, 0x2F, 0xD5, 0x7D, 0x52,
    0x49, 0x77, 0x06, 0xE4, 0x07, 0x00, 0xF8, 0x27, 0x91, 0x7F, 0x12, 0x49, 0xE4, 0x9F, 0x44, 0x12,
    0x45, 0x06, 0x00, 0xF8, 0x27, 0x91, 0x7F, 0x12, 0xF9, 0x27, 0x91, 0x64, 0x11, 0xC4, 0x07, 0x00,
    0x40, 0xF2, 0x1F, 0x04, 0xFE, 0x48, 0xE2, 0x8F, 0x24, 0xFE, 0x48, 0x02, 0x00, 0xF0, 0x03, 0x84,
    0x7F, 0x12, 0xF9, 0x27, 0x91, 0x7F, 0x12, 0x49, 0x06, 0x00, 0xFC, 0x47, 0x89, 0x44, 0xFF, 0x49,
    0xE4, 0x9F, 0x44, 0xFE, 0x45, 0x04, 0x00, 0xFC, 0x17, 0x51, 0x44, 0x11, 0xFD, 0x17, 0x51, 0x44,
    0x11, 0xFD, 0x07, 0x00, 0x40, 0x00, 0xC1, 0x7F, 0x11, 0x45, 0xF4, 0x5F, 0x44, 0x11, 0xFD, 0x07,
    0x00, 0xFC, 0x17, 0x51, 0x44, 0xFF, 0x45, 0x14, 0xD1, 0x7F, 0x10, 0x40, 0x00, 0x00, 0x40, 0xF0,
    0x5F, 0x44, 0xFF, 0x45, 0x14, 0xD1, 0x7F, 0x10, 0x40, 0x00, 0x00, 0xF8, 0x23, 0x89, 0x3F, 0x92,
    0x48, 0xF2, 0x1F, 0x44, 0x0C, 0x0D, 0x03, 0x00, 0x10, 0xC0, 0x9F, 0x40, 0x3F, 0xA9, 0xE4, 0x93,
    0x4A, 0x3E, 0x01, 0x03, 0x00, 0x40, 0xF4, 0x55, 0x55, 0x55, 0x7D, 0x55, 0x55, 0x55, 0x57, 0x21,
    0x04, 0x00, 0xF8, 0x23, 0x89, 0x3F, 0x92, 0xF0, 0x61, 0x4C, 0x51, 0x44, 0x08, 0x01, 0x00, 0xF8,
    0x23, 0x89, 0x3F, 0x92, 0xF8, 0x03, 0xC0, 0x7F, 0x44, 0x7C, 0x06, 0x00, 0x7C, 0x51, 0x55, 0x35,
    0x45, 0xFC, 0x57, 0x45, 0x7D, 0x55, 0x7C, 0x01, 0x00, 0xDC, 0x17, 0x54, 0x52, 0x25, 0xFD, 0x27,
    0x89, 0x3F, 0x92, 0xF8, 0x03, 0x00, 0x10, 0xE1, 0x0F, 0x04, 0xFF, 0x51, 0x31, 0x99, 0x3F, 0x92,
    0xF8, 0x03, 0x00, 0x40, 0xF0, 0x1F, 0x09, 0x92, 0xFC, 0x27, 0x89, 0x3F, 0x92, 0xF8, 0x03, 0x00,
    0x90, 0x40, 0xDE, 0x4F, 0x00, 0x7D, 0x52, 0xC9, 0x17, 0xB5, 0x7C, 0x04, 0x00, 0xF8, 0x23, 0xC9,
    0x7F, 0x54, 0xFC, 0x47, 0x05, 0x15, 0xFF, 0x41, 0x00, 0x00, 0x80, 0xF0, 0x5F, 0x45, 0xB5, 0x7C,
    0x53, 0x52, 0x7D, 0x1F, 0xC1, 0x07, 0x00, 0x00, 0xF1, 0x5F, 0x11, 0xF5, 0x3D, 0x51, 0x5F, 0x11,
    0x4F, 0xC0, 0x07, 0x00, 0xF8, 0x23, 0x09, 0x15, 0xFF, 0x51, 0x31, 0x89, 0x7F, 0x92, 0xF8, 0x03,
    0x00, 0x40, 0xE0, 0x0F, 0x64, 0xFF, 0x40, 0xF2, 0x1F, 0x15, 0x54, 0xFC, 0x07, 0x00, 0xF8, 0x23,
    0x89, 0x3F, 0x92, 0xFC, 0x47, 0xC4, 0x7F, 0x44, 0x0C, 0x06, 0x00, 0x48, 0xF2, 0x5F, 0x51, 0x44,
    0xF8, 0x23, 0x89, 0x3F, 0x92, 0xF8, 0x03, 0x00, 0x00, 0xF1, 0x5F, 0x15, 0xB5, 0x7C, 0x54, 0x5F,
    0x55, 0x7F, 0x01, 0x06, 0x00, 0xFC, 0x47, 0xD5, 0x7D, 0x01, 0xFC, 0x47, 0xD5, 0x7D, 0x54, 0xED,
    0x07, 0x00, 0xC0, 0xF7, 0x44, 0x7D, 0x45, 0xFD, 0x53, 0x41, 0x7D, 0x5F, 0xC1, 0x05, 0x00, 0xF0,
    0x41, 0xC5, 0x7F, 0x55, 0xFD, 0x57, 0x14, 0x1F, 0x44, 0xFC, 0x07, 0x00, 0xFC, 0x07, 0x11, 0x24,
    0x12, 0xC8, 0x23, 0x81, 0x05, 0x19, 0x84, 0x07, 0x00, 0x3C, 0x81, 0x1F, 0x11, 0x24, 0xF5, 0x57,
    0x40, 0x55, 0x55, 0x3D, 0x05, 0x00, 0xC4, 0xF7, 0x48, 0x10, 0xFF, 0x15, 0xF5, 0x05, 0x75, 0x56,
    0xE4, 0x07, 0x00, 0x80, 0xE0, 0xDF, 0x02, 0xFA, 0x1D, 0xA0, 0x8F, 0x04, 0x09, 0xE5, 0x03, 0x00,
    0x80, 0xE0, 0xDF, 0x04, 0xF2, 0x4C, 0xA2, 0x88, 0x10, 0xB1, 0x34, 0x04, 0x00, 0x80, 0xE0, 0xDF,
    0x10, 0x42, 0x2C, 0xA5, 0x94, 0x52, 0x49, 0xE5, 0x07, 0x00, 0x80, 0xE0, 0xDF, 0x00, 0xFA, 0x2D,
    0xA5, 0x9F, 0x02, 0x09, 0xC5, 0x07, 0x00, 0x80, 0xE0, 0xDF, 0x14, 0x8A, 0x1C, 0x24, 0x89, 0x24,
    0x89, 0x24, 0x02, 0x00, 0x80, 0xE0, 0xDF, 0x14, 0x52, 0x2C, 0xE6, 0x8F, 0x22, 0x71, 0x34, 0x06,
    0x00, 0x80, 0xE0, 0xDF, 0x10, 0xFA, 0x2D, 0xA1, 0x9F, 0x4A, 0xC5, 0xD4, 0x04, 0x00, 0x80, 0xE0,
    0xDF, 0x00, 0x8A, 0xF8, 0xB7, 0x88, 0x3E, 0x8A, 0xE4, 0x03, 0x00, 0x80, 0xE0, 0xDF, 0x24, 0x92,
    0xCC, 0x66, 0x89, 0x25, 0xF5, 0x34, 0x06, 0x00, 0x80, 0xE0, 0xDF, 0x14, 0x8A, 0x1C, 0x25, 0x83,
    0x43, 0xC1, 0xE4, 0x00, 0x00, 0x80, 0xE0, 0xDF, 0x44, 0xAA, 0x8C, 0xA1, 0x89, 0x58, 0x19, 0x84,
    0x03, 0x00, 0x80, 0xE0, 0xDF, 0x00, 0xF2, 0x4D, 0x24, 0x9F, 0x44, 0x11, 0xE5, 0x07, 0x00, 0x80,
    0xE0, 0xDF, 0x04, 0xF2, 0x2D, 0xA1, 0x9F, 0x10, 0xA1, 0x64, 0x04, 0x00, 0x80, 0xE0, 0xDF, 0x00,
    0xFE, 0x0D, 0xA1, 0x9F, 0x52, 0xA9, 0x65, 0x04, 0x00, 0x80, 0xE0, 0xDF, 0x00, 0xFE, 0x8D, 0xA0,
    0x9E, 0x0A, 0x29, 0xF4, 0x07, 0x00, 0x80, 0xE0, 0xDF, 0x14, 0x8A, 0xDC, 0x25, 0x82, 0x3E, 0x21,
    0xF4, 0x07, 0x00, 0x80, 0xE0, 0xDF, 0x10, 0xFA, 0x0D, 0xE1, 0x9F, 0x22, 0x91, 0x04, 0x03, 0x00,
    0x80, 0xE0, 0xDF, 0x42, 0xFA, 0x2D, 0xA4, 0x9F, 0x52, 0x89, 0xE4, 0x04, 0x00, 0x80, 0xE0, 0xDF,
    0x00, 0xFA, 0x2D, 0xA4, 0x9F, 0x24, 0x91, 0xF4, 0x07, 0x00, 0x80, 0xE0, 0xDF, 0x54, 0xAA, 0x4C,
    0x25, 0x80, 0x7E, 0x41, 0xE4, 0x07, 0x00, 0x80, 0xE0, 0xDF, 0x20, 0xFA, 0x2D, 0xA5, 0x9F, 0x52,
    0xF9, 0x25, 0x05, 0x00, 0x80, 0xE0, 0xDF, 0x00, 0xFE, 0x4D, 0xA5, 0x84, 0x7F, 0x09, 0xE5, 0x07,
    0x00, 0x80, 0xE0, 0xDF, 0x00, 0x5E, 0x2D, 0xE5, 0x97, 0x52, 0x1D, 0xA5, 0x06, 0x00, 0x80, 0xE0,
    0xDF, 0x08, 0xFE, 0x8D, 0xA0, 0x9F, 0x10, 0x09, 0xE5, 0x05, 0x00, 0x80, 0xE0, 0xDF, 0x54, 0x4A,
    0x8D, 0xA2, 0x95, 0x54, 0xA1, 0x64, 0x04, 0x00, 0x80, 0xE0, 0xDF, 0x14, 0xDE, 0x4D, 0xE1, 0x9D,
    0x14, 0xDD, 0x45, 0x01, 0x00, 0x80, 0xE0, 0xDF, 0x12, 0xFE, 0x2D, 0xA1, 0x94, 0x5B, 0xD9, 0x25,
    0x01, 0x00, 0x40, 0xE0, 0xDF, 0x00, 0xDE, 0x2D, 0xE5, 0x57, 0x52, 0x55, 0x89, 0x07, 0x00, 0x80,
    0xE0, 0xDF, 0x52, 0xFA, 0x2D, 0xA5, 0x9F, 0x14, 0xFD, 0x05, 0x01, 0x00, 0x80, 0xE0, 0xDF, 0x08,
    0xFE, 0xCD, 0xA2, 0x92, 0x73, 0x71, 0x34, 0x06, 0x00, 0x80, 0xE0, 0xDF, 0x24, 0x7E, 0x2D, 0xA1,
    0x8B, 0x0A, 0x29, 0xD5, 0x02, 0x00, 0x80, 0xE0, 0xDF, 0x10, 0xFE, 0x4D, 0xA2, 0x92, 0x10, 0xFD,
    0x05, 0x01, 0x00, 0x80, 0xE0, 0xDF, 0x00, 0xFA, 0x4D, 0xA4, 0x8F, 0x53, 0xF9, 0x24, 0x05, 0x00,
    0x80, 0xE0, 0xDF, 0x00, 0xFE, 0x4D, 0xE5, 0x97, 0x44, 0x51, 0xF5, 0x05, 0x00, 0x80, 0xE0, 0xDF,
    0x22, 0xFA, 0x2C, 0xE2, 0x9F, 0x54, 0x49, 0x95, 0x06, 0x00, 0x80, 0xE0, 0xDF, 0x1C, 0x4E, 0xEC,
    0xA3, 0x8A, 0x7F, 0x51, 0x34, 0x02, 0x00, 0x80, 0xE0, 0xDF, 0x2A, 0xDA, 0x2C, 0xE2, 0x9F, 0x55,
    0x55, 0xF5, 0x07, 0x00, 0x80, 0xE0, 0xDF, 0x08, 0xAE, 0x4D, 0xE1, 0x9F, 0x42, 0xF9, 0x25, 0x04,
    0x00, 0x80, 0xE0, 0xDF, 0x28, 0x12, 0xED, 0x67, 0x91, 0x7C, 0x19, 0xD5, 0x07, 0x00, 0x80, 0xE0,
    0xDF, 0x52, 0x2A, 0xED, 0xA7, 0x94, 0x7E, 0x49, 0xE5, 0x07, 0x00, 0x80, 0xE0, 0xDF, 0x2A, 0xFA,
    0xAC, 0xE2, 0x8F, 0x22, 0x71, 0x34, 0x06, 0x00, 0x80, 0xE0, 0xDF, 0x4A, 0xFA, 0xAC, 0xA4, 0x9E,
    0x06, 0x15, 0xD4, 0x07, 0x00, 0x80, 0xE0, 0xDF, 0x22, 0xFE, 0x4D, 0xA1, 0x8A, 0x7F, 0x89, 0xE4,
    0x03, 0x00, 0x80, 0xE0, 0xDF, 0x24, 0xFA, 0x4D, 0x24, 0x9F, 0x44, 0xFD, 0x05, 0x01, 0x00, 0x80,
    0xE0, 0xDF, 0x02, 0xFE, 0xAD, 0xA4, 0x9E, 0x15, 0xAD, 0x55, 0x05, 0x00, 0x80, 0xE0, 0xDF, 0x10,
    0xFE, 0xAD, 0x62, 0x99, 0x3C, 0x49, 0x94, 0x05, 0x00, 0x80, 0xE0, 0xDF, 0x54, 0xAA, 0xEC, 0xA7,
    0x92, 0x7E, 0x21, 0x65, 0x06, 0x00, 0x80, 0xE0, 0xDF, 0x14, 0xFE, 0x49, 0xF5, 0x9D, 0x08, 0x25,
    0xF5, 0x07, 0x00, 0x40, 0xE0, 0xDF, 0x22, 0x7E, 0x4D, 0xE5, 0x95, 0x44, 0xA5, 0xF4, 0x05, 0x00,
    0x80, 0xE0, 0x9F, 0x12, 0xFB, 0xB9, 0x22, 0xDF, 0x13, 0xFA, 0x39, 0x01, 0x00, 0x80, 0xE0, 0xDF,
    0x24, 0xFE, 0x4D, 0x25, 0x95, 0x7E, 0x29, 0xA5, 0x05, 0x00, 0x80, 0xE0, 0xDF, 0x10, 0xFE, 0x4D,
    0xA2, 0x9F, 0x55, 0x91, 0xE4, 0x04, 0x00, 0x80, 0xE0, 0xDF, 0x2A, 0xF6, 0x2D, 0xE4, 0x8F, 0x2A,
    0x29, 0xE5, 0x05, 0x00, 0x80, 0xE0, 0xDF, 0x52, 0x3E, 0xAD, 0xE7, 0x93, 0x7A, 0x5D, 0xAC, 0x04,
    0x00, 0x80, 0xE0, 0xDF, 0x54, 0xBE, 0xAC, 0xE7, 0x8B, 0x7A, 0x95, 0xAC, 0x02, 0x00, 0x80, 0xE0,
    0xDF, 0x2A, 0xEA, 0x5D, 0xA4, 0x9F, 0x12, 0x15, 0xD5, 0x05, 0x00, 0x80, 0xE0, 0xDF, 0x15, 0xEA,
    0xFD, 0xA2, 0x9E, 0x2F, 0xA9, 0xD4, 0x07, 0x00, 0x80, 0xE0, 0xDF, 0x22, 0xFA, 0xAD, 0xA4, 0x9E,
    0x4F, 0xC9, 0xD4, 0x04, 0x00, 0xFC, 0x92, 0x8A, 0x52, 0x44, 0xF9, 0x13, 0x91, 0x3F, 0x44, 0x0C,
    0x06, 0x00, 0xBC, 0x82, 0x54, 0x3F, 0x82, 0xF4, 0x45, 0x04, 0x1F, 0x28, 0xFC, 0x07, 0x00, 0xBC,
    0xA2, 0x04, 0x61, 0xEB, 0xB8, 0x22, 0x9F, 0x2B, 0x48, 0xD8, 0x06, 0x00, 0x40, 0x80, 0x80, 0x3F,
    0x82, 0x08, 0xE2, 0x8F, 0x20, 0x82, 0xF8, 0x03, 0x00, 0xFC, 0x87, 0x80, 0x3F, 0x82, 0x08, 0xE2,
    0x8F, 0x20, 0x82, 0xF8, 0x03, 0x00, 0x20, 0xE0, 0x8F, 0x20, 0x82, 0xF8, 0x43, 0xC0, 0x7F, 0x04,
    0xF0, 0x03, 0x00, 0x90, 0x20, 0xDE, 0x47, 0x09, 0x25, 0xF4, 0x56, 0x42, 0x09, 0x3D, 0x03, 0x00,
    0x88, 0xE0, 0x9E, 0x08, 0x22, 0xFD, 0x27, 0x88, 0x3F, 0x82, 0xF8, 0x03, 0x00, 0x10, 0xE0, 0x8F,
    0x2E, 0x82, 0xF8, 0x03, 0x81, 0x3F, 0x10, 0xFC, 0x07, 0x00, 0xC8, 0x27, 0xC1, 0x07, 0xF9, 0x3D,
    0x94, 0x52, 0x2A, 0xCF, 0xC0, 0x04, 0x00, 0x88, 0xA0, 0xDF, 0x29, 0x15, 0x3D, 0x50, 0x49, 0x29,
    0x67, 0x60, 0x06, 0x00, 0x48, 0x21, 0xDF, 0x13, 0xF5, 0x1D, 0x50, 0x5F, 0x45, 0x17, 0xC1, 0x07,
    0x00, 0x88, 0xA0, 0xDF, 0x43, 0xF5, 0x1D, 0xD0, 0x5F, 0x15, 0x57, 0x31, 0x07, 0x00, 0x48, 0x25,
    0xD5, 0x7D, 0x05, 0xFC, 0x57, 0x51, 0x7D, 0xA7, 0xE0, 0x07, 0x00, 0x80, 0xE0, 0x9F, 0x48, 0x22,
    0xF8, 0xA3, 0x48, 0x12, 0x71, 0x30, 0x06, 0x00, 0x90, 0xF0, 0x5F, 0x45, 0xE5, 0xBD, 0x92, 0xCE,
    0x0A, 0x24, 0xAD, 0x07, 0x00, 0x10, 0x22, 0xDE, 0x2F, 0xAA, 0xE4, 0xE7, 0xD2, 0x54, 0x8C, 0xCC,
    0x05, 0x00, 0x08, 0xE1, 0x5F, 0x55, 0x5F, 0xC8, 0xE7, 0x51, 0x2D, 0xCF, 0xC8, 0x04, 0x00, 0x00,
    0xE0, 0x8F, 0x2A, 0xAA, 0xA8, 0xA2, 0x8A, 0x2A, 0xAA, 0xFC, 0x07, 0x00, 0xF8, 0x03, 0xC1, 0x7F,
    0x10, 0x60, 0x00, 0x80, 0x3F, 0xAA, 0xFC, 0x07, 0x00, 0xFC, 0x07, 0x02, 0x26, 0x17, 0x41, 0xE0,
    0x8F, 0x2A, 0xAA, 0xFC, 0x07, 0x00, 0xD0, 0x21, 0x48, 0x5F, 0x48, 0x10, 0xE1, 0x8F, 0x2A, 0xAA,
    0xFC, 0x07, 0x00, 0xFC, 0x23, 0x84, 0x77, 0x15, 0xA5, 0xE6, 0x8F, 0x2A, 0xAA, 0xFC, 0x07, 0x00,
    0x10, 0x81, 0xC2, 0x7F, 0x44, 0x08, 0xF2, 0x9F, 0x2A, 0xAA, 0xFC, 0x07, 0x00, 0x40, 0xE0, 0x0F,
    0x04, 0xFF, 0x21, 0x41, 0x88, 0x7F, 0xAA, 0xFC, 0x07, 0x00, 0x40, 0xE0, 0x8F, 0x24, 0xFF, 0x11,
    0x31, 0x98, 0x3F, 0xAA, 0xFC, 0x07, 0x00, 0xF0, 0x21, 0x48, 0x5F, 0x00, 0xF0, 0x41, 0x84, 0x3F,
    0xAA, 0xFC, 0x07, 0x00, 0x10, 0xF0, 0x9F, 0x4A, 0xA6, 0x44, 0xD1, 0x98, 0x3F, 0xAA, 0xFC, 0x07,
    0x00, 0x80, 0xF4, 0x5F, 0x28, 0x4F, 0xA4, 0x12, 0x91, 0x3F, 0xAA, 0xFC, 0x07, 0x00, 0x48, 0x40,
    0x5F, 0x4A, 0x52, 0x24, 0xE2, 0x9F, 0x2A, 0xAA, 0xFC, 0x07, 0x00, 0x10, 0xF1, 0x1F, 0x21, 0xFF,
    0x21, 0x01, 0xD3, 0x77, 0xAA, 0xFC, 0x07, 0x00, 0xBC, 0x97, 0xD2, 0x7B, 0x29, 0xBD, 0x07, 0x91,
    0x3F, 0xAA, 0xFC, 0x07, 0x00, 0x40, 0xE0, 0x0F, 0x24, 0xFF, 0xA9, 0x52, 0x95, 0x3F, 0xAA, 0xFC,
    0x07, 0x00, 0xBC, 0x50, 0xDE, 0x07, 0xE9, 0x25, 0xF0, 0x8F, 0x2A, 0xAA, 0xFC, 0x07, 0x00, 0x88,
    0xF7, 0xD2, 0x7E, 0x29, 0x7D, 0x93, 0x92, 0x3F, 0xAA, 0xFC, 0x07, 0x00, 0x4C, 0xD6, 0xD5, 0x6C,
    0x19, 0xDD, 0x16, 0x95, 0x3F, 0xAA, 0xFC, 0x07, 0x00, 0xC0, 0x03, 0x81, 0x7F, 0x22, 0xE8, 0x27,
    0x42, 0x7F, 0x55, 0xF9, 0x07, 0x00, 0xE4, 0xA3, 0x48, 0x7E, 0x52, 0xA5, 0xE6, 0x8F, 0x2A, 0xAA,
    0xFC, 0x07, 0x00, 0xF8, 0x23, 0x88, 0x20, 0xFE, 0x08, 0xE2, 0x8F, 0x20, 0x82, 0xF8, 0x03, 0x00,
    0xDC, 0x57, 0xC4, 0x11, 0x45, 0x14, 0x71, 0x44, 0x11, 0x45, 0x9C, 0x01, 0x00, 0x40, 0xF0, 0x9F,
    0x00, 0x02, 0xF8, 0x27, 0x88, 0x3F, 0x82, 0xF8, 0x03, 0x00, 0x40, 0xF0, 0x1F, 0x04, 0xFD, 0x14,
    0xD2, 0x4F, 0x21, 0x85, 0xFC, 0x07, 0x00, 0xD0, 0x47, 0xD1, 0x47, 0xF4, 0x59, 0xE4, 0x5F, 0x45,
    0x14, 0xD1, 0x07, 0x00, 0x1C, 0x51, 0xDF, 0x11, 0x55, 0x55, 0x75, 0x5F, 0x11, 0x45, 0x1D, 0x07,
    0x00, 0x1C, 0x53, 0xC9, 0x25, 0x0D, 0xD5, 0x77, 0x52, 0x49, 0x15, 0x3D, 0x02, 0x00, 0xF8, 0x27,
    0x82, 0x7F, 0x22, 0xE8, 0xA3, 0x88, 0x3E, 0x8A, 0xE4, 0x03, 0x00, 0x40, 0x20, 0x49, 0x56, 0x20,
    0xE0, 0x73, 0x08, 0x3F, 0x84, 0xF0, 0x03, 0x00, 0xF8, 0x27, 0x92, 0x7F, 0x02, 0xE8, 0xA7, 0x50,
    0x7E, 0x09, 0xE1, 0x07, 0x00, 0xFC, 0x07, 0x81, 0x3F, 0x08, 0xFC, 0x47, 0x88, 0x3F, 0x85, 0xF0,
    0x03, 0x00, 0xFC, 0x07, 0x01, 0x1F, 0x44, 0xF0, 0x41, 0xC4, 0x7F, 0x44, 0x0C, 0x06, 0x00, 0xDC,
    0x57, 0xD1, 0x45, 0xF5, 0x55, 0x72, 0x5F, 0x25, 0x15, 0xDD, 0x05, 0x00, 0x1C, 0x54, 0xCF, 0x11,
    0xF5, 0x15, 0x74, 0x48, 0x15, 0x35, 0x3C, 0x07, 0x00, 0x1C, 0xD1, 0xDF, 0x09, 0x15, 0x95, 0x72,
    0x44, 0x49, 0x15, 0xDD, 0x07, 0x00, 0xDC, 0x57, 0xC1, 0x7D, 0x95, 0x54, 0x77, 0x49, 0x7D, 0x15,
    0xDC, 0x07, 0x00, 0x48, 0xD2, 0x17, 0x0A, 0xFF, 0x11, 0xE1, 0x4F, 0x51, 0x44, 0xF0, 0x01, 0x00,
    0x9C, 0x50, 0xD1, 0x7F, 0x45, 0x55, 0x71, 0x5F, 0x13, 0xF5, 0x1D, 0x01, 0x00, 0x5C, 0xD1, 0xD5,
    0x35, 0x55, 0x74, 0x73, 0x55, 0x15, 0x55, 0x3D, 0x07, 0x00, 0xDC, 0x57, 0xD1, 0x7D, 0x15, 0xD5,
    0x77, 0x45, 0x55, 0x95, 0xDC, 0x04, 0x00, 0xFC, 0x97, 0x52, 0x4A, 0xFF, 0x01, 0xF1, 0x8B, 0x24,
    0x55, 0x41, 0x00, 0x00, 0xFC, 0x57, 0xD2, 0x49, 0xFD, 0x95, 0x74, 0x57, 0x6B, 0x27, 0xF1, 0x07,
    0x00, 0x1C, 0xD1, 0xDF, 0x11, 0xF5, 0x15, 0xF1, 0x5F, 0x45, 0xF5, 0x5D, 0x04, 0x00, 0xDC, 0x57,
    0xCA, 0x7F, 0x45, 0xF5, 0x77, 0x54, 0x7F, 0x45, 0x9C, 0x01, 0x00, 0x1C, 0xD1, 0xDF, 0x11, 0x55,
    0x55, 0xF5, 0x4E, 0x19, 0xD5, 0x3C, 0x05, 0x00, 0xFC, 0x57, 0xC4, 0x7F, 0x55, 0xF5, 0x77, 0x55,
    0x7F, 0x45, 0xFC, 0x07, 0x00, 0xB0, 0x47, 0xD0, 0x57, 0x85, 0xF8, 0x27, 0x88, 0x3F, 0x82, 0xF8,
    0x03, 0x00, 0x9C, 0x50, 0xDF, 0x55, 0xF5, 0x55, 0x75, 0x5F, 0x15, 0xFD, 0x1D, 0x01, 0x00, 0x1C,
    0xD1, 0xDF, 0x11, 0xFD, 0x55, 0xF2, 0x54, 0x3D, 0x45, 0xFC, 0x07, 0x00, 0x9C, 0x50, 0xD9, 0x45,
    0xB5, 0x55, 0x74, 0x5F, 0x19, 0x55, 0x3D, 0x07, 0x00, 0xF8, 0xA3, 0xCA, 0x7F, 0x44, 0x90, 0xF0,
    0x1F, 0x04, 0xFE, 0x40, 0x00, 0x00, 0x1C, 0xD1, 0xDF, 0x51, 0xFD, 0x15, 0x75, 0x45, 0x75, 0x75,
    0x3C, 0x06, 0x00, 0xFC, 0x57, 0xD1, 0x29, 0x0D, 0x14, 0xF1, 0x5F, 0x19, 0x55, 0x3D, 0x05, 0x00,
    0x9C, 0x50, 0xDF, 0x49, 0xA5, 0xF4, 0x77, 0x51, 0x7D, 0x1D, 0xDD, 0x07, 0x00, 0xFC, 0x52, 0xDA,
    0x3B, 0x15, 0xF5, 0x77, 0x44, 0x7F, 0xA5, 0x7C, 0x04, 0x00, 0xC0, 0xF1, 0x5F, 0x4E, 0x82, 0xE4,
    0x44, 0x84, 0x3F, 0x45, 0xF1, 0x01, 0x00, 0x5C, 0xD2, 0xDF, 0x25, 0xFD, 0x95, 0xF4, 0x5F, 0x49,
    0x25, 0xFD, 0x07, 0x00, 0x3C, 0x55, 0xCD, 0x11, 0xED, 0x55, 0x71, 0x4E, 0x57, 0x55, 0xBC, 0x07,
    0x00, 0x1C, 0xD1, 0xDF, 0x11, 0xFD, 0x95, 0x70, 0x51, 0x7F, 0x55, 0xFD, 0x07, 0x00, 0x1C, 0xD1,
    0xDF, 0x51, 0xF5, 0x15, 0xF1, 0x5F, 0x45, 0x15, 0xDD, 0x07, 0x00, 0xFC, 0x57, 0xD0, 0x7D, 0x15,
    0xD5, 0x77, 0x51, 0x7F, 0xA5, 0x5C, 0x04, 0x00, 0x5C, 0xD2, 0xDF, 0x25, 0xF5, 0x94, 0xF0, 0x5F,
    0x49, 0x6D, 0xDD, 0x06, 0x00, 0xFC, 0x57, 0xCA, 0x7F, 0x55, 0xF5, 0x77, 0x40, 0x7F, 0x55, 0x3C,
    0x05, 0x00, 0x5C, 0xD5, 0xDF, 0x45, 0xF5, 0x14, 0x71, 0x5F, 0x11, 0x45, 0xFC, 0x07, 0x00, 0xB4,
    0x40, 0xDE, 0x57, 0x55, 0xFD, 0x23, 0x98, 0x3F, 0x82, 0xF8, 0x03, 0x00, 0x9C, 0x52, 0xDF, 0x27,
    0xF5, 0x55, 0x72, 0x5F, 0x01, 0x55, 0x5D, 0x05, 0x00, 0xFC, 0x52, 0xDA, 0x3B, 0x15, 0xF5, 0x77,
    0x51, 0x7D, 0xA5, 0xFC, 0x07, 0x00, 0xFC, 0x57, 0xD5, 0x21, 0xFD, 0xD5, 0xF4, 0x5E, 0x2D, 0xE5,
    0x7D, 0x02, 0x00, 0x1C, 0xD1, 0xDF, 0x29, 0xF5, 0x75, 0x74, 0x5F, 0x11, 0x55, 0xBD, 0x05, 0x00,
    0xFC, 0x51, 0xDD, 0x5F, 0x25, 0xF5, 0x74, 0x4A, 0x2F, 0x65, 0x9D, 0x04, 0x00, 0x1C, 0xD1, 0xDF,
    0x25, 0x95, 0xF4, 0x77, 0x55, 0x7D, 0x45, 0xFC, 0x07, 0x00, 0x9C, 0x53, 0xC9, 0x7F, 0x95, 0xB4,
    0x77, 0x40, 0x7D, 0x15, 0xDD, 0x07, 0x00, 0x10, 0xF1, 0x1E, 0x11, 0xFF, 0xA5, 0x24, 0xCC, 0x4F,
    0x82, 0xF8, 0x03, 0x00, 0xBC, 0x97, 0xD2, 0x7B, 0x29, 0xFD, 0x27, 0xC2, 0x7F, 0x22, 0xF8, 0x07,
    0x00, 0x9C, 0xD2, 0xDF, 0x29, 0xFD, 0x95, 0x74, 0x4D, 0x5B, 0xD5, 0xBC, 0x05, 0x00, 0x5C, 0xD7,
    0xC7, 0x75, 0x3D, 0x15, 0xF7, 0x47, 0x71, 0x7D, 0x1C, 0x07, 0x00, 0x80, 0xF0, 0x1F, 0x08, 0xFA,
    0x28, 0xF2, 0x1F, 0x55, 0x55, 0xFD, 0x07, 0x00, 0xFC, 0x57, 0xD0, 0x7F, 0x95, 0xF4, 0x77, 0x55,
    0x5F, 0x55, 0xFD, 0x06, 0x00, 0xF8, 0x01, 0x02, 0x04, 0xFF, 0x41, 0x84, 0x09, 0x15, 0x13, 0x60,
    0x00, 0x00, 0xBC, 0x83, 0x11, 0x01, 0xF7, 0x31, 0x60, 0x5F, 0x41, 0x84, 0x98, 0x01, 0x00, 0x10,
    0xC0, 0x8F, 0x04, 0x11, 0xFC, 0x07, 0x01, 0x0A, 0x44, 0x0C, 0x06, 0x00, 0x20, 0x40, 0xC8, 0x7F,
    0x02, 0xF8, 0x17, 0xC1, 0x7F, 0x44, 0x0C, 0x06, 0x00, 0x08, 0xE0, 0x5F, 0x49, 0x25, 0xFD, 0x44,
    0x12, 0x49, 0x2A, 0xC5, 0x07, 0x00, 0xC4, 0xF7, 0x41, 0x7D, 0x14, 0x7D, 0x44, 0x1F, 0x05, 0x1A,
    0xC4, 0x07, 0x00, 0xC4, 0xF7, 0x40, 0x7D, 0x14, 0x7D, 0x44, 0x1F, 0x29, 0xAA, 0xC4, 0x07, 0x00,
    0xE4, 0x77, 0x44, 0x7F, 0x54, 0x3D, 0x41, 0x1F, 0x49, 0xEA, 0x64, 0x04, 0x00, 0xE4, 0x77, 0x82,
    0x7E, 0x97, 0xA8, 0x65, 0x40, 0x7F, 0x55, 0xD1, 0x05, 0x00, 0xFC, 0x07, 0x01, 0x04, 0x08, 0xF0,
    0x63, 0x48, 0x21, 0x84, 0xF0, 0x03, 0x00, 0x9C, 0x20, 0x9E, 0x44, 0x29, 0x1D, 0x55, 0x48, 0x21,
    0x45, 0xDC, 0x00, 0x00, 0x9C, 0x20, 0x82, 0x2A, 0x29, 0x9D, 0x50, 0x43, 0x41, 0xC5, 0xFC, 0x00,
    0x00, 0xDC, 0x27, 0x95, 0x54, 0x79, 0x5D, 0x55, 0x55, 0x55, 0x35, 0x1D, 0x03, 0x00, 0x5C, 0x20,
    0x9F, 0x44, 0x49, 0x1D, 0x51, 0x44, 0x11, 0xA5, 0x5C, 0x04, 0x00, 0xFC, 0x27, 0x89, 0x24, 0x91,
    0xFC, 0x57, 0x49, 0x25, 0x95, 0x3C, 0x02, 0x00, 0x1C, 0x21, 0x9F, 0x10, 0x41, 0xDC, 0x57, 0x44,
    0x09, 0x15, 0xDD, 0x07, 0x00, 0xDC, 0x27, 0x89, 0x24, 0xF1, 0x5D, 0x52, 0x51, 0x4D, 0x05, 0xDC,
    0x07, 0x00, 0x9C, 0x20, 0x9E, 0x08, 0x21, 0xDC, 0x57, 0x51, 0x45, 0x15, 0xDD, 0x07, 0x00, 0x1C,
    0x26, 0x87, 0x10, 0xF1, 0x1D, 0x54, 0x48, 0x15, 0x35, 0x3C, 0x07, 0x00, 0xDC, 0x27, 0x84, 0x54,
    0xD1, 0x1C, 0xD1, 0x5F, 0x11, 0x45, 0x1C, 0x01, 0x00, 0x1C, 0xA1, 0x9F, 0x52, 0x49, 0xFC, 0x57,
    0x52, 0x29, 0xC5, 0xDC, 0x04, 0x00, 0x1C, 0x21, 0x9F, 0x54, 0xF1, 0x5D, 0x55, 0x55, 0x7D, 0x45,
    0x1C, 0x01, 0x00, 0xDC, 0x27, 0x85, 0x7C, 0x51, 0x5D, 0x55, 0x55, 0x55, 0x55, 0xDC, 0x07, 0x00,
    0x5C, 0x21, 0x9F, 0x14, 0x41, 0xDC, 0x57, 0x44, 0x39, 0x55, 0x1D, 0x01, 0x00, 0x1C, 0x21, 0x95,
    0x34, 0x41, 0xDC, 0x57, 0x51, 0x7D, 0x15, 0x5D, 0x06, 0x00, 0x1C, 0xA1, 0x9F, 0x08, 0x11, 0xFD,
    0x57, 0x40, 0x55, 0x55, 0x3D, 0x05, 0x00, 0xDC, 0x27, 0x44, 0x7C, 0x57, 0xD5, 0x57, 0x55, 0x7D,
    0x27, 0x60, 0x07, 0x00, 0xDC, 0x27, 0x91, 0x7C, 0x11, 0x5D, 0x54, 0x5F, 0x29, 0x95, 0x3C, 0x06,
    0x00, 0x7C, 0x27, 0x95, 0x76, 0x51, 0x5D, 0xD5, 0x5D, 0x55, 0x55, 0x5D, 0x05, 0x00, 0xFC, 0xA7,
    0x92, 0x7E, 0x29, 0xDD, 0x57, 0x52, 0x5D, 0x55, 0xDD, 0x05, 0x00, 0xBC, 0x27, 0x92, 0x7C, 0x81,
    0xFC, 0x57, 0x55, 0x39, 0x55, 0xBD, 0x05, 0x00, 0x1C, 0xA1, 0x9F, 0x24, 0x91, 0xBC, 0x55, 0x44,
    0x7F, 0x45, 0x1C, 0x01, 0x00, 0x9C, 0xA0, 0x9F, 0x52, 0xF9, 0x3D, 0xD5, 0x5F, 0x25, 0xFD, 0x1D,
    0x02, 0x00, 0x9C, 0xA0, 0x9F, 0x42, 0xD9, 0x5D, 0xD5, 0x55, 0x75, 0x55, 0x3C, 0x07, 0x00, 0x5C,
    0xA1, 0x9F, 0x54, 0xF9, 0x5D, 0xD5, 0x5F, 0x01, 0x95, 0x3C, 0x04, 0x00, 0x5C, 0xA5, 0x9F, 0x54,
    0xD1, 0x5D, 0x50, 0x5F, 0x19, 0x55, 0x3D, 0x05, 0x00, 0xBC, 0x20, 0xDF, 0x47, 0xF2, 0x7D, 0x04,
    0xD1, 0x7F, 0x86, 0xF4, 0x03, 0x00, 0xDC, 0x27, 0x84, 0x7C, 0x11, 0xDD, 0x57, 0x51, 0x7D, 0xA5,
    0x7C, 0x04, 0x00, 0x5C, 0xA2, 0x9F, 0x14, 0x51, 0x5D, 0xD3, 0x45, 0x15, 0x55, 0xFC, 0x07, 0x00,
    0x5C, 0x25, 0x9F, 0x00, 0xF1, 0x5D, 0x51, 0x57, 0x35, 0x57, 0xA0, 0x06, 0x00, 0x1C, 0xA1, 0x9F,
    0x4A, 0xA1, 0xDC, 0xD7, 0x45, 0x7D, 0x55, 0xDC, 0x07, 0x00, 0xDC, 0x27, 0x85, 0x7C, 0x51, 0x5C,
    0x51, 0x5F, 0x41, 0x55, 0xBD, 0x06, 0x00, 0xFC, 0xA7, 0x90, 0x7E, 0xA9, 0xFC, 0x57, 0x4A, 0x7F,
    0x95, 0xDC, 0x04, 0x00, 0x5C, 0x24, 0x89, 0x7E, 0x21, 0x5D, 0x52, 0x5F, 0x49, 0x95, 0xFC, 0x07,
    0x00, 0x9C, 0xA0, 0x9F, 0x24, 0x91, 0xFC, 0x57, 0x52, 0x7F, 0x15, 0x3D, 0x03, 0x00, 0xFC, 0x87,
    0x00, 0x3F, 0x87, 0x10, 0xF2, 0x9F, 0x52, 0x6B, 0x39, 0x07, 0x00, 0x5C, 0xA2, 0x9F, 0x10, 0xF1,
    0x1D, 0xD1, 0x5F, 0x29, 0x95, 0xBC, 0x07, 0x00, 0x88, 0xF7, 0xD2, 0x7E, 0x29, 0x7D, 0x93, 0xD2,
    0x7F, 0x86, 0xF4, 0x03, 0x00, 0x1C, 0xA1, 0x9F, 0x10, 0xF9, 0x9D, 0x50, 0x51, 0x7F, 0x55, 0xFD,
    0x07, 0x00, 0x1C, 0xA1, 0x9F, 0x54, 0xF1, 0x1D, 0xD5, 0x5F, 0x41, 0x15, 0x9D, 0x06, 0x00, 0x80,
    0xF0, 0x5F, 0x22, 0xFF, 0xB5, 0xB2, 0x15, 0x7F, 0x06, 0xF5, 0x07, 0x00, 0xFC, 0x47, 0xD2, 0x7F,
    0x55, 0x7D, 0x13, 0xD2, 0x7F, 0x86, 0xF4, 0x03, 0x00, 0x5C, 0xA3, 0x96, 0x34, 0x69, 0x1D, 0xD1,
    0x5F, 0x55, 0xCD, 0xDC, 0x04, 0x00, 0xDC, 0x22, 0x9A, 0x3A, 0x11, 0xDD, 0xD7, 0x51, 0x7D, 0xA5,
    0xFC, 0x07, 0x00, 0x5C, 0x25, 0x8D, 0x7E, 0x41, 0xDC, 0x55, 0x5D, 0x57, 0xE5, 0x7D, 0x04, 0x00,
    0x9C, 0x22, 0x9F, 0x28, 0xF1, 0x5D, 0x55, 0x5F, 0x55, 0xF5, 0x9D, 0x02, 0x00, 0x9C, 0x22, 0x9F,
    0x26, 0xF1, 0x5D, 0x52, 0x5F, 0x01, 0x55, 0x5D, 0x05, 0x00, 0x5C, 0xA2, 0x9F, 0x34, 0xA9, 0xFC,
    0x57, 0x54, 0x35, 0x75, 0x3C, 0x06, 0x00, 0x3C, 0xA7, 0x93, 0x22, 0xF9, 0x5D, 0xD5, 0x47, 0x75,
    0x5D, 0xDC, 0x07, 0x00, 0x1C, 0xA1, 0x9F, 0x2A, 0xF9, 0x9D, 0xD2, 0x5F, 0x55, 0xF5, 0x3C, 0x04,
    0x00, 0xFC, 0x27, 0x85, 0x7E, 0xA9, 0xFC, 0x93, 0x4A, 0x7E, 0x29, 0xBD, 0x05, 0x00, 0xBC, 0x22,
    0x97, 0x36, 0x71, 0x7D, 0x57, 0x47, 0x6B, 0xB5, 0xBC, 0x04, 0x00, 0xA8, 0x72, 0x9D, 0x2A, 0x93,
    0xA9, 0xF2, 0x9F, 0x32, 0x4D, 0xE9, 0x01, 0x00, 0xF8, 0x03, 0x00, 0x00, 0xFF, 0x41, 0x00, 0x81,
    0x24, 0x11, 0x61, 0x00, 0x00, 0x38, 0x01, 0xC4, 0x13, 0xF4, 0x15, 0xD1, 0x44, 0x11, 0x45, 0xD0,
    0x07, 0x00, 0x90, 0x47, 0xD2, 0x4B, 0x28, 0x91, 0xE7, 0x42, 0x0D, 0x24, 0x91, 0x07, 0x00, 0x88,
    0xF7, 0x12, 0x2A, 0x64, 0x88, 0x32, 0x92, 0x49, 0xEA, 0x88, 0x00, 0x00, 0x10, 0x44, 0xCE, 0x13,
    0x48, 0xD0, 0x67, 0x44, 0x2B, 0xA4, 0x50, 0x04, 0x00, 0x08, 0x26, 0xCF, 0x27, 0x98, 0xD0, 0x27,
    0xC9, 0x25, 0x1A, 0xC9, 0x05, 0x00, 0x10, 0x46, 0xC6, 0x0F, 0xE8, 0x91, 0x64, 0x52, 0x4B, 0x14,
    0x51, 0x04, 0x00, 0x08, 0x21, 0xC4, 0x13, 0xD8, 0x51, 0x21, 0xC5, 0x14, 0x56, 0xE8, 0x07, 0x00,
    0x08, 0xA1, 0xDF, 0x09, 0x24, 0xD0, 0x27, 0xD1, 0x46, 0x16, 0xC9, 0x07, 0x00, 0x10, 0x41, 0xD0,
    0x4B, 0xB8, 0x90, 0x65, 0x52, 0x0D, 0x2C, 0x91, 0x07, 0x00, 0xC8, 0x27, 0xD1, 0x7D, 0x14, 0x51,
    0x24, 0xDF, 0x45, 0x12, 0xE9, 0x07, 0x00, 0xC8, 0x27, 0xC9, 0x25, 0xF4, 0x49, 0x72, 0x91, 0x4E,
    0x02, 0xC8, 0x07, 0x00, 0x90, 0x40, 0xDE, 0x17, 0xC8, 0x11, 0xE1, 0x44, 0x75, 0x44, 0x10, 0x01,
    0x00, 0xC8, 0x27, 0xD1, 0x45, 0x14, 0xD1, 0x27, 0xC4, 0x18, 0x56, 0x29, 0x07, 0x00, 0x08, 0xA1,
    0xDF, 0x53, 0xF8, 0x31, 0xA5, 0xD4, 0x7E, 0x46, 0x08, 0x01, 0x00, 0x48, 0xE2, 0x4F, 0x44, 0xFF,
    0xF1, 0x01, 0xC0, 0x7F, 0x92, 0x64, 0x04, 0x00, 0xC8, 0x27, 0xD0, 0x5D, 0x04, 0xC9, 0x75, 0x95,
    0x56, 0x72, 0x09, 0x06, 0x00, 0x48, 0x22, 0xC5, 0x7F, 0x44, 0xD0, 0x27, 0xC4, 0x11, 0xFA, 0x09,
    0x01, 0x00, 0xFC, 0x87, 0x82, 0x3F, 0xAA, 0xF8, 0x03, 0xC0, 0x7F, 0x92, 0x64, 0x04, 0x00, 0xB8,
    0x97, 0x90, 0x2A, 0x44, 0xE8, 0x12, 0x90, 0x3F, 0x92, 0x64, 0x04, 0x00, 0x48, 0xA2, 0xDF, 0x25,
    0xF4, 0x48, 0xB2, 0x9F, 0x01, 0x92, 0x28, 0x04, 0x00, 0x88, 0x27, 0xD2, 0x7D, 0x84, 0xC8, 0x77,
    0x95, 0x3A, 0x52, 0xA9, 0x05, 0x00, 0x10, 0xF1, 0x1F, 0x19, 0xD6, 0xF4, 0x05, 0xC0, 0x7F, 0x92,
    0x64, 0x04, 0x00, 0xE8, 0xA3, 0xC8, 0x3B, 0xA8, 0xF0, 0xA7, 0xD4, 0x52, 0x7A, 0x09, 0x06, 0x00,
    0x88, 0x20, 0xDE, 0x0B, 0xF8, 0x30, 0xA2, 0xCF, 0x22, 0xFA, 0x18, 0x06, 0x00, 0xE8, 0x27, 0xC0,
    0x3D, 0x94, 0xF0, 0xA7, 0xD4, 0x7E, 0x4E, 0xE9, 0x07, 0x00, 0xE8, 0x57, 0x95, 0x5E, 0x53, 0xF9,
    0x07, 0xC0, 0x7F, 0x92, 0x64, 0x04, 0x00, 0x08, 0x21, 0xDF, 0x11, 0xF4, 0x49, 0x74, 0x8A, 0x7E,
    0x12, 0xC9, 0x07, 0x00, 0xC8, 0x27, 0xD5, 0x55, 0xF4, 0x49, 0x75, 0x9F, 0x54, 0xFA, 0x09, 0x01,
    0x00, 0xC8, 0x27, 0xD5, 0x7D, 0x54, 0xE9, 0x37, 0x91, 0x7D, 0xA2, 0xC8, 0x07, 0x00, 0xE8, 0x27,
    0xC4, 0x7D, 0x44, 0xE9, 0x33, 0x90, 0x7F, 0x2A, 0xE9, 0x06, 0x00, 0xFC, 0x07, 0x81, 0x3F, 0x92,
    0xF8, 0x03, 0xC1, 0x7F, 0x51, 0xF5, 0x05, 0x00, 0xF0, 0x21, 0xC9, 0x7F, 0x28, 0x48, 0xA2, 0xCA,
    0x7F, 0x49, 0xF5, 0x06, 0x00, 0x80, 0xE3, 0x01, 0x04, 0x10, 0xFC, 0x07, 0x01, 0x16, 0x94, 0x4C,
    0x04, 0x00, 0xF8, 0x03, 0xC1, 0x7F, 0x58, 0x50, 0x32, 0x11, 0x09, 0x24, 0x8D, 0x07, 0x00, 0xF8,
    0x03, 0xC1, 0x7F, 0x54, 0x48, 0xD6, 0x07, 0x74, 0x08, 0x19, 0x03, 0x00, 0x90, 0x30, 0x82, 0x08,
    0x27, 0x48, 0x30, 0xC9, 0x25, 0x4A, 0xE9, 0x04, 0x00, 0xF8, 0x03, 0xC1, 0x7F, 0x90, 0xFC, 0x07,
    0x89, 0x3F, 0x54, 0x4C, 0x06, 0x00, 0x60, 0x71, 0x14, 0x55, 0x5F, 0x51, 0xC3, 0x84, 0x11, 0xA5,
    0x70, 0x04, 0x00, 0xB0, 0x32, 0x8C, 0x24, 0xAF, 0x08, 0x62, 0xD8, 0x38, 0x9A, 0x08, 0x02, 0x00,
    0x60, 0x71, 0x04, 0x55, 0x5F, 0x11, 0x61, 0x46, 0x43, 0xC4, 0xD0, 0x00, 0x00, 0xE0, 0x77, 0x12,
    0x79, 0x3F, 0x91, 0x64, 0x5E, 0x4B, 0x24, 0xD1, 0x07, 0x00, 0x30, 0xB1, 0x9F, 0x10, 0x4F, 0xC8,
    0x27, 0x84, 0x39, 0x53, 0x29, 0x01, 0x00, 0xF0, 0x37, 0x84, 0x54, 0xD7, 0x08, 0x21, 0xC4, 0x7E,
    0x46, 0x08, 0x01, 0x00, 0x40, 0xF0, 0x1F, 0x04, 0xFE, 0x10, 0x31, 0x8B, 0x47, 0x74, 0x4C, 0x06,
    0x00, 0x60, 0x71, 0x1F, 0x55, 0x5F, 0x51, 0xC5, 0x9F, 0x11, 0xA5, 0x70, 0x04, 0x00, 0x60, 0x71,
    0x1F, 0x15, 0x4F, 0xD0, 0x47, 0x84, 0x13, 0xA5, 0x70, 0x04, 0x00, 0xB0, 0x37, 0x91, 0x28, 0x4F,
    0x88, 0xB7, 0x91, 0x29, 0x62, 0x68, 0x00, 0x00, 0x60, 0x76, 0x06, 0x25, 0xFF, 0x91, 0x60, 0x5F,
    0x57, 0x54, 0x11, 0x01, 0x00, 0x50, 0x33, 0x89, 0x42, 0xF7, 0x48, 0x62, 0xCF, 0x10, 0x52, 0x28,
    0x07, 0x00, 0xE0, 0x77, 0x11, 0x7D, 0x1F, 0x51, 0xC4, 0x9F, 0x11, 0xFD, 0x11, 0x01, 0x00, 0xA0,
    0x77, 0x12, 0x79, 0x0F, 0xD0, 0x47, 0x84, 0x7B, 0x45, 0xD0, 0x07, 0x00, 0x60, 0x71, 0x0C, 0x55,
    0x4F, 0xD0, 0x47, 0x91, 0x7D, 0x1D, 0x51, 0x06, 0x00, 0xA0, 0x73, 0x11, 0x7D, 0x0F, 0xD0, 0x67,
    0x48, 0x13, 0x14, 0xD1, 0x05, 0x00, 0xA0, 0x72, 0x1F, 0x25, 0xFF, 0x51, 0x42, 0x9F, 0x27, 0x95,
    0xD0, 0x07, 0x00, 0x30, 0xB1, 0x9F, 0x10, 0xFF, 0x49, 0xE1, 0xDE, 0x24, 0x62, 0x68, 0x06, 0x00,
    0x40, 0xF0, 0x9F, 0x2E, 0x82, 0xF8, 0x03, 0xC1, 0x7F, 0x54, 0x4C, 0x06, 0x00, 0xF0, 0xB7, 0x92,
    0x7E, 0x2F, 0xE9, 0xB7, 0x90, 0x5F, 0x4A, 0xE9, 0x05, 0x00, 0xE0, 0x77, 0x04, 0x7D, 0x5F, 0xD1,
    0x67, 0x95, 0x7D, 0x4D, 0xD0, 0x07, 0x00, 0xD0, 0x37, 0x95, 0x22, 0xF7, 0x49, 0xB5, 0xDF, 0x55,
    0xFA, 0x49, 0x04, 0x00, 0xE0, 0x77, 0x15, 0x7D, 0x5F, 0xD1, 0x47, 0x8A, 0x67, 0xE5, 0x70, 0x04,
    0x00, 0xE0, 0x77, 0x15, 0x21, 0x4F, 0xD0, 0x46, 0x91, 0x6D, 0x1D, 0xD1, 0x07, 0x00, 0x30, 0xB1,
    0x9F, 0x42, 0xFF, 0x88, 0x64, 0xD5, 0x28, 0x9A, 0x88, 0x05, 0x00, 0x30, 0xB5, 0x9F, 0x28, 0x17,
    0xE9, 0x33, 0x91, 0x7F, 0x0A, 0xE9, 0x07, 0x00, 0xB0, 0xB0, 0x9F, 0x24, 0xF7, 0x08, 0xE0, 0xDF,
    0x52, 0x7A, 0x29, 0x06, 0x00, 0x90, 0xF7, 0x13, 0x49, 0x1F, 0x45, 0xE0, 0x1E, 0x49, 0xCE, 0xD4,
    0x04, 0x00, 0x60, 0x71, 0x1F, 0x45, 0xFF, 0x51, 0xE5, 0x4C, 0x0D, 0x8C, 0xD1, 0x01, 0x00, 0x38,
    0x94, 0xCE, 0x17, 0xF5, 0x7D, 0x51, 0xCD, 0x5F, 0x40, 0x54, 0x01, 0x00, 0x20, 0x71, 0x1F, 0x11,
    0xFF, 0x11, 0xC1, 0x9F, 0x45, 0xF5, 0x30, 0x04, 0x00, 0xC4, 0xF7, 0x44, 0x7C, 0x1F, 0xD1, 0xF7,
    0x11, 0x7D, 0xA6, 0x54, 0x04, 0x00, 0x30, 0xB1, 0x9F, 0x54, 0xFF, 0x09, 0x65, 0xDF, 0x12, 0x12,
    0xD9, 0x05, 0x00, 0x30, 0xB1, 0x9F, 0x2A, 0x57, 0xE9, 0xA7, 0xD2, 0x7A, 0x0E, 0xE9, 0x07, 0x00,
    0x70, 0x37, 0x85, 0x7E, 0x47, 0xE8, 0xA7, 0xC4, 0x6E, 0x96, 0x48, 0x05, 0x00, 0xE0, 0x77, 0x15,
    0x21, 0xFF, 0x11, 0x41, 0x9F, 0x13, 0x15, 0xD1, 0x05, 0x00, 0xB0, 0x32, 0x9F, 0x26, 0xF7, 0x49,
    0x62, 0xDF, 0x26, 0x62, 0x68, 0x06, 0x00, 0x40, 0xF0, 0x5F, 0x40, 0x01, 0xD1, 0x41, 0x04, 0x11,
    0x82, 0x04, 0x04, 0x00, 0x40, 0xF0, 0x5F, 0x4A, 0x28, 0x98, 0x03, 0x81, 0x1F, 0x48, 0x1D, 0x07,
    0x00, 0x40, 0xF0, 0x5F, 0x4A, 0x24, 0xFC, 0x27, 0x80, 0x3F, 0x80, 0xC0, 0x01, 0x00, 0x40, 0xF0,
    0x5F, 0x4A, 0x24, 0x0C, 0xE7, 0x0F, 0x04, 0x10, 0xFC, 0x07, 0x00, 0x40, 0xF0, 0x5F, 0x4A, 0x24,
    0xF8, 0x47, 0xC8, 0x7F, 0x88, 0x18, 0x03, 0x00, 0x40, 0xF0, 0x5F, 0x4A, 0x24, 0x08, 0x07, 0xD1,
    0x7F, 0x44, 0x0C, 0x06, 0x00, 0x40, 0xF0, 0x5F, 0x4A, 0xE6, 0x20, 0xC0, 0x9F, 0x04, 0xF1, 0x41,
    0x00, 0x00, 0x40, 0xF0, 0x5F, 0x4A, 0x24, 0xCC, 0xA7, 0x52, 0x49, 0x12, 0x3D, 0x03, 0x00, 0x40,
    0xF0, 0x5F, 0x4A, 0x24, 0xFC, 0x47, 0x88, 0x5F, 0x10, 0xFC, 0x07, 0x00, 0x40, 0xF0, 0x5F, 0x4A,
    0xE6, 0xA0, 0xD0, 0x96, 0x2A, 0x29, 0x9D, 0x07, 0x00, 0x40, 0xF0, 0x5F, 0x4A, 0x24, 0xF8, 0x13,
    0xC1, 0x7F, 0x82, 0xF8, 0x03, 0x00, 0x40, 0xF0, 0x5F, 0x4A, 0x24, 0xFC, 0x97, 0xD4, 0x4D, 0x51,
    0xFD, 0x07, 0x00, 0x40, 0xF0, 0x5F, 0x4A, 0x24, 0xFC, 0x87, 0x88, 0x7F, 0x0C, 0xED, 0x07, 0x00,
    0x40, 0xF0, 0x5F, 0x4A, 0xA5, 0xF8, 0xA7, 0x4A, 0x3E, 0x25, 0xF1, 0x07, 0x00, 0x40, 0xF0, 0x5F,
    0x4A, 0xFE, 0x48, 0x22, 0xC9, 0x7F, 0x54, 0x4C, 0x06, 0x00, 0x40, 0xF0, 0x5F, 0x4A, 0xFC, 0x1C,
    0x41, 0xC7, 0x7F, 0x29, 0xE5, 0x06, 0x00, 0x40, 0xF0, 0x5F, 0x4A, 0x24, 0xF4, 0x27, 0x02, 0x3E,
    0x22, 0xF4, 0x07, 0x00, 0x40, 0xF0, 0x5F, 0x4A, 0x44, 0xBD, 0x97, 0xC2, 0x7F, 0x0A, 0x35, 0x03,
    0x00, 0x40, 0xF0, 0x5F, 0x4A, 0xCE, 0x40, 0xE0, 0x0F, 0x04, 0xFF, 0xA9, 0x02, 0x00, 0x40, 0xF0,
    0x5F, 0x49, 0xF2, 0x7C, 0x22, 0xCF, 0x27, 0xF2, 0x34, 0x04, 0x00, 0x40, 0xF0, 0x5F, 0x4A, 0x24,
    0xEC, 0x27, 0x89, 0x2D, 0x12, 0xDD, 0x05, 0x00, 0x40, 0xF0, 0x5F, 0x4A, 0xE4, 0x3C, 0x91, 0xDE,
    0x4F, 0xCA, 0xB4, 0x04, 0x00, 0x40, 0xF0, 0x5F, 0x4A, 0xE6, 0x48, 0xF2, 0x1F, 0x11, 0x7C, 0x0C,
    0x06, 0x00, 0x40, 0xF0, 0x5F, 0x4A, 0xF6, 0x75, 0x45, 0xC9, 0x7F, 0x26, 0xD5, 0x05, 0x00, 0x40,
    0xF0, 0x1F, 0x00, 0x44, 0x10, 0x41, 0x04, 0x09, 0x20, 0xFC, 0x07, 0x00, 0x10, 0x41, 0xC4, 0x77,
    0x48, 0x28, 0xA1, 0x1F, 0x45, 0x1C, 0xCD, 0x07, 0x00, 0x40, 0xE0, 0x0F, 0x0A, 0xFF, 0x11, 0xC1,
    0x07, 0x11, 0x7C, 0x1D, 0x07, 0x00, 0x40, 0xF0, 0x1F, 0x12, 0xFF, 0x11, 0xC1, 0x07, 0x11, 0xFF,
    0x41, 0x00, 0x00, 0x88, 0x20, 0xD1, 0x7F, 0xA4, 0x74, 0x56, 0x0E, 0x27, 0x67, 0x70, 0x06, 0x00,
    0x40, 0xE0, 0x0F, 0x11, 0xFF, 0xF9, 0x23, 0x89, 0x3F, 0x10, 0xFC, 0x07, 0x00, 0xC8, 0x23, 0xC9,
    0x3F, 0x94, 0xD4, 0x57, 0x51, 0x53, 0x38, 0x1D, 0x03, 0x00, 0x48, 0x25, 0xD5, 0x7F, 0x04, 0xF4,
    0x57, 0x02, 0x7F, 0x57, 0x51, 0x05, 0x00, 0x10, 0xF1, 0x9E, 0x2A, 0xFF, 0xA5, 0xF4, 0x9E, 0x19,
    0x55, 0x75, 0x07, 0x00, 0x88, 0x20, 0x82, 0x7B, 0x95, 0x54, 0x42, 0x08, 0x21, 0x84, 0x90, 0x03,
    0x00, 0x08, 0xE1, 0x5E, 0x25, 0x84, 0x00, 0xE0, 0x0F, 0x00, 0x00, 0xFC, 0x07, 0x00, 0x88, 0xE0,
    0x5E, 0x25, 0x00, 0xF0, 0x01, 0xC1, 0x7F, 0x10, 0x60, 0x00, 0x00, 0x88, 0xE0, 0x5E, 0x25, 0x00,
    0xF8, 0x03, 0xC1, 0x7F, 0x10, 0x40, 0x00, 0x00, 0x88, 0xE0, 0x5E, 0x25, 0xFE, 0x48, 0x22, 0x89,
    0x3F, 0x02, 0xF9, 0x07, 0x00, 0x88, 0xE0, 0x5E, 0x15, 0x08, 0xF8, 0x03, 0xC1, 0x7F, 0x44, 0x0C,
    0x06, 0x00, 0x88, 0xE0, 0x5E, 0x15, 0x92, 0xF8, 0x13, 0x81, 0x3F, 0x10, 0xFC, 0x07, 0x00, 0x88,
    0xE0, 0x5E, 0x25, 0x10, 0xF8, 0x27, 0x91, 0x7F, 0x12, 0xF9, 0x07, 0x00, 0x88, 0xE0, 0x5E, 0x15,
    0x08, 0xFD, 0x07, 0x80, 0x3F, 0x82, 0xF8, 0x03, 0x00, 0x88, 0xE0, 0x5E, 0x25, 0x10, 0xF8, 0x43,
    0x04, 0x11, 0x20, 0xFC, 0x07, 0x00, 0x88, 0xE0, 0x5E, 0x25, 0x84, 0xE8, 0x37, 0x88, 0x22, 0x92,
    0x08, 0x03, 0x00, 0x88, 0xE0, 0x5E, 0x25, 0x10, 0xFC, 0x47, 0x85, 0x24, 0x7D, 0x41, 0x00, 0x00,
    0x88, 0xE0, 0x5E, 0x25, 0xFE, 0x48, 0xE0, 0x1F, 0x46, 0x14, 0x4D, 0x03, 0x00, 0x88, 0xE0, 0x5E,
    0x25, 0xFE, 0x40, 0xF2, 0x1F, 0x24, 0xFF, 0x41, 0x00, 0x00, 0x88, 0xE0, 0x5E, 0x25, 0x10, 0xF8,
    0x03, 0xC4, 0x7F, 0x44, 0xA0, 0x01, 0x00, 0x88, 0xE0, 0x5E, 0x25, 0x2F, 0xE4, 0xF7, 0x52, 0x4A,
    0x1F, 0x25, 0x03, 0x00, 0x88, 0xE0, 0x5E, 0x15, 0x88, 0xF8, 0x37, 0x91, 0x47, 0x12, 0x79, 0x03,
    0x00, 0x88, 0xE0, 0x5E, 0x25, 0x44, 0xE9, 0x37, 0x84, 0x50, 0xC2, 0xE8, 0x04, 0x00, 0x88, 0xE0,
    0x5E, 0x15, 0x88, 0xFC, 0x17, 0x42, 0x7F, 0x21, 0xFC, 0x07, 0x00, 0x88, 0xE0, 0x5E, 0x25, 0x00,
    0xFC, 0x17, 0xD0, 0x5F, 0x25, 0xF5, 0x06, 0x00, 0x88, 0xE0, 0x5E, 0x25, 0x48, 0xF0, 0x22, 0x50,
    0x3F, 0x84, 0xF0, 0x03, 0x00, 0x88, 0xE0, 0x5E, 0x25, 0x10, 0xFC, 0x27, 0x89, 0x2E, 0x54, 0x4C,
    0x06, 0x00, 0x88, 0xE0, 0x5E, 0x25, 0x12, 0xC8, 0x77, 0x91, 0x5A, 0x02, 0x9D, 0x05, 0x00, 0x88,
    0xE0, 0x5E, 0x15, 0x8F, 0xD1, 0x21, 0xDC, 0x15, 0x5C, 0xCC, 0x07, 0x00, 0x88, 0xE0, 0x5E, 0x25,
    0x24, 0xD4, 0x53, 0x4A, 0x7F, 0x44, 0xD0, 0x06, 0x00, 0x88, 0xE0, 0x5E, 0x25, 0xF8, 0x1D, 0x81,
    0xDF, 0x11, 0x38, 0x1D, 0x07, 0x00, 0x88, 0xE0, 0x5E, 0x15, 0x7C, 0x48, 0xF2, 0x1F, 0x24, 0xFE,
    0x40, 0x00, 0x00, 0x88, 0xE0, 0x5E, 0x25, 0x40, 0xE4, 0xA7, 0x10, 0x7E, 0x0A, 0xE5, 0x07, 0x00,
    0x88, 0xE0, 0x5E, 0x2D, 0xC7, 0xF1, 0x41, 0xC4, 0x7F, 0x44, 0x0C, 0x06, 0x00, 0x88, 0xE0, 0x5E,
    0x25, 0xFE, 0x08, 0xE2, 0x0F, 0x11, 0xFF, 0x09, 0x01, 0x00, 0x88, 0xE0, 0x5E, 0x25, 0x12, 0xFD,
    0x27, 0xD1, 0x7D, 0x12, 0xCD, 0x07, 0x00, 0x88, 0xE0, 0x5E, 0x25, 0x10, 0xFC, 0x57, 0x52, 0x5F,
    0x44, 0xF0, 0x01, 0x00, 0x88, 0xE0, 0x5E, 0x25, 0xFF, 0x01, 0xF0, 0x52, 0x4A, 0x2F, 0x25, 0x06,
    0x00, 0x88, 0xE0, 0x5E, 0x25, 0xF4, 0x7D, 0x44, 0x9F, 0x45, 0x1D, 0xD1, 0x07, 0x00, 0x88, 0xE0,
    0x5E, 0x15, 0x90, 0xFC, 0x17, 0xD2, 0x2B, 0xC5, 0xDC, 0x04, 0x00, 0x88, 0xE0, 0x5E, 0x25, 0xEF,
    0xA5, 0xF4, 0x52, 0x49, 0x29, 0xDD, 0x06, 0x00, 0x88, 0xE0, 0x5E, 0x15, 0x08, 0xF8, 0x23, 0xC8,
    0x7F, 0x10, 0xFC, 0x07, 0x00, 0x88, 0xE0, 0x5E, 0x25, 0xFF, 0x95, 0xF4, 0x5B, 0x09, 0x3F, 0x91,
    0x07, 0x00, 0x88, 0xE0, 0x5E, 0x25, 0xFC, 0x08, 0xF1, 0x9F, 0x2A, 0x65, 0x68, 0x06, 0x00, 0x88,
    0xE0, 0x5E, 0x25, 0xFE, 0x09, 0xE2, 0xDF, 0x52, 0xFE, 0x29, 0x05, 0x00, 0x88, 0xE0, 0x5E, 0x25,
    0xEF, 0x49, 0x05, 0xC1, 0x7F, 0x54, 0x4C, 0x06, 0x00, 0x88, 0xE0, 0x5E, 0x25, 0xFE, 0x10, 0xF1,
    0x5F, 0x51, 0x7D, 0x05, 0x06, 0x00, 0x88, 0xE0, 0x5E, 0x25, 0xEF, 0x85, 0xF0, 0x9E, 0x52, 0xAD,
    0x69, 0x05, 0x00, 0xB8, 0x57, 0x89, 0x3F, 0x82, 0xF8, 0x23, 0xC8, 0x7F, 0xAA, 0x74, 0x05, 0x00,
    0x88, 0xE0, 0x5E, 0x25, 0x12, 0xF8, 0x23, 0x81, 0x7F, 0x02, 0xA5, 0x06, 0x00, 0x88, 0xE0, 0xDE,
    0x24, 0xFD, 0x9D, 0x90, 0xDF, 0x4B, 0x29, 0xBD, 0x06, 0x00, 0x88, 0xE0, 0x5E, 0x25, 0x20, 0xCD,
    0xE3, 0x94, 0x7C, 0x45, 0xE4, 0x07, 0x00, 0xB8, 0x57, 0x89, 0x3F, 0xAA, 0xF8, 0x27, 0x82, 0x4B,
    0xC1, 0xE4, 0x04, 0x00, 0x88, 0xE0, 0x5E, 0x05, 0xEF, 0x49, 0xE1, 0x5F, 0x12, 0xA8, 0x58, 0x04,
    0x00, 0x88, 0xE0, 0x5E, 0x15, 0xFF, 0x51, 0xF1, 0x1F, 0x21, 0x7C, 0x0C, 0x06, 0x00, 0x88, 0xE0,
    0x5E, 0x15, 0x88, 0xF0, 0x71, 0x1C, 0x1F, 0x43, 0x38, 0x06, 0x00, 0xB8, 0x57, 0x89, 0x3F, 0x92,
    0xF8, 0x23, 0x89, 0x24, 0xFF, 0x41, 0x00, 0x00, 0x88, 0xE0, 0x5E, 0x25, 0xEF, 0xA5, 0xF4, 0x5E,
    0x4E, 0x29, 0xE5, 0x06, 0x00, 0x88, 0xE0, 0x5E, 0x15, 0xFE, 0x48, 0xF2, 0x1F, 0x11, 0x7C, 0x0C,
    0x06, 0x00, 0x88, 0xE0, 0x5E, 0x15, 0xFE, 0xA0, 0xF0, 0x1F, 0x15, 0x7C, 0x0C, 0x06, 0x00, 0x88,
    0xE0, 0x5E, 0x15, 0xFF, 0xA9, 0x12, 0x99, 0x3F, 0x82, 0xF8, 0x03, 0x00, 0x88, 0xE0, 0x5E, 0x25,
    0xFF, 0x41, 0xE2, 0x8F, 0x54, 0x39, 0x55, 0x05, 0x00, 0x88, 0xE0, 0x5E, 0x25, 0xFE, 0x4D, 0xA2,
    0x94, 0x7F, 0x09, 0xE5, 0x07, 0x00, 0x88, 0xE0, 0x5E, 0x25, 0xFF, 0xA9, 0xE2, 0x9E, 0x4E, 0xCF,
    0xC4, 0x04, 0x00, 0x88, 0xE0, 0x5E, 0x15, 0x82, 0xFC, 0x97, 0xD2, 0x7B, 0xAA, 0x44, 0x04, 0x00,
    0x88, 0xE0, 0x5E, 0x25, 0xFE, 0x49, 0xE5, 0x9F, 0x14, 0xD9, 0x54, 0x05, 0x00, 0x88, 0xE0, 0x5E,
    0x2D, 0x4A, 0xE5, 0xA7, 0x14, 0x7F, 0x8A, 0x44, 0x03, 0x00, 0x88, 0xE0, 0x5E, 0x25, 0xEF, 0x95,
    0x90, 0xD8, 0x3F, 0xAA, 0xFC, 0x07, 0x00, 0xB8, 0x57, 0xC9, 0x7F, 0x10, 0xF9, 0x01, 0xC9, 0x7F,
    0xAA, 0x38, 0x03, 0x00, 0x88, 0xE0, 0x5F, 0x29, 0xFF, 0x91, 0xF2, 0x1F, 0x45, 0x1E, 0xD5, 0x07,
    0x00, 0x88, 0xE0, 0x5E, 0x25, 0xAF, 0xE4, 0xF7, 0x44, 0x7E, 0xAF, 0x64, 0x05, 0x00, 0x88, 0xE0,
    0x5E, 0x55, 0xFF, 0x95, 0xF4, 0x1F, 0x49, 0xCE, 0xD4, 0x04, 0x00, 0x88, 0xE0, 0x5E, 0x25, 0x5F,
    0xA8, 0xF7, 0x51, 0x7A, 0x2F, 0xA4, 0x07, 0x00, 0x88, 0xE0, 0x5E, 0x15, 0xAA, 0xFC, 0xA7, 0xD2,
    0x2E, 0xCA, 0xFC, 0x04, 0x00, 0x88, 0xE0, 0x5E, 0x15, 0xBF, 0xA8, 0x57, 0xCA, 0x7F, 0xA5, 0xB4,
    0x07, 0x00, 0xB8, 0x57, 0x89, 0x3F, 0xAA, 0xF8, 0x53, 0xCA, 0x7F, 0x94, 0xD4, 0x07, 0x00, 0xB8,
    0x57, 0x89, 0x77, 0xA1, 0xFC, 0x57, 0xD5, 0x7F, 0x55, 0x54, 0x05, 0x00, 0x40, 0x20, 0x09, 0x15,
    0x10, 0xFC, 0x87, 0x03, 0x15, 0x93, 0x41, 0x00, 0x00, 0x90, 0x53, 0x48, 0x45, 0x14, 0xFD, 0x47,
    0x92, 0x4B, 0x15, 0x51, 0x03, 0x00, 0x90, 0xD0, 0x5F, 0x01, 0x94, 0x7C, 0x42, 0x89, 0x15, 0x45,
    0xF0, 0x07, 0x00, 0x90, 0xD7, 0x52, 0x79, 0x24, 0xFD, 0x44, 0x9E, 0x4B, 0x25, 0xD1, 0x07, 0x00,
    0xFC, 0x87, 0x82, 0x3F, 0xAA, 0xF8, 0x43, 0xC5, 0x7F, 0x54, 0x4C, 0x06, 0x00, 0x4C, 0x66, 0xD5,
    0x6E, 0x91, 0xF4, 0x33, 0x99, 0x4E, 0x56, 0x4D, 0x06, 0x00, 0xE4, 0x23, 0x0A, 0x6A, 0x92, 0x24,
    0x25, 0xC9, 0x7F, 0x54, 0x4C, 0x06, 0x00, 0xD0, 0xD7, 0x84, 0x7D, 0x5F, 0xD1, 0x67, 0x95, 0x7D,
    0x2D, 0x50, 0x07, 0x00, 0x20, 0xE0, 0x8F, 0x2A, 0x92, 0xFC, 0x47, 0x80, 0x3F, 0x82, 0x80, 0x01,
    0x00, 0x10, 0xD1, 0x5F, 0x25, 0x94, 0xBC, 0x45, 0x84, 0x7F, 0x45, 0x10, 0x01, 0x00, 0x10, 0xD1,
    0x5F, 0x41, 0xF4, 0x1C, 0xC0, 0x9F, 0x11, 0x55, 0xB1, 0x05, 0x00, 0x10, 0xD1, 0x5F, 0x11, 0xF4,
    0x3D, 0x41, 0x9F, 0x47, 0xF5, 0x51, 0x04, 0x00, 0x50, 0xD7, 0x57, 0x75, 0x54, 0xFD, 0x45, 0x9C,
    0x51, 0x7D, 0x91, 0x06, 0x00, 0x90, 0x54, 0x4A, 0x7D, 0x44, 0xBC, 0x43, 0x84, 0x7D, 0x05, 0x50,
    0x05, 0x00, 0x10, 0x51, 0x5F, 0x15, 0xF4, 0x7D, 0x45, 0x9F, 0x2D, 0xAD, 0x90, 0x03, 0x00, 0x90,
    0xD2, 0x5E, 0x25, 0xE4, 0x7D, 0x42, 0x9D, 0x55, 0x55, 0xB1, 0x07, 0x00, 0x80, 0xF0, 0x5F, 0x22,
    0xFF, 0x55, 0xB2, 0x52, 0x7F, 0xA9, 0x94, 0x04, 0x00, 0x48, 0x42, 0xC5, 0x7F, 0x54, 0xF8, 0x43,
    0xC5, 0x7F, 0x44, 0x0C, 0x06, 0x00, 0x50, 0xD1, 0x5F, 0x55, 0xFC, 0x5D, 0xC5, 0x9F, 0x45, 0x15,
    0xD1, 0x07, 0x00, 0x10, 0xD1, 0x5F, 0x55, 0xF4, 0x7D, 0x45, 0x9F, 0x53, 0xD5, 0xB0, 0x05, 0x00,
    0xF0, 0x57, 0x4A, 0x7D, 0x14, 0xFD, 0x47, 0x91, 0x7F, 0xA5, 0x50, 0x04, 0x00, 0xD0, 0x57, 0x51,
    0x7F, 0x54, 0xFD, 0x47, 0x95, 0x7D, 0x45, 0xF0, 0x07, 0x00, 0xD0, 0xD7, 0x44, 0x7D, 0x54, 0x7D,
    0x47, 0x84, 0x7D, 0x5D, 0x51, 0x05, 0x00, 0x20, 0x40, 0x84, 0x08, 0x14, 0x20, 0xE2, 0x0F, 0x04,
    0x92, 0x44, 0x04, 0x00, 0xF8, 0x83, 0x00, 0x11, 0x28, 0x40, 0xF2, 0x17, 0x04, 0x92, 0x44, 0x04,
    0x00, 0x08, 0x12, 0xC9, 0x25, 0x94, 0x48, 0x72, 0x19, 0x3D, 0x9D, 0x14, 0x02, 0x00, 0xC8, 0x17,
    0xD0, 0x43, 0xF4, 0x49, 0xF0, 0x01, 0x45, 0x15, 0xD5, 0x07, 0x00, 0x08, 0x12, 0xC8, 0x7D, 0x82,
    0x44, 0xF2, 0x0A, 0x21, 0x8D, 0x14, 0x03, 0x00, 0x48, 0x10, 0xDF, 0x43, 0x04, 0x89, 0xF4, 0x14,
    0x41, 0x0D, 0x15, 0x03, 0x00, 0xC8, 0x17, 0xC4, 0x13, 0x44, 0x08, 0xF1, 0x04, 0x11, 0x45, 0xD4,
    0x07, 0x00, 0x88, 0x10, 0xDE, 0x05, 0xE4, 0x08, 0xF2, 0x04, 0x09, 0x15, 0xD5, 0x07, 0x00, 0xC8,
    0x17, 0xD4, 0x55, 0x54, 0x49, 0xF5, 0x14, 0x49, 0x25, 0x55, 0x06, 0x00, 0x40, 0xF0, 0x9F, 0x20,
    0x7C, 0xAC, 0x46, 0xC5, 0x7F, 0x94, 0x4C, 0x04, 0x00, 0x08, 0x11, 0xDF, 0x43, 0x24, 0x89, 0xF2,
    0x0A, 0x11, 0x65, 0x74, 0x06, 0x00, 0x08, 0x11, 0xDF, 0x57, 0x54, 0x49, 0xF5, 0x1B, 0x45, 0x15,
    0x55, 0x06, 0x00, 0xC8, 0x17, 0xD2, 0x4B, 0x24, 0xC9, 0xF7, 0x12, 0x49, 0x25, 0xD5, 0x07, 0x00,
    0x08, 0x91, 0xDF, 0x13, 0x54, 0x49, 0xF5, 0x1F, 0x11, 0x55, 0x55, 0x07, 0x00, 0x48, 0x11, 0xC5,
    0x57, 0xF4, 0x48, 0xF1, 0x05, 0x55, 0x75, 0x75, 0x06, 0x00, 0x88, 0x10, 0xC2, 0x2B, 0x24, 0x89,
    0x70, 0x03, 0x41, 0xC5, 0xD4, 0x00, 0x00, 0x08, 0x16, 0xCF, 0x27, 0x94, 0xC8, 0xF7, 0x09, 0x25,
    0x15, 0xD5, 0x05, 0x00, 0xE8, 0x13, 0xC9, 0x15, 0xF4, 0x49, 0xF4, 0x12, 0x31, 0xA5, 0x74, 0x04,
    0x00, 0xC8, 0x13, 0xC8, 0x45, 0x12, 0xE5, 0xF7, 0x12, 0x49, 0x15, 0x55, 0x03, 0x00, 0xC8, 0x17,
    0xC0, 0x03, 0xF4, 0x09, 0xF1, 0x02, 0x49, 0x15, 0xD5, 0x07, 0x00, 0x40, 0xE0, 0x0F, 0x04, 0xFF,
    0x91, 0x20, 0xC9, 0x5F, 0x54, 0x4C, 0x06, 0x00, 0x08, 0x91, 0xDF, 0x0B, 0x24, 0x88, 0xF7, 0x12,
    0x45, 0x15, 0x15, 0x03, 0x00, 0x40, 0xE0, 0x0F, 0x04, 0xFF, 0xA5, 0x44, 0xC9, 0x7F, 0x94, 0x4C,
    0x04, 0x00, 0x90, 0xD0, 0x5E, 0x09, 0x3F, 0x21, 0x47, 0xC2, 0x7F, 0x94, 0x4C, 0x04, 0x00, 0x90,
    0xF0, 0x83, 0x49, 0xF5, 0x21, 0x41, 0xD2, 0x7F, 0x94, 0x4C, 0x04, 0x00, 0xF8, 0x23, 0x89, 0x3F,
    0x92, 0xF8, 0x43, 0xC9, 0x5F, 0x54, 0x4C, 0x06, 0x00, 0xC8, 0x17, 0xD5, 0x57, 0x54, 0xC9, 0xF7,
    0x15, 0x55, 0x55, 0xD5, 0x07, 0x00, 0x08, 0x11, 0xDF, 0x57, 0xF4, 0x49, 0xF5, 0x15, 0x7D, 0x45,
    0x14, 0x01, 0x00, 0xE8, 0x17, 0xD4, 0x49, 0x94, 0x09, 0xF0, 0x1F, 0x45, 0x15, 0xD5, 0x07, 0x00,
    0x48, 0x91, 0xDF, 0x55, 0xFA, 0x45, 0xF1, 0x1F, 0x55, 0xD5, 0x35, 0x01, 0x00, 0x08, 0x11, 0xD5,
    0x55, 0xF4, 0x09, 0xF1, 0x15, 0x55, 0x55, 0xD5, 0x07, 0x00, 0x88, 0x10, 0xDE, 0x47, 0xA4, 0x88,
    0xF1, 0x19, 0x11, 0x35, 0x14, 0x07, 0x00, 0x08, 0x91, 0xDF, 0x09, 0x12, 0x85, 0xF2, 0x04, 0x49,
    0x15, 0xD5, 0x07, 0x00, 0x88, 0x17, 0xD2, 0x7B, 0x24, 0x89, 0xF4, 0x1E, 0x49, 0x2D, 0xD5, 0x07,
    0x00, 0x08, 0x11, 0xCD, 0x55, 0x44, 0xC8, 0xF7, 0x04, 0x7D, 0x45, 0x14, 0x01, 0x00, 0x08, 0x91,
    0xDF, 0x11, 0xF4, 0x09, 0xF0, 0x1F, 0x45, 0x15, 0xD5, 0x07, 0x00, 0x88, 0x13, 0xC9, 0x7D, 0x54,
    0x49, 0xF5, 0x1F, 0x05, 0x15, 0xD5, 0x07, 0x00, 0x88, 0x90, 0xDF, 0x29, 0x12, 0x25, 0x70, 0x09,
    0x29, 0x65, 0x74, 0x06, 0x00, 0xC8, 0x17, 0xD1, 0x2B, 0xC4, 0x88, 0xF4, 0x1F, 0x45, 0x15, 0xD5,
    0x07, 0x00, 0x48, 0x10, 0xDF, 0x43, 0x74, 0x49, 0xF5, 0x17, 0x55, 0x75, 0x15, 0x03, 0x00, 0x88,
    0x13, 0xD1, 0x03, 0xF4, 0x09, 0xF0, 0x1F, 0x45, 0x15, 0xD5, 0x07, 0x00, 0x08, 0x95, 0xDF, 0x13,
    0x52, 0xE5, 0x75, 0x09, 0x25, 0x45, 0xD5, 0x04, 0x00, 0x90, 0xF7, 0x93, 0x44, 0xEC, 0x2D, 0x41,
    0xD2, 0x7F, 0x94, 0x4C, 0x04, 0x00, 0x08, 0x91, 0xDF, 0x09, 0x94, 0xC8, 0xF7, 0x0A, 0x29, 0x95,
    0x34, 0x06, 0x00, 0x08, 0x91, 0xD2, 0x7B, 0x42, 0xA4, 0xF4, 0x1F, 0x11, 0x55, 0x55, 0x05, 0x00,
    0xC8, 0x17, 0xD1, 0x7F, 0x04, 0xC8, 0xF7, 0x11, 0x7D, 0x15, 0x55, 0x06, 0x00, 0x48, 0x17, 0xD7,
    0x57, 0xF2, 0x64, 0x75, 0x17, 0x57, 0xD5, 0x54, 0x01, 0x00, 0xC8, 0x17, 0xC9, 0x4B, 0x44, 0x88,
    0xF0, 0x1F, 0x25, 0x75, 0x34, 0x06, 0x00, 0xE8, 0x17, 0xD2, 0x49, 0xFC, 0x89, 0x74, 0x17, 0x6B,
    0x25, 0xF5, 0x07, 0x00, 0xE8, 0x17, 0xC0, 0x55, 0xAA, 0x44, 0x75, 0x80, 0x7E, 0x43, 0xE8, 0x07,
    0x00, 0x08, 0x91, 0xDF, 0x43, 0xF4, 0x08, 0xF0, 0x1F, 0x11, 0x55, 0xB5, 0x05, 0x00, 0xE8, 0x17,
    0xC4, 0x7F, 0x52, 0xE5, 0x77, 0x15, 0x7F, 0x45, 0xF4, 0x07, 0x00, 0x88, 0x17, 0xD2, 0x7D, 0x44,
    0xC8, 0xF7, 0x15, 0x39, 0x55, 0x95, 0x05, 0x00, 0xE8, 0x97, 0xD2, 0x7F, 0x2A, 0xE5, 0xF7, 0x12,
    0x5D, 0x55, 0xD5, 0x05, 0x00, 0x88, 0x12, 0xDF, 0x27, 0xF4, 0x49, 0xF2, 0x1F, 0x25, 0x95, 0xD4,
    0x07, 0x00, 0x08, 0x91, 0xDF, 0x45, 0xF4, 0x49, 0xF0, 0x1F, 0x45, 0x15, 0xD5, 0x07, 0x00, 0xE8,
    0x97, 0xD4, 0x57, 0x2A, 0xE5, 0xF7, 0x92, 0x6A, 0xFB, 0x29, 0x04, 0x00, 0xE8, 0x97, 0xD4, 0x4B,
    0xFA, 0x25, 0xF5, 0x9F, 0x4A, 0x6B, 0x29, 0x06, 0x00, 0xE8, 0x17, 0xD2, 0x25, 0x6A, 0x05, 0xF0,
    0x1F, 0x49, 0x95, 0xB4, 0x05, 0x00, 0xC8, 0x17, 0xC9, 0x4B, 0x44, 0x08, 0xF1, 0x1F, 0x19, 0x55,
    0x35, 0x05, 0x00, 0xC8, 0x93, 0xD0, 0x7D, 0x02, 0xE4, 0x77, 0x15, 0x7F, 0x55, 0x55, 0x05, 0x00,
    0x08, 0x11, 0xDF, 0x13, 0xA4, 0x48, 0xF4, 0x1F, 0x55, 0x75, 0x15, 0x06, 0x00, 0x88, 0x90, 0xDF,
    0x43, 0xF4, 0x09, 0xF1, 0x1D, 0x15, 0x75, 0x34, 0x06, 0x00, 0x88, 0x10, 0xDE, 0x0B, 0xF4, 0x49,
    0xF4, 0x1F, 0x45, 0xFD, 0x15, 0x01, 0x00, 0x08, 0x91, 0xDF, 0x11, 0xFC, 0x49, 0xF2, 0x16, 0x25,
    0x65, 0x74, 0x06, 0x00, 0x88, 0x10, 0xDF, 0x47, 0xF4, 0x49, 0xF4, 0x1F, 0x55, 0xD5, 0x15, 0x01,
    0x00, 0x48, 0x95, 0xCA, 0x55, 0x04, 0xC8, 0xF7, 0x15, 0x7D, 0x55, 0xD5, 0x07, 0x00, 0xBC, 0x57,
    0xD0, 0x2B, 0xC9, 0xBC, 0x54, 0xC9, 0x7F, 0x54, 0x4C, 0x06, 0x00, 0x88, 0x94, 0xDF, 0x49, 0xA2,
    0xE4, 0x77, 0x11, 0x7F, 0x15, 0xD5, 0x07, 0x00, 0x08, 0x95, 0xDF, 0x13, 0x7A, 0xA5, 0xF5, 0x8A,
    0x2E, 0x4B, 0x99, 0x04, 0x00, 0x88, 0x10, 0xDF, 0x47, 0xF4, 0x49, 0xF4, 0x1F, 0x51, 0xD5, 0xB4,
    0x05, 0x00, 0xC8, 0x17, 0xD1, 0x7F, 0x02, 0xE4, 0x77, 0x11, 0x7D, 0x1D, 0x15, 0x04, 0x00, 0xE8,
    0x97, 0xD4, 0x5F, 0x4A, 0xE5, 0xF0, 0x9C, 0x5E, 0x8B, 0xA8, 0x05, 0x00, 0x08, 0x91, 0xDF, 0x25,
    0x92, 0xE4, 0xF7, 0x14, 0x7D, 0x55, 0x55, 0x05, 0x00, 0x88, 0x17, 0xC9, 0x7D, 0x44, 0xC8, 0xF2,
    0x1C, 0x2D, 0xC5, 0xD5, 0x02, 0x00, 0xE8, 0x17, 0xC0, 0x7F, 0x0A, 0xE5, 0x77, 0x15, 0x7F, 0x55,
    0x55, 0x05, 0x00, 0xE8, 0x17, 0xD5, 0x21, 0xFA, 0x85, 0xF0, 0x1F, 0x25, 0x75, 0x34, 0x06, 0x00,
    0xE8, 0x17, 0xC2, 0x7F, 0x54, 0x49, 0xF5, 0x17, 0x55, 0x55, 0xD5, 0x07, 0x00, 0x08, 0x91, 0xDF,
    0x49, 0xFC, 0x49, 0xF2, 0x1F, 0x15, 0xFD, 0x15, 0x01, 0x00, 0x08, 0x91, 0xDF, 0x55, 0xF4, 0x49,
    0xF5, 0x1F, 0x19, 0x55, 0x35, 0x05, 0x00, 0xE8, 0x11, 0xDD, 0x43, 0x7A, 0x45, 0xF5, 0x8F, 0x24,
    0x57, 0xE9, 0x04, 0x00, 0x54, 0x55, 0x95, 0x2A, 0x11, 0xFD, 0x57, 0x94, 0x2F, 0x54, 0x4C, 0x06,
    0x00, 0x88, 0x93, 0xC8, 0x5D, 0x04, 0xC9, 0xF3, 0x10, 0x7D, 0x55, 0xF5, 0x07, 0x00, 0x88, 0x92,
    0xDF, 0x55, 0xFC, 0x49, 0xF5, 0x1F, 0x15, 0xDD, 0x54, 0x05, 0x00, 0x08, 0x91, 0xDF, 0x55, 0xF4,
    0x49, 0xF5, 0x1F, 0x41, 0x15, 0x95, 0x06, 0x00, 0xF0, 0x57, 0x49, 0x57, 0xB5, 0x54, 0xF5, 0x1F,
    0x12, 0x6A, 0x65, 0x05, 0x00, 0xA8, 0x17, 0xD1, 0x29, 0xE2, 0x65, 0x72, 0x1F, 0x25, 0x1D, 0x94,
    0x07, 0x00, 0x88, 0x90, 0xDF, 0x55, 0x52, 0xA4, 0xF7, 0x92, 0x7A, 0x2B, 0xA9, 0x07, 0x00, 0x88,
    0x92, 0xCA, 0x55, 0x52, 0x25, 0xF2, 0x9A, 0x2A, 0xEB, 0xE8, 0x06, 0x00, 0xC8, 0x17, 0xD5, 0x7F,
    0x54, 0x89, 0x72, 0x15, 0x7F, 0x55, 0x34, 0x05, 0x00, 0x08, 0x11, 0xDF, 0x55, 0xFC, 0x48, 0xF5,
    0x1F, 0x45, 0xE5, 0x74, 0x04, 0x00, 0x88, 0x90, 0xDF, 0x53, 0xBA, 0xA5, 0xF4, 0x1F, 0x11, 0x15,
    0xD5, 0x05, 0x00, 0x08, 0x91, 0xDF, 0x11, 0xFC, 0x09, 0xF1, 0x1F, 0x45, 0xF5, 0x34, 0x04, 0x00,
    0x88, 0xE0, 0xDF, 0x2A, 0xBE, 0xA8, 0xF3, 0x13, 0x15, 0xFF, 0x49, 0x02, 0x00, 0x28, 0x95, 0xDF,
    0x01, 0xBA, 0xA5, 0xF4, 0x9B, 0x4A, 0xBB, 0xA9, 0x04, 0x00, 0x48, 0x95, 0xCA, 0x7D, 0x54, 0xC9,
    0x77, 0x15, 0x7F, 0x45, 0x54, 0x05, 0x00, 0xE8, 0x96, 0xD6, 0x6D, 0x6C, 0xC9, 0xF6, 0x04, 0x4D,
    0xC5, 0xD4, 0x00, 0x00, 0x48, 0xD2, 0xDF, 0x2A, 0xAA, 0xE4, 0xF3, 0x94, 0x5E, 0x4B, 0xE9, 0x05,
    0x00, 0x48, 0x92, 0xDF, 0x11, 0xFA, 0x45, 0xF5, 0x1F, 0x45, 0x15, 0xD5, 0x07, 0x00, 0x08, 0x91,
    0xDF, 0x29, 0xF4, 0x69, 0x74, 0x1F, 0x11, 0x55, 0xB5, 0x05, 0x00, 0x08, 0x91, 0xDF, 0x25, 0xFC,
    0x49, 0xF2, 0x1F, 0x19, 0x55, 0x35, 0x07, 0x00, 0x88, 0x90, 0xCF, 0x69, 0xFA, 0x44, 0xF5, 0x1D,
    0x41, 0xDD, 0x55, 0x05, 0x00, 0xC8, 0x17, 0xD5, 0x7F, 0x54, 0xC8, 0xF7, 0x15, 0x7D, 0x55, 0x14,
    0x07, 0x00, 0xC8, 0x93, 0xD0, 0x7F, 0x02, 0xE4, 0x77, 0x15, 0x7F, 0x15, 0xD5, 0x07, 0x00, 0xFC,
    0xA7, 0x92, 0x7F, 0x2A, 0x7D, 0x83, 0xD2, 0x7F, 0x54, 0x4C, 0x06, 0x00, 0x10, 0xF1, 0x1F, 0x11,
    0xFF, 0x55, 0xB5, 0x5F, 0x15, 0x5F, 0xD5, 0x07, 0x00, 0xE8, 0x17, 0xD5, 0x55, 0xFC, 0x49, 0xF2,
    0x1F, 0x11, 0xFD, 0x15, 0x01, 0x00, 0x68, 0x95, 0xCA, 0x57, 0xAA, 0xE4, 0xF7, 0x8A, 0x56, 0xAB,
    0xE8, 0x07, 0x00, 0x08, 0x91, 0xDF, 0x43, 0xF4, 0x28, 0xF5, 0x1F, 0x45, 0xF5, 0x34, 0x04, 0x00,
    0x88, 0xE0, 0x5E, 0x15, 0xFE, 0x08, 0xF2, 0x9F, 0x2A, 0x7D, 0x49, 0x02, 0x00, 0x08, 0x11, 0xDF,
    0x11, 0xF2, 0x55, 0x75, 0x9F, 0x28, 0xE7, 0xC8, 0x06, 0x00, 0x08, 0x91, 0xDF, 0x55, 0xFA, 0x45,
    0xF5, 0x0A, 0x7D, 0x45, 0xD4, 0x07, 0x00, 0xE8, 0x96, 0xD2, 0x6F, 0x2A, 0xE5, 0x73, 0x15, 0x6F,
    0xE5, 0x74, 0x04, 0x00, 0x48, 0x95, 0xD2, 0x7F, 0xAA, 0xA4, 0xF3, 0x9A, 0x2A, 0x6F, 0xE9, 0x04,
    0x00, 0xE8, 0x91, 0xDC, 0x0F, 0xAA, 0xE5, 0xF3, 0x88, 0x3E, 0x53, 0x39, 0x07, 0x00, 0x10, 0xC0,
    0x8F, 0x04, 0x11, 0xFC, 0x07, 0x81, 0x24, 0x92, 0xF8, 0x03, 0x00, 0x88, 0xE7, 0x49, 0x21, 0x85,
    0x7C, 0x42, 0x48, 0x25, 0x95, 0xFC, 0x07, 0x00, 0x08, 0xE1, 0x5F, 0x51, 0x45, 0xFD, 0x47, 0x44,
    0x11, 0xA5, 0x7C, 0x04, 0x00, 0x08, 0xE1, 0x44, 0x7D, 0x45, 0xBC, 0x43, 0x55, 0x11, 0xF5, 0x7D,
    0x01, 0x00, 0xFC, 0x43, 0xD9, 0x1B, 0x95, 0xFD, 0x53, 0xC1, 0x7F, 0x92, 0xF8, 0x03, 0x00, 0xC8,
    0xE7, 0x4A, 0x7D, 0x55, 0xFD, 0x47, 0x49, 0x25, 0xF5, 0x3D, 0x01, 0x00, 0xC8, 0xE7, 0x4A, 0x7D,
    0x55, 0xFD, 0x47, 0x4A, 0x7D, 0x95, 0xFC, 0x07, 0x00, 0xFC, 0x97, 0x54, 0x4A, 0xFF, 0x45, 0xD4,
    0x57, 0x41, 0x7D, 0x05, 0x06, 0x00, 0xFC, 0x97, 0x12, 0x0A, 0xE6, 0x00, 0xE0, 0x0F, 0x04, 0xFF,
    0x41, 0x00, 0x00, 0xFC, 0x97, 0xD2, 0x7F, 0x10, 0xFC, 0x07, 0x81, 0x3F, 0x82, 0xF8, 0x03, 0x00,
    0xFC, 0x97, 0xD2, 0x7F, 0x10, 0xC0, 0xE7, 0x83, 0x20, 0xFF, 0x41, 0x00, 0x00, 0xFC, 0x97, 0xD2,
    0x7F, 0x28, 0xBC, 0x87, 0xC2, 0x7B, 0x28, 0x98, 0x00, 0x00, 0xF8, 0xA3, 0xCA, 0x7F, 0x10, 0xF4,
    0x53, 0x48, 0x3F, 0x85, 0xFC, 0x07, 0x00, 0xFC, 0x97, 0xD2, 0x7F, 0x04, 0x7C, 0x05, 0xD4, 0x57,
    0x11, 0x7D, 0x06, 0x00, 0xFC, 0x97, 0xD2, 0x7F, 0x48, 0xFC, 0x47, 0x88, 0x3F, 0x85, 0xF0, 0x03,
    0x00, 0xFC, 0x97, 0xD2, 0x7F, 0x12, 0xF8, 0x23, 0x81, 0x7F, 0x02, 0xA5, 0x06, 0x00, 0xFC, 0x97,
    0xD2, 0x7F, 0x22, 0xFC, 0x97, 0xC2, 0x7B, 0x29, 0xB4, 0x07, 0x00, 0xFC, 0x97, 0xD2, 0x7F, 0xA4,
    0xD4, 0xD7, 0x49, 0x7D, 0x95, 0xD0, 0x07, 0x00, 0xFC, 0x97, 0xD2, 0x7F, 0xA4, 0xC8, 0xF7, 0x09,
    0x7D, 0x95, 0xD4, 0x07, 0x00, 0xFC, 0x97, 0xD2, 0x7F, 0xAA, 0xFC, 0xA7, 0x0A, 0x79, 0x1F, 0x91,
    0x06, 0x00, 0x10, 0x42, 0xC4, 0x7F, 0x10, 0xF8, 0x03, 0x01, 0x04, 0xFF, 0x41, 0x00, 0x00, 0x50,
    0x71, 0x1D, 0x15, 0x00, 0xF8, 0x03, 0xC1, 0x7F, 0x10, 0x40, 0x00, 0x00, 0x10, 0xF1, 0x1F, 0x04,
    0xFE, 0x40, 0xF0, 0x1F, 0x0A, 0x24, 0x8D, 0x07, 0x00, 0x10, 0xF1, 0x1F, 0x04, 0xFE, 0x40, 0xF0,
    0x1F, 0x04, 0x28, 0x1C, 0x07, 0x00, 0x10, 0xF1, 0x1F, 0x04, 0xFE, 0x40, 0xF0, 0x1F, 0x00, 0xAA,
    0x44, 0x05, 0x00, 0x94, 0xF3, 0x91, 0x00, 0xF7, 0x09, 0xF0, 0x9F, 0x48, 0xA1, 0x85, 0x00, 0x00,
    0x10, 0xF1, 0x1F, 0x04, 0xFE, 0x91, 0xF2, 0x9F, 0x24, 0x91, 0xF0, 0x07, 0x00, 0xBC, 0xA4, 0xCA,
    0x7F, 0x4A, 0xBC, 0x27, 0x84, 0x7F, 0x4B, 0x38, 0x01, 0x00, 0x10, 0xF1, 0x1F, 0x04, 0xFE, 0x40,
    0xF0, 0x5F, 0x52, 0xA2, 0x64, 0x04, 0x00, 0x10, 0xF1, 0x1F, 0x04, 0xFF, 0x91, 0xF2, 0x1F, 0x29,
    0x4F, 0xD1, 0x06, 0x00, 0xD4, 0xF3, 0x89, 0x3C, 0x97, 0xE8, 0xF7, 0x92, 0x52, 0x39, 0x05, 0x03,
    0x00, 0x10, 0xF1, 0x1F, 0x04, 0xFF, 0x59, 0x51, 0xDE, 0x57, 0x89, 0xB0, 0x05, 0x00, 0x14, 0xF1,
    0x9F, 0x54, 0xD7, 0x49, 0xF4, 0x9F, 0x28, 0xA1, 0xE4, 0x07, 0x00, 0xFC, 0x27, 0x80, 0x3F, 0x44,
    0xBC, 0x57, 0xD5, 0x5F, 0x55, 0x55, 0x05, 0x00, 0x10, 0xE1, 0x0F, 0x04, 0xFF, 0xA9, 0x42, 0xC4,
    0x7F, 0x28, 0x1C, 0x07, 0x00, 0xBC, 0x87, 0x50, 0x4A, 0x4A, 0x21, 0xC4, 0x98, 0x52, 0x29, 0x31,
    0x06, 0x00, 0xBC, 0xA7, 0x54, 0x6B, 0x4A, 0xB5, 0x46, 0xC4, 0x7F, 0x44, 0x0C, 0x01, 0x00, 0x90,
    0xA1, 0x48, 0x5F, 0x00, 0xBC, 0xA7, 0x54, 0x6B, 0x4A, 0xB5, 0x06, 0x00, 0xE8, 0x77, 0x92, 0x6C,
    0x6F, 0x91, 0x54, 0x9B, 0x5A, 0x05, 0xE4, 0x07, 0x00, 0xBC, 0xA7, 0x54, 0x6B, 0x4A, 0xB5, 0x06,
    0x81, 0x3F, 0x44, 0xFC, 0x07, 0x00, 0xD8, 0x97, 0x12, 0x6C, 0x6F, 0xC1, 0xF6, 0x96, 0x4A, 0x2A,
    0xC9, 0x06, 0x00, 0xBC, 0xA7, 0x54, 0x6B, 0x4A, 0xF5, 0x27, 0x88, 0x3F, 0x82, 0xF8, 0x03, 0x00,
    0xD4, 0x77, 0x92, 0x6C, 0x6F, 0x89, 0x74, 0x9B, 0x5A, 0x21, 0xC5, 0x06, 0x00, 0xF0, 0x21, 0x48,
    0x5F, 0x44, 0xFC, 0xA7, 0x54, 0x6B, 0x4A, 0xB5, 0x06, 0x00, 0xBC, 0xA7, 0x54, 0x4A, 0x24, 0xF8,
    0x37, 0x82, 0x7F, 0x22, 0xF8, 0x07, 0x00, 0xBC, 0xA7, 0x54, 0x6B, 0x4A, 0xF9, 0x43, 0x84, 0x2A,
    0xFF, 0x41, 0x00, 0x00, 0xA0, 0xF0, 0x1E, 0x0A, 0xEF, 0x91, 0xF0, 0x9E, 0x52, 0xAD, 0x69, 0x05,
    0x00, 0xFC, 0x07, 0xD2, 0x6F, 0x69, 0xBD, 0x54, 0xDB, 0x5B, 0x25, 0xD5, 0x06, 0x00, 0xC8, 0xF3,
    0x90, 0x7E, 0x27, 0xD5, 0xF6, 0x56, 0x6D, 0x6F, 0xC9, 0x06, 0x00, 0x88, 0xF7, 0x55, 0x54, 0xFF,
    0x45, 0xF5, 0x95, 0x7A, 0x55, 0x11, 0x05, 0x00, 0xBC, 0x57, 0x52, 0x57, 0xCB, 0xD4, 0xF4, 0x9E,
    0x52, 0xAD, 0x69, 0x05, 0x00, 0xD0, 0xF7, 0x92, 0x6E, 0x6F, 0xE9, 0xF6, 0x16, 0x6D, 0x06, 0xF4,
    0x07, 0x00, 0xBC, 0x57, 0xD5, 0x5F, 0xD6, 0x7D, 0x55, 0xDD, 0x5F, 0x55, 0x7D, 0x05, 0x00, 0xBC,
    0xA7, 0x54, 0x4A, 0xFE, 0x48, 0xF2, 0x1F, 0x11, 0xFF, 0x09, 0x02, 0x00, 0xD0, 0xD6, 0x56, 0x6D,
    0x24, 0xFD, 0xA7, 0x84, 0x7E, 0x49, 0xE4, 0x07, 0x00, 0x40, 0xE0, 0x1F, 0x24, 0x50, 0xFC, 0x87,
    0x00, 0x3F, 0x0A, 0xE1, 0x07, 0x00, 0x40, 0xE0, 0x1F, 0x24, 0x50, 0xFC, 0xC7, 0x80, 0x3E, 0x81,
    0xC0, 0x01, 0x00, 0x20, 0xE0, 0x0B, 0x12, 0x28, 0xFC, 0x47, 0x88, 0x3F, 0x85, 0xF0, 0x03, 0x00,
    0x20, 0xE0, 0x0F, 0x12, 0xFF, 0x29, 0x91, 0x92, 0x7F, 0x82, 0xF8, 0x03, 0x00, 0xFC, 0x07, 0x01,
    0x02, 0xFF, 0xA5, 0x94, 0x52, 0x4A, 0x29, 0xA5, 0x06, 0x00, 0xFC, 0x07, 0xC1, 0x7F, 0x49, 0x11,
    0xF0, 0x1F, 0x11, 0x38, 0x1C, 0x07, 0x00, 0xFC, 0x44, 0xD0, 0x7F, 0x15, 0xD5, 0x54, 0x55, 0x45,
    0x15, 0x55, 0x06, 0x00, 0xC0, 0xE3, 0x01, 0x04, 0xFE, 0x40, 0xF0, 0x1F, 0x06, 0x54, 0x4C, 0x06,
    0x00, 0x90, 0xF2, 0x0A, 0x7D, 0xAF, 0x90, 0xF2, 0x1F, 0x29, 0x96, 0x34, 0x02, 0x00, 0x10, 0xF6,
    0x07, 0x11, 0xCF, 0xD1, 0xF1, 0x1C, 0x1D, 0x4E, 0x15, 0x07, 0x00, 0xB0, 0x77, 0x00, 0x01, 0xFF,
    0x11, 0xF1, 0x04, 0x49, 0x2E, 0xD5, 0x07, 0x00, 0xF0, 0x77, 0x15, 0x55, 0x5F, 0xD1, 0xF7, 0x01,
    0x05, 0x1E, 0xD5, 0x07, 0x00, 0xB0, 0x77, 0x12, 0x49, 0xEF, 0x91, 0xF0, 0x1F, 0x49, 0x2E, 0x95,
    0x07, 0x00, 0xFC, 0x47, 0x08, 0x3F, 0x84, 0xF0, 0x43, 0x18, 0x3F, 0x83, 0x00, 0x02, 0x00, 0xFC,
    0x97, 0xD2, 0x2B, 0x69, 0xBC, 0x92, 0x52, 0x4A, 0xEF, 0xA0, 0x00, 0x00, 0x3C, 0x51, 0x5F, 0x55,
    0x57, 0x15, 0x53, 0xCA, 0x29, 0x95, 0x50, 0x06, 0x00, 0x3C, 0x51, 0x54, 0x55, 0x57, 0x55, 0x53,
    0xC4, 0x11, 0xA5, 0x70, 0x04, 0x00, 0xBC, 0x53, 0x51, 0x01, 0xF7, 0x15, 0x50, 0xDF, 0x49, 0xA5,
    0x91, 0x00, 0x00, 0x7C, 0x57, 0x54, 0x55, 0x57, 0x55, 0x55, 0xD5, 0x57, 0xD5, 0x51, 0x01, 0x00,
    0xBC, 0xA7, 0x92, 0x4B, 0x2A, 0xFD, 0x07, 0x81, 0x3F, 0x10, 0xFC, 0x07, 0x00, 0x3C, 0x51, 0x5F,
    0x55, 0x57, 0xF5, 0x57, 0xC2, 0x7D, 0x15, 0x11, 0x03, 0x00, 0xFC, 0xA7, 0x90, 0x2A, 0x6F, 0x60,
    0x26, 0x43, 0x56, 0x94, 0x4C, 0x04, 0x00, 0xBC, 0x97, 0xD2, 0x7B, 0x29, 0xFD, 0x57, 0x54, 0x5F,
    0x47, 0x05, 0x05, 0x00, 0xBC, 0x54, 0x49, 0x5B, 0x97, 0xF4, 0x57, 0xC5, 0x55, 0xDD, 0x51, 0x01,
    0x00, 0xBC, 0x50, 0x5F, 0x55, 0xB7, 0x55, 0x55, 0xDF, 0x11, 0x15, 0xD1, 0x05, 0x00, 0x90, 0xF0,
    0x1E, 0x25, 0xFF, 0x28, 0xF5, 0x1F, 0x21, 0xFC, 0x0D, 0x02, 0x00, 0xFC, 0x43, 0xCA, 0x6F, 0xD5,
    0xBC, 0x94, 0x9F, 0x10, 0xFE, 0x0D, 0x01, 0x00, 0x48, 0x92, 0x16, 0x09, 0xEB, 0xA9, 0xF0, 0x1F,
    0x21, 0xFC, 0x0D, 0x02, 0x00, 0xFC, 0x27, 0x88, 0x3F, 0x82, 0xFC, 0xA7, 0x8A, 0x2A, 0xFF, 0x21,
    0x02, 0x00, 0x2C, 0xD5, 0x5F, 0x15, 0x57, 0xF5, 0x55, 0xCA, 0x2F, 0x65, 0xF1, 0x04, 0x00, 0x3C,
    0x51, 0x5F, 0x11, 0xFF, 0x51, 0xF5, 0x9F, 0x11, 0x17, 0xD1, 0x05, 0x00, 0x10, 0xF1, 0x9D, 0x14,
    0xFF, 0x49, 0xF4, 0x1F, 0x21, 0xFC, 0x0D, 0x02, 0x00, 0x40, 0xE0, 0x0F, 0x24, 0xFF, 0x41, 0xE2,
    0x0F, 0x04, 0xFF, 0x41, 0x00, 0x00, 0x04, 0x71, 0x5F, 0x50, 0xFF, 0x15, 0xF5, 0x5F, 0x11, 0xFA,
    0x25, 0x01, 0x00, 0x40, 0xE0, 0x0F, 0x24, 0xFF, 0x51, 0x71, 0x5D, 0x4E, 0xD7, 0x55, 0x05, 0x00,
    0x3C, 0x11, 0xDF, 0x51, 0xF1, 0x3D, 0x15, 0x5F, 0x11, 0xF9, 0x3D, 0x01, 0x00, 0xBC, 0xA7, 0x93,
    0x32, 0x7E, 0x45, 0xD1, 0x1F, 0x14, 0xFF, 0x41, 0x00, 0x00, 0x40, 0xF0, 0x5F, 0x4A, 0x45, 0x4D,
    0x16, 0x51, 0x4A, 0x45, 0x05, 0x06, 0x00, 0x3C, 0x91, 0xC4, 0x7F, 0x49, 0x25, 0xF5, 0x52, 0x4A,
    0x09, 0x35, 0x03, 0x00, 0xDC, 0x53, 0xC9, 0x25, 0x95, 0x54, 0x72, 0x49, 0x25, 0x95, 0x54, 0x06,
    0x00, 0x40, 0xF0, 0x5F, 0x00, 0xFF, 0x09, 0xE2, 0x8F, 0x20, 0xFE, 0x08, 0x02, 0x00, 0x40, 0x20,
    0x11, 0x25, 0x50, 0xF8, 0x27, 0x90, 0x7F, 0x02, 0x09, 0x06, 0x00, 0x1C, 0x52, 0xC8, 0x7F, 0x85,
    0x54, 0x72, 0x4A, 0x21, 0x85, 0x14, 0x03, 0x00, 0x3C, 0x91, 0xC4, 0x13, 0xF9, 0x25, 0xF1, 0x44,
    0x12, 0x49, 0xF4, 0x07, 0x00, 0xFC, 0x97, 0xC4, 0x13, 0x49, 0x24, 0xF1, 0x44, 0x12, 0x49, 0xF4,
    0x07, 0x00, 0xFC, 0x97, 0xC4, 0x13, 0x49, 0xE4, 0xF7, 0x44, 0x12, 0x49, 0x34, 0x01, 0x00, 0xDC,
    0x53, 0xC9, 0x25, 0x95, 0x35, 0x70, 0x5F, 0x25, 0x65, 0x74, 0x06, 0x00, 0x1C, 0xD1, 0xDF, 0x11,
    0x45, 0xF4, 0x77, 0x51, 0x25, 0x65, 0x74, 0x06, 0x00, 0xDC, 0x57, 0xD5, 0x55, 0x55, 0xD5, 0x77,
    0x41, 0x05, 0x15, 0x95, 0x07, 0x00, 0xFC, 0x07, 0x80, 0x7F, 0x02, 0xF9, 0x67, 0x50, 0x7F, 0x05,
    0x11, 0x06, 0x00, 0x1C, 0xD1, 0xDF, 0x09, 0x25, 0x94, 0x77, 0x52, 0x45, 0x15, 0x15, 0x03, 0x00,
    0x1C, 0x51, 0xDF, 0x11, 0x55, 0x55, 0x75, 0x5F, 0x11, 0x45, 0x15, 0x07, 0x00, 0x40, 0x20, 0x8F,
    0x04, 0xFF, 0x09, 0xE2, 0x8F, 0x20, 0xFE, 0x08, 0x02, 0x00, 0x1C, 0xD1, 0xDF, 0x09, 0xA5, 0x54,
    0x72, 0x45, 0x53, 0x25, 0x95, 0x07, 0x00, 0x40, 0xF0, 0x1F, 0x11, 0xFF, 0x08, 0xE6, 0x8F, 0x20,
    0xFE, 0x08, 0x02, 0x00, 0x18, 0x83, 0x03, 0x11, 0xFF, 0x11, 0xE2, 0x4F, 0x21, 0xFC, 0x10, 0x02,
    0x00, 0x9C, 0xD0, 0xDF, 0x09, 0xFD, 0x95, 0x74, 0x52, 0x49, 0xA5, 0x95, 0x00, 0x00, 0xF8, 0x27,
    0x91, 0x7F, 0x12, 0xF9, 0x47, 0x08, 0x3F, 0x84, 0x10, 0x03, 0x00, 0x40, 0xE0, 0x9F, 0x44, 0xFE,
    0x49, 0xE4, 0x1F, 0x21, 0xFC, 0x10, 0x02, 0x00, 0x90, 0x74, 0x0E, 0x09, 0xFC, 0x0D, 0xE2, 0x8F,
    0x20, 0xFE, 0x08, 0x02, 0x00, 0x9C, 0x50, 0xD1, 0x45, 0xF5, 0x15, 0x70, 0x5F, 0x45, 0x15, 0xD5,
    0x07, 0x00, 0x1C, 0x51, 0xCD, 0x53, 0x45, 0xD4, 0x77, 0x44, 0x7D, 0x45, 0x14, 0x01, 0x00, 0xDC,
    0x57, 0xC8, 0x11, 0xE5, 0x54, 0xF5, 0x44, 0x11, 0x05, 0xD4, 0x07, 0x00, 0xDC, 0x57, 0xD5, 0x55,
    0xF5, 0x55, 0x75, 0x55, 0x7D, 0x45, 0x14, 0x01, 0x00, 0x5C, 0x50, 0xDF, 0x43, 0x75, 0x55, 0x75,
    0x57, 0x05, 0x15, 0xD5, 0x07, 0x00, 0x90, 0x47, 0xD2, 0x7F, 0x24, 0x91, 0xF4, 0x5E, 0x4A, 0x19,
    0x3D, 0x06, 0x00, 0x94, 0xD2, 0x4B, 0x26, 0xA5, 0xF4, 0x52, 0x4A, 0x2F, 0x25, 0xD5, 0x04, 0x00,
    0xFC, 0x07, 0x11, 0x3D, 0x1C, 0x0C, 0xE6, 0x8F, 0x20, 0xFE, 0x08, 0x02, 0x00, 0xDC, 0x57, 0xD5,
    0x55, 0xF5, 0x55, 0x75, 0x55, 0x6D, 0x15, 0xD5, 0x07, 0x00, 0x1C, 0x51, 0xDF, 0x11, 0xF5, 0x55,
    0x71, 0x5F, 0x51, 0xA5, 0x74, 0x04, 0x00, 0x1C, 0x51, 0xD5, 0x35, 0x45, 0xF4, 0x77, 0x4A, 0x29,
    0x95, 0x34, 0x06, 0x00, 0xDC, 0x57, 0xD1, 0x29, 0xC5, 0x94, 0xF4, 0x5F, 0x45, 0x15, 0xD5, 0x07,
    0x00, 0xFC, 0x57, 0xD0, 0x5D, 0x05, 0xD5, 0x75, 0x55, 0x55, 0x75, 0x15, 0x06, 0x00, 0x5C, 0x50,
    0xDF, 0x4B, 0x15, 0x55, 0xF5, 0x56, 0x51, 0x7D, 0x15, 0x06, 0x00, 0x88, 0x94, 0xCE, 0x0B, 0xE0,
    0xBD, 0x90, 0xDE, 0x0B, 0x29, 0xB5, 0x07, 0x00, 0x5C, 0x56, 0xC7, 0x45, 0xF5, 0x55, 0x74, 0x5F,
    0x45, 0x15, 0xD5, 0x07, 0x00, 0x40, 0xE0, 0x0F, 0x24, 0xEF, 0x29, 0xF5, 0x9F, 0x20, 0xFE, 0x08,
    0x02, 0x00, 0x9C, 0x53, 0xC9, 0x7F, 0x05, 0xD4, 0x73, 0x49, 0x35, 0x15, 0xD5, 0x07, 0x00, 0x3C,
    0x93, 0xC3, 0x63, 0x79, 0xA4, 0xF4, 0x4A, 0x1A, 0xA9, 0xB4, 0x04, 0x00, 0x40, 0x70, 0x1D, 0x04,
    0xEF, 0x11, 0xE1, 0x4F, 0x51, 0x7C, 0x10, 0x01, 0x00, 0x1C, 0x51, 0xDF, 0x11, 0xF5, 0x55, 0x72,
    0x44, 0x7D, 0x45, 0x94, 0x01, 0x00, 0xFC, 0x17, 0xC0, 0x7F, 0x95, 0x94, 0xE1, 0x99, 0x20, 0xFE,
    0x08, 0x02, 0x00, 0x90, 0x40, 0x9E, 0x44, 0xAB, 0xA8, 0xA7, 0x93, 0x7A, 0x2A, 0x89, 0x06, 0x00,
    0x1C, 0x51, 0xC9, 0x43, 0xF5, 0x54, 0x72, 0x4F, 0x29, 0xA5, 0x54, 0x06, 0x00, 0x1C, 0x55, 0xDF,
    0x11, 0xF5, 0x55, 0x75, 0x5F, 0x55, 0xF5, 0x55, 0x05, 0x00, 0xDC, 0x57, 0xC1, 0x7D, 0x15, 0xF4,
    0x77, 0x45, 0x55, 0x95, 0xD4, 0x04, 0x00, 0x9C, 0x50, 0xDF, 0x55, 0xF5, 0x55, 0x75, 0x5F, 0x29,
    0xFD, 0x15, 0x02, 0x00, 0x5C, 0xD1, 0xDF, 0x55, 0xFD, 0x55, 0xF5, 0x5F, 0x01, 0x95, 0x34, 0x04,
    0x00, 0x1C, 0xD1, 0xDF, 0x15, 0xD5, 0x75, 0x75, 0x57, 0x25, 0xD5, 0xD4, 0x04, 0x00, 0xBC, 0x57,
    0xD0, 0x2B, 0x49, 0xFC, 0x27, 0x88, 0x3F, 0x82, 0x08, 0x03, 0x00, 0x80, 0xF0, 0x5F, 0x22, 0xFF,
    0x95, 0xD2, 0x5F, 0x55, 0xAD, 0x51, 0x05, 0x00, 0x1C, 0xD1, 0xDF, 0x49, 0xF5, 0x75, 0x74, 0x53,
    0x55, 0x15, 0x55, 0x06, 0x00, 0x1C, 0xD1, 0xDF, 0x55, 0x55, 0x34, 0x77, 0x40, 0x7F, 0x45, 0xF4,
    0x07, 0x00, 0x9C, 0xD0, 0xDF, 0x41, 0xDD, 0x55, 0xF5, 0x55, 0x75, 0x55, 0x34, 0x07, 0x00, 0xDC,
    0x57, 0xD1, 0x7D, 0x15, 0xD5, 0xF7, 0x44, 0x7D, 0x45, 0xD4, 0x07, 0x00, 0x5C, 0xD5, 0xCA, 0x55,
    0x05, 0xD4, 0x77, 0x55, 0x6D, 0x55, 0xD5, 0x07, 0x00, 0xDC, 0x57, 0xC4, 0x7F, 0x55, 0xD5, 0x77,
    0x55, 0x7D, 0x45, 0xD4, 0x07, 0x00, 0xDC, 0x57, 0xD5, 0x7D, 0x55, 0xD5, 0x77, 0x42, 0x11, 0x15,
    0xD5, 0x05, 0x00, 0xFC, 0x57, 0xCA, 0x7F, 0x55, 0x55, 0xF5, 0x5F, 0x25, 0x75, 0x34, 0x06, 0x00,
    0x1C, 0xD1, 0xDF, 0x55, 0xF5, 0x35, 0x75, 0x5F, 0x15, 0x1D, 0x94, 0x07, 0x00, 0x5C, 0xD7, 0xD6,
    0x51, 0x55, 0xB5, 0x75, 0x54, 0x5F, 0xC5, 0xF5, 0x01, 0x00, 0xDC, 0x53, 0xC9, 0x3D, 0x95, 0xD4,
    0x77, 0x41, 0x7F, 0x55, 0xB5, 0x06, 0x00, 0x9C, 0x50, 0xDF, 0x47, 0xF5, 0x55, 0x74, 0x5F, 0x27,
    0x65, 0x74, 0x06, 0x00, 0x9C, 0x50, 0xDF, 0x45, 0xF5, 0x55, 0x74, 0x5F, 0x53, 0xD5, 0xB4, 0x05,
    0x00, 0x3C, 0x57, 0xD5, 0x73, 0x55, 0x15, 0xF7, 0x45, 0x75, 0x35, 0x34, 0x07, 0x00, 0x9C, 0xD0,
    0xDF, 0x25, 0x95, 0xF4, 0x77, 0x52, 0x7F, 0x15, 0x35, 0x03, 0x00, 0xFC, 0x57, 0xC9, 0x3D, 0x05,
    0xF4, 0x77, 0x55, 0x63, 0x75, 0x95, 0x04, 0x00, 0x1C, 0xD5, 0xDF, 0x55, 0xF5, 0x55, 0x75, 0x50,
    0x7F, 0x15, 0x95, 0x06, 0x00, 0x40, 0xF0, 0x1F, 0x11, 0xFF, 0x15, 0xD5, 0x17, 0x11, 0x7C, 0x10,
    0x01, 0x00, 0xC0, 0x03, 0x81, 0x7F, 0x22, 0xF9, 0xA7, 0x88, 0x3E, 0x89, 0x24, 0x03, 0x00, 0x5C,
    0xD5, 0xDF, 0x45, 0xF5, 0x14, 0x71, 0x5F, 0x11, 0x45, 0xF4, 0x07, 0x00, 0xFC, 0x57, 0xCA, 0x7D,
    0x15, 0xD5, 0x77, 0x51, 0x7F, 0xA5, 0x74, 0x04, 0x00, 0x1C, 0xD1, 0xDF, 0x55, 0xCD, 0x94, 0x75,
    0x45, 0x33, 0x55, 0xB5, 0x05, 0x00, 0xDC, 0xD6, 0xD6, 0x6D, 0x6D, 0xD5, 0xF6, 0x44, 0x4D, 0xC5,
    0xD4, 0x00, 0x00, 0x5C, 0xD4, 0xCF, 0x05, 0x7D, 0x15, 0xF3, 0x47, 0x09, 0x25, 0xF5, 0x03, 0x00,
    0x1C, 0xD5, 0xDF, 0x11, 0x7D, 0x94, 0xF2, 0x4B, 0x29, 0x3D, 0x15, 0x05, 0x00, 0x5C, 0xD2, 0xDF,
    0x11, 0xFD, 0x55, 0xF5, 0x5F, 0x45, 0x15, 0xD5, 0x07, 0x00, 0x40, 0xF0, 0x5F, 0x2A, 0xF5, 0x9D,
    0xD2, 0x5F, 0x21, 0xFD, 0x14, 0x02, 0x00, 0x9C, 0x53, 0xC9, 0x7F, 0x95, 0xB4, 0x77, 0x40, 0x7D,
    0x15, 0xD5, 0x07, 0x00, 0xDC, 0x53, 0xD0, 0x7F, 0x05, 0xF4, 0x77, 0x55, 0x7F, 0x15, 0xD5, 0x07,
    0x00, 0x9C, 0xD2, 0xDF, 0x55, 0xFD, 0x15, 0xF0, 0x5F, 0x55, 0x95, 0xD4, 0x04, 0x00, 0xBC, 0x97,
    0xD2, 0x57, 0xC5, 0xBC, 0x54, 0x8F, 0x20, 0xFE, 0x08, 0x02, 0x00, 0x3C, 0x91, 0xDF, 0x2B, 0xF9,
    0x3D, 0x91, 0x8F, 0x20, 0xFE, 0x08, 0x02, 0x00, 0x9C, 0xD0, 0xDF, 0x13, 0xF5, 0xB5, 0x72, 0x5E,
    0x2F, 0xB5, 0xB4, 0x07, 0x00, 0x1C, 0xD1, 0x5F, 0x25, 0xFF, 0x55, 0x54, 0xDF, 0x11, 0x15, 0xD5,
    0x05, 0x00, 0xDC, 0x53, 0xD0, 0x7F, 0x05, 0xD4, 0x77, 0x55, 0x7D, 0xA5, 0x54, 0x05, 0x00, 0x1C,
    0xD1, 0xDF, 0x29, 0xBD, 0x55, 0x75, 0x4E, 0x45, 0xF5, 0x35, 0x04, 0x00, 0x1C, 0xD1, 0xDF, 0x41,
    0xF5, 0x34, 0x75, 0x5F, 0x45, 0xF5, 0x34, 0x04, 0x00, 0x5C, 0xD5, 0xCA, 0x7F, 0x55, 0xF5, 0x77,
    0x4A, 0x3B, 0x25, 0xB5, 0x05, 0x00, 0x9C, 0x57, 0xC2, 0x7F, 0x45, 0xD4, 0x77, 0x44, 0x7F, 0x55,
    0xF5, 0x07, 0x00, 0x9C, 0xD2, 0xDF, 0x29, 0xF5, 0x75, 0x72, 0x5F, 0x37, 0x75, 0x55, 0x04, 0x00,
    0xFC, 0x17, 0xC1, 0x3F, 0x81, 0x04, 0xF2, 0x4F, 0x04, 0x11, 0xFC, 0x07, 0x00, 0x7C, 0x51, 0xC4,
    0x13, 0x49, 0x3C, 0x51, 0x4A, 0x29, 0x1F, 0x41, 0x04, 0x00, 0x04, 0xD5, 0x5F, 0x15, 0x7F, 0x91,
    0xF5, 0x4B, 0x25, 0x7D, 0x95, 0x04, 0x00, 0x80, 0xF0, 0x5E, 0x4D, 0xEF, 0x25, 0xF0, 0x5F, 0x55,
    0x5F, 0xC1, 0x07, 0x00, 0x40, 0x80, 0x80, 0x3F, 0x82, 0xF8, 0x23, 0x88, 0x3F, 0x82, 0xF8, 0x03,
    0x00, 0x20, 0xE0, 0x8F, 0x20, 0x82, 0xF8, 0x03, 0xC1, 0x7F, 0x54, 0x4C, 0x06, 0x00, 0x20, 0xE0,
    0x8F, 0x20, 0xFE, 0x08, 0xF2, 0x1F, 0x0A, 0x44, 0x0C, 0x06, 0x00, 0xFC, 0x87, 0x00, 0x11, 0xBE,
    0x40, 0xE0, 0x0F, 0x04, 0x10, 0xFC, 0x07, 0x00, 0xBC, 0x40, 0x9E, 0x24, 0x9F, 0x90, 0xF2, 0x0A,
    0x11, 0x64, 0x7C, 0x06, 0x00, 0x40, 0xF0, 0x1F, 0x04, 0xFE, 0x10, 0xF1, 0x5F, 0x57, 0x10, 0xFC,
    0x07, 0x00, 0x3C, 0xA1, 0x5F, 0x10, 0xFF, 0x49, 0xF2, 0x9C, 0x1E, 0xD2, 0x3C, 0x05, 0x00, 0x20,
    0x60, 0x9E, 0x40, 0x02, 0xB9, 0x27, 0x90, 0x40, 0x02, 0xF9, 0x07, 0x00, 0x40, 0x70, 0x5D, 0x44,
    0xD7, 0x45, 0x74, 0x1D, 0x0A, 0x44, 0x0C, 0x06, 0x00, 0x00, 0xE6, 0x87, 0x24, 0x01, 0xB9, 0x23,
    0x88, 0x3B, 0x82, 0xF8, 0x03, 0x00, 0x40, 0xF0, 0x1F, 0x04, 0xFE, 0x10, 0xF1, 0x9E, 0x31, 0x45,
    0xF1, 0x01, 0x00, 0x9C, 0x17, 0xD0, 0x7B, 0x01, 0xF9, 0x23, 0xC9, 0x7F, 0x08, 0x1D, 0x03, 0x00,
    0x28, 0x96, 0xD3, 0x62, 0x39, 0x8D, 0x96, 0xD2, 0x7F, 0x82, 0x04, 0x04, 0x00, 0xE8, 0x96, 0xD2,
    0x6E, 0x29, 0xED, 0x96, 0xD2, 0x7F, 0x82, 0x04, 0x04, 0x00, 0xEC, 0x96, 0xD0, 0x6E, 0x21, 0xFD,
    0xA7, 0x4B, 0x44, 0xFE, 0x40, 0x00, 0x00, 0xFC, 0x47, 0x82, 0x3F, 0x23, 0xF8, 0x23, 0xC2, 0x7B,
    0x01, 0xFD, 0x07, 0x00, 0xF8, 0x03, 0x01, 0x04, 0xFF, 0x41, 0xE0, 0x8F, 0x20, 0x82, 0xF8, 0x03,
    0x00, 0xF0, 0x21, 0x48, 0x5F, 0x10, 0xFC, 0x07, 0x81, 0x3F, 0x82, 0xF8, 0x03, 0x00, 0x30, 0x36,
    0x8F, 0x24, 0x9F, 0xC8, 0x77, 0x49, 0x25, 0x15, 0xDD, 0x05, 0x00, 0xB8, 0x17, 0xD0, 0x27, 0xE4,
    0x7D, 0x45, 0xD4, 0x33, 0x49, 0xBC, 0x01, 0x00, 0x30, 0x36, 0x87, 0x10, 0xFF, 0x89, 0x72, 0x51,
    0x11, 0x55, 0x5D, 0x05, 0x00, 0x08, 0xE2, 0x9F, 0x22, 0xAA, 0xB4, 0x92, 0x0A, 0x7E, 0x84, 0x0C,
    0x02, 0x00, 0xF8, 0x43, 0x0A, 0x12, 0xFF, 0x55, 0x22, 0x5F, 0x2B, 0xF8, 0x1D, 0x02, 0x00, 0x10,
    0xE0, 0xDF, 0x2A, 0xFE, 0xA9, 0xF2, 0x5F, 0x25, 0xFC, 0x0D, 0x02, 0x00, 0x40, 0xE0, 0x8F, 0x20,
    0x8A, 0x48, 0xF2, 0x9F, 0x24, 0x92, 0x04, 0x03, 0x00, 0x08, 0xF1, 0x44, 0x52, 0x4B, 0x25, 0xF5,
    0x54, 0x52, 0x4B, 0xF5, 0x07, 0x00, 0x88, 0xF7, 0x42, 0x0A, 0xEB, 0xA5, 0xF4, 0x51, 0x2A, 0xCB,
    0xE4, 0x04, 0x00, 0x08, 0xF1, 0x5F, 0x02, 0xEB, 0xA4, 0xF2, 0x4A, 0x2A, 0x9B, 0x34, 0x06, 0x00,
    0x08, 0xF1, 0x5F, 0x0A, 0x2B, 0xA4, 0xF7, 0x52, 0x46, 0x0B, 0x35, 0x03, 0x00, 0x88, 0xF3, 0x4A,
    0x2A, 0x9B, 0x25, 0xF0, 0x5F, 0x4A, 0xCB, 0xF4, 0x04, 0x00, 0x08, 0xF1, 0x5F, 0x42, 0x2B, 0xA4,
    0xF6, 0x46, 0x0E, 0x2B, 0xA5, 0x07, 0x00, 0x08, 0x71, 0x42, 0x7D, 0x17, 0x55, 0xF4, 0x5F, 0x45,
    0x15, 0xD5, 0x07, 0x00, 0x08, 0xF1, 0x5F, 0x09, 0x17, 0x95, 0xF2, 0x44, 0x49, 0x15, 0xD5, 0x07,
    0x00, 0x08, 0xF3, 0x48, 0x4A, 0x1B, 0x25, 0xF0, 0x5E, 0x4A, 0x2B, 0xB5, 0x07, 0x00, 0xE8, 0x77,
    0x4A, 0x25, 0xFF, 0x95, 0xD2, 0xCA, 0x75, 0x35, 0x34, 0x07, 0x00, 0x08, 0xF1, 0x5D, 0x51, 0xDF,
    0x15, 0xD5, 0xDF, 0x25, 0x65, 0x74, 0x06, 0x00, 0x88, 0x73, 0x51, 0x7F, 0x17, 0xD5, 0x57, 0xC1,
    0x7D, 0x1D, 0xD5, 0x07, 0x00, 0xF4, 0x71, 0x5D, 0x0F, 0xE7, 0x95, 0xD0, 0xDF, 0x55, 0x55, 0xF5,
    0x07, 0x00, 0xF8, 0x23, 0x88, 0x3F, 0x82, 0xF8, 0x23, 0x91, 0x28, 0x42, 0x7C, 0x06, 0x00, 0x40,
    0xE0, 0x8F, 0x20, 0xFE, 0x08, 0xE2, 0x8F, 0x24, 0x62, 0x3C, 0x06, 0x00, 0xC8, 0xF7, 0x51, 0x7D,
    0x1F, 0xD1, 0xF7, 0x05, 0x55, 0x9A, 0xC4, 0x04, 0x00, 0xF0, 0x21, 0xC2, 0x3F, 0x92, 0x48, 0xE2,
    0x8F, 0x00, 0x02, 0xF9, 0x07, 0x00, 0x10, 0xF1, 0x1F, 0x11, 0x00, 0x10, 0x81, 0x02, 0x04, 0x6C,
    0x0C, 0x06, 0x00, 0x10, 0xF1, 0x1F, 0x11, 0x00, 0xF8, 0x03, 0xC1, 0x7F, 0x10, 0x60, 0x00, 0x00,
    0x10, 0xF1, 0x1F, 0x11, 0xFC, 0x09, 0x94, 0x10, 0x44, 0x80, 0x80, 0x01, 0x00, 0x10, 0xF1, 0x1F,
    0x11, 0x10, 0xFC, 0x27, 0x80, 0x00, 0x02, 0xF0, 0x07, 0x00, 0x10, 0xF1, 0x1F, 0x11, 0x10, 0xF8,
    0x03, 0xC1, 0x7F, 0x28, 0x1C, 0x07, 0x00, 0x10, 0xF1, 0x1F, 0x11, 0x10, 0xF8, 0x03, 0x04, 0x09,
    0x1C, 0x8C, 0x07, 0x00, 0x10, 0xF1, 0x1F, 0x11, 0x7C, 0x0D, 0xC6, 0x07, 0x11, 0x38, 0x1C, 0x07,
    0x00, 0x10, 0xF1, 0x1F, 0x11, 0x38, 0x10, 0x31, 0x18, 0x11, 0x44, 0x0C, 0x01, 0x00, 0x10, 0xF1,
    0x1F, 0x11, 0x74, 0x08, 0xF2, 0x1F, 0x22, 0x84, 0x8C, 0x01, 0x00, 0x10, 0xF1, 0x1F, 0x11, 0xFE,
    0x48, 0xE2, 0x8F, 0x00, 0x02, 0xF9, 0x07, 0x00, 0x10, 0xF1, 0x1F, 0x11, 0x14, 0x48, 0x36, 0x87,
    0x04, 0x12, 0xC9, 0x07, 0x00, 0x10, 0xF1, 0x1F, 0x11, 0x08, 0xFC, 0x47, 0x00, 0x7F, 0x02, 0x05,
    0x03, 0x00, 0x10, 0xF1, 0x1F, 0x11, 0xFE, 0x08, 0xE0, 0x9F, 0x08, 0x21, 0x84, 0x00, 0x00, 0x10,
    0xE0, 0x5F, 0x42, 0x4A, 0xF9, 0x97, 0x90, 0x52, 0x7E, 0x11, 0x03, 0x00, 0x10, 0xF1, 0x1E, 0x11,
    0xFF, 0x09, 0xF1, 0x1F, 0x14, 0x4C, 0x8C, 0x01, 0x00, 0x10, 0xF1, 0x1F, 0x11, 0xEF, 0xA5, 0xF4,
    0x5E, 0x0A, 0x24, 0x8D, 0x07, 0x00, 0x10, 0xF1, 0x1F, 0x11, 0xFE, 0x48, 0xE2, 0x8F, 0x24, 0xFF,
    0x09, 0x02, 0x00, 0x10, 0xF1, 0x1F, 0x11, 0x78, 0x10, 0xE2, 0x5F, 0x22, 0xE8, 0x20, 0x00, 0x00,
    0x10, 0xF1, 0x1F, 0x02, 0x44, 0xFC, 0x03, 0x90, 0x3F, 0x82, 0xF8, 0x03, 0x00, 0x10, 0xF1, 0x1E,
    0x11, 0xFE, 0x48, 0xE2, 0x8F, 0x24, 0x92, 0xF8, 0x03, 0x00, 0x10, 0xF1, 0x1F, 0x11, 0xFF, 0x01,
    0xE2, 0x89, 0x24, 0x9E, 0x80, 0x03, 0x00, 0x10, 0xF1, 0x1F, 0x11, 0xFE, 0x08, 0xE2, 0x8F, 0x20,
    0x82, 0xF8, 0x03, 0x00, 0x10, 0xF1, 0x1F, 0x11, 0xFC, 0x48, 0x32, 0x89, 0x37, 0x02, 0xF9, 0x07,
    0x00, 0x10, 0xF1, 0x1F, 0x11, 0xFE, 0x05, 0xE4, 0x91, 0x44, 0x9E, 0x80, 0x01, 0x00, 0x10, 0xF1,
    0x9F, 0x00, 0xFE, 0x08, 0xE2, 0x8F, 0x00, 0x02, 0xF8, 0x07, 0x00, 0x10, 0xF1, 0x1F, 0x11, 0x10,
    0xFC, 0x87, 0x00, 0x3F, 0x87, 0xF0, 0x03, 0x00, 0x10, 0xF1, 0x1F, 0x11, 0x10, 0xFC, 0x07, 0x81,
    0x3F, 0x82, 0xF8, 0x03, 0x00, 0x10, 0xF1, 0x1F, 0x11, 0x10, 0xFC, 0x17, 0x90, 0x3F, 0x10, 0x60,
    0x00, 0x00, 0x10, 0xF1, 0x1E, 0x11, 0x10, 0xF8, 0x23, 0xC9, 0x7F, 0x28, 0x1C, 0x07, 0x00, 0x10,
    0xF1, 0x1E, 0x11, 0x92, 0x48, 0xE2, 0x4F, 0x44, 0x11, 0xFD, 0x07, 0x00, 0x10, 0xF1, 0x1F, 0x15,
    0x90, 0xF8, 0x27, 0x82, 0x28, 0x61, 0x64, 0x06, 0x00, 0x10, 0xF1, 0x9F, 0x10, 0xF4, 0x45, 0x24,
    0x1D, 0x04, 0x12, 0xC5, 0x07, 0x00, 0x10, 0xF1, 0x1F, 0x11, 0x02, 0x7C, 0x27, 0x95, 0x54, 0x51,
    0x35, 0x07, 0x00, 0x10, 0xF1, 0x1F, 0x11, 0xFE, 0x00, 0xF1, 0x1F, 0x4A, 0xA4, 0xCC, 0x00, 0x00,
    0x10, 0xF1, 0x1F, 0x04, 0xFF, 0x41, 0xE0, 0x0F, 0x16, 0x94, 0x4C, 0x04, 0x00, 0x10, 0xF1, 0x1F,
    0x11, 0x2A, 0x40, 0x80, 0xCF, 0x21, 0x84, 0xF0, 0x03, 0x00, 0x10, 0xF1, 0x1F, 0x11, 0x49, 0xC8,
    0x07, 0x01, 0x05, 0x12, 0x84, 0x07, 0x00, 0x10, 0xF1, 0x1F, 0x11, 0xFE, 0x44, 0xF0, 0x1F, 0x16,
    0x94, 0x4C, 0x04, 0x00, 0x10, 0xF1, 0x1F, 0x11, 0x22, 0x44, 0xA4, 0x0A, 0x11, 0x22, 0xFD, 0x07,
    0x00, 0x10, 0xF1, 0x1F, 0x11, 0xFF, 0x05, 0xD4, 0x57, 0x51, 0x45, 0xFD, 0x07, 0x00, 0x10, 0xF1,
    0x1F, 0x11, 0xFF, 0x45, 0xD4, 0x57, 0x4A, 0x45, 0xFD, 0x07, 0x00, 0x10, 0xF1, 0x1F, 0x11, 0x38,
    0x10, 0x21, 0x49, 0x5F, 0x10, 0x48, 0x02, 0x00, 0x10, 0xF1, 0x1F, 0x11, 0xFF, 0x11, 0xC1, 0x07,
    0x71, 0x7C, 0x1C, 0x01, 0x00, 0x10, 0xF1, 0x1F, 0x11, 0x04, 0x7C, 0x27, 0x95, 0x54, 0x4C, 0xCD,
    0x07, 0x00, 0x10, 0xF1, 0x1F, 0x11, 0xFE, 0x4D, 0xE4, 0x91, 0x44, 0x9E, 0x80, 0x01, 0x00, 0x10,
    0xF1, 0x1E, 0x11, 0xFE, 0x08, 0xE2, 0x8F, 0x20, 0xFF, 0x41, 0x00, 0x00, 0x10, 0xF1, 0x1F, 0x01,
    0x5F, 0x29, 0xF5, 0x97, 0x52, 0x09, 0x25, 0x06, 0x00, 0x10, 0xF1, 0x1F, 0x01, 0xF4, 0x09, 0xB1,
    0x9F, 0x10, 0x42, 0xE8, 0x07, 0x00, 0x10, 0xF1, 0x1F, 0x11, 0xFF, 0x11, 0x22, 0xC4, 0x7E, 0x42,
    0x88, 0x01, 0x00, 0x10, 0xF1, 0x1F, 0x04, 0xFF, 0x11, 0xC0, 0x0F, 0x00, 0x54, 0x4C, 0x07, 0x00,
    0x10, 0xF1, 0x1F, 0x04, 0xFE, 0x20, 0x42, 0xC4, 0x7B, 0x4A, 0xB5, 0x06, 0x00, 0x10, 0xF1, 0x1F,
    0x11, 0xFC, 0x09, 0xB4, 0x97, 0x52, 0x7A, 0x09, 0x06, 0x00, 0x10, 0xF1, 0x1F, 0x04, 0xFF, 0x05,
    0xE4, 0x0F, 0x10, 0xFF, 0x41, 0x00, 0x00, 0x10, 0xF1, 0x5F, 0x11, 0x52, 0x55, 0x63, 0x44, 0x11,
    0xA4, 0x6C, 0x04, 0x00, 0x10, 0xF1, 0x1F, 0x11, 0xFE, 0x44, 0xE4, 0x0F, 0x04, 0x92, 0x64, 0x04,
    0x00, 0x10, 0xF1, 0x1F, 0x10, 0x1F, 0x11, 0xF5, 0x17, 0x53, 0x16, 0x95, 0x06, 0x00, 0x10, 0xF1,
    0x1F, 0x11, 0x45, 0xDC, 0x47, 0xC4, 0x11, 0x45, 0xD4, 0x07, 0x00, 0x10, 0xF1, 0x1F, 0x09, 0xA9,
    0x88, 0x04, 0x03, 0x41, 0xC2, 0xE4, 0x00, 0x00, 0x10, 0xF1, 0x1F, 0x11, 0xFE, 0x08, 0xF2, 0x5F,
    0x40, 0x01, 0xFD, 0x07, 0x00, 0x10, 0xF1, 0x1F, 0x11, 0xFE, 0x55, 0xE2, 0x9F, 0x22, 0xFE, 0x01,
    0x01, 0x00, 0x10, 0xF1, 0x1F, 0x11, 0xFF, 0x49, 0x92, 0x84, 0x3F, 0x10, 0xFC, 0x07, 0x00, 0x10,
    0xF1, 0x1F, 0x11, 0xFF, 0xA1, 0xF0, 0x1F, 0x04, 0xFE, 0x40, 0x00, 0x00, 0x10, 0xF1, 0x1F, 0x11,
    0xFF, 0x05, 0xE4, 0x0F, 0x0A, 0x24, 0x8D, 0x07, 0x00, 0x10, 0xF1, 0x1F, 0x04, 0xFF, 0x51, 0xE2,
    0x57, 0x34, 0x88, 0x98, 0x01, 0x00, 0x10, 0xF1, 0x1F, 0x04, 0xFF, 0x49, 0x62, 0x4D, 0x44, 0x6C,
    0x0C, 0x06, 0x00, 0xFC, 0x87, 0x02, 0x1F, 0x44, 0xF0, 0x41, 0xC4, 0x7F, 0x44, 0x0C, 0x06, 0x00,
    0x10, 0xF1, 0x1F, 0x04, 0xFF, 0x21, 0x71, 0x18, 0x11, 0xFF, 0x09, 0x01, 0x00, 0x10, 0xF1, 0x1F,
    0x04, 0xFE, 0x40, 0xF0, 0x9F, 0x20, 0xFE, 0x08, 0x02, 0x00, 0x10, 0xF1, 0x1F, 0x04, 0xFF, 0x95,
    0x54, 0x12, 0x1F, 0x44, 0xF0, 0x01, 0x00, 0x10, 0xF1, 0x1F, 0x11, 0xFE, 0xA5, 0x84, 0xD0, 0x5F,
    0x2A, 0x25, 0x03, 0x00, 0x10, 0xF1, 0x1F, 0x11, 0xFF, 0x45, 0xD4, 0x57, 0x46, 0x55, 0xFD, 0x07,
    0x00, 0x10, 0xF1, 0x1F, 0x11, 0xFE, 0x50, 0x82, 0xC4, 0x7F, 0x54, 0x4C, 0x06, 0x00, 0x10, 0xF1,
    0x9F, 0x10, 0xFC, 0x25, 0xA1, 0x1F, 0x4A, 0xC5, 0xD4, 0x04, 0x00, 0x10, 0xF1, 0x1F, 0x11, 0x10,
    0xFC, 0x47, 0xC4, 0x7F, 0x82, 0xF8, 0x03, 0x00, 0x10, 0xF1, 0x1E, 0x11, 0xFF, 0x49, 0xF2, 0x9F,
    0x24, 0xFF, 0x41, 0x00, 0x00, 0x10, 0xF1, 0x1F, 0x11, 0xFF, 0xB1, 0xA2, 0xCA, 0x6A, 0x7A, 0x1D,
    0x04, 0x00, 0x10, 0xF1, 0x1F, 0x04, 0xFF, 0x11, 0xB1, 0x1F, 0x13, 0x38, 0x1C, 0x07, 0x00, 0x10,
    0xF1, 0x1F, 0x0A, 0xEE, 0xA0, 0x80, 0xC2, 0x7B, 0x28, 0x98, 0x00, 0x00, 0x10, 0xF1, 0x1F, 0x15,
    0x92, 0xFC, 0x27, 0x89, 0x3F, 0x12, 0xC1, 0x07, 0x00, 0x10, 0xF1, 0x1F, 0x11, 0x42, 0xBC, 0x22,
    0x93, 0x13, 0x89, 0x95, 0x01, 0x00, 0x10, 0xF1, 0x9F, 0x10, 0xEE, 0x09, 0xF4, 0x15, 0x51, 0xD5,
    0xD4, 0x04, 0x00, 0x10, 0xF1, 0x1F, 0x04, 0xFF, 0x11, 0xA1, 0x4A, 0x44, 0xFF, 0x41, 0x00, 0x00,
    0x10, 0xF1, 0x1F, 0x11, 0xFE, 0x25, 0xE4, 0x17, 0x42, 0x2A, 0xF9, 0x03, 0x00, 0x10, 0xF1, 0x1F,
    0x15, 0xFF, 0x49, 0x52, 0x15, 0x0E, 0x54, 0x4C, 0x06, 0x00, 0x10, 0xF1, 0x1F, 0x24, 0xFE, 0x21,
    0xF2, 0x1F, 0x11, 0x3C, 0x0C, 0x07, 0x00, 0x10, 0xF1, 0x1F, 0x11, 0xEF, 0xA5, 0xF4, 0x5E, 0x4A,
    0xFF, 0x41, 0x04, 0x00, 0x10, 0xF1, 0x1F, 0x11, 0xF8, 0x45, 0xA1, 0x14, 0x10, 0xFA, 0x05, 0x01,
    0x00, 0x10, 0xF1, 0x1F, 0x04, 0xFF, 0x61, 0x71, 0x19, 0x11, 0x38, 0x1C, 0x07, 0x00, 0x10, 0xF1,
    0x9F, 0x24, 0xFE, 0x48, 0xF2, 0x5F, 0x54, 0x7D, 0x05, 0x06, 0x00, 0x10, 0xF1, 0x1F, 0x04, 0xFF,
    0x15, 0xD5, 0x17, 0x11, 0x44, 0xFC, 0x07, 0x00, 0x10, 0xF1, 0x9F, 0x20, 0xFA, 0x28, 0xF2, 0x5F,
    0x51, 0x7D, 0x05, 0x06, 0x00, 0x10, 0xF1, 0x5F, 0x44, 0xD7, 0x45, 0x74, 0x1D, 0x0A, 0x44, 0x0C,
    0x06, 0x00, 0xFC, 0x47, 0x84, 0x3B, 0xAA, 0xFC, 0x47, 0x80, 0x3F, 0x82, 0x80, 0x01, 0x00, 0x10,
    0xF1, 0x9F, 0x10, 0xF4, 0x24, 0x22, 0x05, 0x3E, 0x8A, 0xE5, 0x03, 0x00, 0xFC, 0x47, 0xC5, 0x7F,
    0x24, 0xF0, 0x03, 0xC1, 0x7F, 0x54, 0x4C, 0x06, 0x00, 0x10, 0xF1, 0x1F, 0x22, 0xFE, 0x21, 0xF1,
    0x1F, 0x23, 0x8B, 0xE0, 0x03, 0x00, 0xA0, 0xF0, 0x1F, 0x11, 0x7C, 0x10, 0xC1, 0x9F, 0x42, 0x25,
    0x71, 0x03, 0x00, 0x10, 0xF1, 0x1F, 0x11, 0xFE, 0xA5, 0xF4, 0x97, 0x4A, 0x3E, 0xA9, 0x03, 0x00,
    0x10, 0xF1, 0x1F, 0x04, 0xFF, 0x51, 0x41, 0x85, 0x3F, 0x10, 0xFC, 0x07, 0x00, 0x10, 0xF1, 0x1F,
    0x04, 0xFE, 0x20, 0xF2, 0x1F, 0x09, 0xFF, 0x81, 0x00, 0x00, 0x10, 0xF1, 0x9F, 0x10, 0xF7, 0x55,
    0x75, 0x55, 0x7D, 0x15, 0xDC, 0x07, 0x00, 0x10, 0xF1, 0x1F, 0x11, 0xE4, 0xFD, 0x44, 0xDE, 0x4B,
    0xE9, 0x7D, 0x04, 0x00, 0x10, 0xF1, 0x1F, 0x09, 0xFF, 0xA9, 0x70, 0x1E, 0x12, 0xFF, 0x11, 0x01,
    0x00, 0x10, 0xF1, 0x5F, 0x2A, 0x4A, 0xF1, 0x33, 0x91, 0x3F, 0x28, 0x1C, 0x07, 0x00, 0x10, 0xF1,
    0x5F, 0x44, 0xFF, 0x49, 0xE2, 0x8F, 0x24, 0xFF, 0x41, 0x00, 0x00, 0x10, 0xF1, 0x1F, 0x04, 0xFF,
    0x11, 0xF1, 0x5F, 0x44, 0xFE, 0x48, 0x02, 0x00, 0x10, 0xF1, 0x9F, 0x24, 0xFE, 0x48, 0xE2, 0x0F,
    0x2A, 0x24, 0x8D, 0x07, 0x00, 0x10, 0xF1, 0x1F, 0x11, 0xFF, 0x25, 0x64, 0x0B, 0x1A, 0xA7, 0x61,
    0x00, 0x00, 0x10, 0xF1, 0x1F, 0x11, 0xEF, 0x01, 0xF0, 0x1F, 0x11, 0xD6, 0x34, 0x05, 0x00, 0x10,
    0xF1, 0x1F, 0x10, 0x53, 0xC0, 0xB7, 0x10, 0x53, 0x8A, 0xA4, 0x07, 0x00, 0x10, 0xF1, 0x9F, 0x10,
    0xFC, 0x25, 0xA5, 0x1F, 0x52, 0xFA, 0x25, 0x05, 0x00, 0x10, 0xF1, 0x1F, 0x11, 0x7B, 0x89, 0x12,
    0x91, 0x3F, 0x00, 0xA4, 0x04, 0x00, 0x10, 0xF1, 0x1F, 0x11, 0x92, 0xF4, 0x45, 0x84, 0x3F, 0x85,
    0xF0, 0x03, 0x00, 0x10, 0xF1, 0x1F, 0x04, 0xFF, 0x11, 0xF1, 0x5F, 0x51, 0x7D, 0x05, 0x06, 0x00,
    0x10, 0xF1, 0x1F, 0x11, 0xEF, 0x21, 0x41, 0xD2, 0x7B, 0x44, 0x58, 0x05, 0x00, 0x10, 0xF1, 0x1F,
    0x04, 0xFF, 0x91, 0x20, 0xC9, 0x7F, 0x92, 0xF8, 0x03, 0x00, 0x10, 0xF1, 0x9F, 0x24, 0xFE, 0x49,
    0xA2, 0x5F, 0x4A, 0x29, 0xA1, 0x06, 0x00, 0x10, 0xF1, 0x1F, 0x04, 0xFF, 0x15, 0xA5, 0x0B, 0x1F,
    0xC6, 0xF4, 0x05, 0x00, 0x10, 0xF1, 0x1F, 0x04, 0xFF, 0x11, 0xF2, 0x9F, 0x2A, 0xAA, 0xFC, 0x07,
    0x00, 0x10, 0xF1, 0x1F, 0x11, 0xFC, 0x89, 0x34, 0x8A, 0x7E, 0x12, 0xC9, 0x07, 0x00, 0x10, 0xF1,
    0x9F, 0x44, 0xA8, 0x8C, 0xA7, 0x85, 0x7C, 0x45, 0xE4, 0x07, 0x00, 0x10, 0xF1, 0x9F, 0x52, 0xF8,
    0x2D, 0xE5, 0x9F, 0x10, 0x05, 0xE4, 0x07, 0x00, 0x10, 0xF1, 0x1F, 0x04, 0xFF, 0xA5, 0x44, 0x8F,
    0x25, 0x94, 0xD0, 0x03, 0x00, 0xA0, 0xF0, 0x1F, 0x0A, 0xFE, 0xA8, 0xF2, 0x5F, 0x24, 0x67, 0x64,
    0x06, 0x00, 0xA0, 0xF0, 0x1F, 0x11, 0xFF, 0xA5, 0xF4, 0x1F, 0x11, 0x38, 0x1C, 0x07, 0x00, 0x10,
    0xF1, 0x1F, 0x11, 0xFE, 0x95, 0xE4, 0x97, 0x52, 0x7E, 0x01, 0x03, 0x00, 0x10, 0xF2, 0x1F, 0x08,
    0xFE, 0x49, 0xE2, 0x9F, 0x24, 0xF1, 0x54, 0x05, 0x00, 0x10, 0xF1, 0x1F, 0x11, 0x1F, 0xC5, 0xF7,
    0x51, 0x48, 0x5F, 0x55, 0x06, 0x00, 0x10, 0xF1, 0x5F, 0x2A, 0x4A, 0xF1, 0x33, 0x90, 0x3F, 0x92,
    0x64, 0x04, 0x00, 0x10, 0xF1, 0x1F, 0x11, 0xF5, 0x9D, 0x44, 0xCA, 0x7D, 0x95, 0x94, 0x02, 0x00,
    0x10, 0xF1, 0x1F, 0x11, 0xFE, 0x48, 0xA2, 0x8A, 0x3F, 0x8A, 0xE4, 0x05, 0x00, 0x10, 0xF1, 0x1F,
    0x11, 0xFF, 0xA1, 0x40, 0x5F, 0x01, 0x55, 0x3D, 0x05, 0x00, 0x10, 0xF1, 0x1F, 0x22, 0xF7, 0x15,
    0xB1, 0x5F, 0x09, 0x17, 0xE5, 0x07, 0x00, 0x10, 0xF1, 0x5F, 0x15, 0xC4, 0xFD, 0x54, 0xD5, 0x57,
    0xD5, 0xD4, 0x04, 0x00, 0x10, 0xF1, 0x9F, 0x24, 0x54, 0xFC, 0x27, 0xC9, 0x7F, 0x92, 0xF8, 0x03,
    0x00, 0x10, 0xF1, 0x9F, 0x2A, 0xFE, 0x10, 0xC1, 0x07, 0x11, 0xFF, 0x41, 0x00, 0x00, 0x10, 0xF1,
    0x1F, 0x09, 0xFE, 0x8C, 0xE0, 0x0F, 0x00, 0xAA, 0x44, 0x05, 0x00, 0x10, 0xF1, 0x1F, 0x04, 0x85,
    0xF4, 0x05, 0x00, 0x55, 0x45, 0x74, 0x07, 0x00, 0x10, 0xF1, 0x9F, 0x24, 0xFE, 0x48, 0xF2, 0x17,
    0x09, 0x85, 0xE4, 0x05, 0x00, 0x10, 0xF1, 0x1F, 0x11, 0xFF, 0xAD, 0x50, 0xDF, 0x57, 0xA5, 0x74,
    0x04, 0x00, 0x10, 0xF1, 0x5F, 0x22, 0xFA, 0x24, 0xA2, 0x1F, 0x49, 0x12, 0x25, 0x03, 0x00, 0x10,
    0xF1, 0x9F, 0x2A, 0xFF, 0xA9, 0xF2, 0x1F, 0x00, 0xAA, 0x44, 0x05, 0x00, 0x10, 0xF1, 0x1F, 0x24,
    0xFF, 0xA9, 0x52, 0xD5, 0x6E, 0x55, 0x55, 0x05, 0x00, 0x10, 0xF1, 0x1F, 0x04, 0xFF, 0x55, 0xA5,
    0x8A, 0x3F, 0x92, 0xF8, 0x03, 0x00, 0x10, 0xF1, 0x9F, 0x10, 0xFC, 0x45, 0x25, 0x15, 0x7E, 0x8A,
    0x44, 0x03, 0x00, 0x10, 0xF1, 0x9F, 0x14, 0xD5, 0xF1, 0x25, 0xD4, 0x2E, 0x6A, 0x99, 0x04, 0x00,
    0x10, 0xF1, 0x1F, 0x11, 0xFF, 0x49, 0xF2, 0x9F, 0x24, 0x92, 0xFC, 0x07, 0x00, 0x10, 0xF1, 0x1F,
    0x15, 0xAA, 0xFC, 0xA7, 0x8A, 0x2E, 0x82, 0xF8, 0x03, 0x00, 0x10, 0xF1, 0x9F, 0x10, 0xFF, 0x55,
    0xF2, 0x5F, 0x11, 0xFD, 0x1D, 0x01, 0x00, 0x10, 0xF1, 0x5F, 0x11, 0xFD, 0x5D, 0x92, 0xDF, 0x11,
    0xFD, 0x1D, 0x01, 0x00, 0x10, 0xF1, 0x1F, 0x29, 0xAF, 0xD4, 0x37, 0x49, 0x7D, 0x8B, 0xA4, 0x07,
    0x00, 0x10, 0xF1, 0x1F, 0x11, 0xFF, 0xA9, 0xF0, 0x1F, 0x29, 0xAE, 0x54, 0x02, 0x00, 0x10, 0xF1,
    0x9F, 0x2A, 0xFE, 0x20, 0xF1, 0x1F, 0x21, 0x86, 0xF4, 0x03, 0x00, 0x10, 0xF1, 0x1F, 0x04, 0xFF,
    0x49, 0xE2, 0x0F, 0x04, 0xFF, 0xA5, 0x04, 0x00, 0x10, 0xF1, 0x1F, 0x29, 0xFF, 0x91, 0xF2, 0x1F,
    0x45, 0x16, 0xD5, 0x07, 0x00, 0x10, 0xF1, 0x5F, 0x09, 0xEF, 0x25, 0xF0, 0x9F, 0x2A, 0xAA, 0xFC,
    0x07, 0x00, 0x10, 0xF1, 0x1F, 0x11, 0xFD, 0x9D, 0xC2, 0xDB, 0x25, 0x7D, 0x95, 0x04, 0x00, 0x10,
    0xF1, 0x9F, 0x4A, 0xFF, 0xA9, 0xD4, 0x9E, 0x32, 0xA9, 0x58, 0x06, 0x00, 0x10, 0xF1, 0x9F, 0x54,
    0x57, 0xC9, 0xF7, 0x84, 0x7E, 0x4B, 0xA9, 0x05, 0x00, 0x10, 0xF1, 0x1F, 0x11, 0xFF, 0xA8, 0x52,
    0xD5, 0x7F, 0x44, 0xF8, 0x02, 0x00, 0x10, 0xF1, 0x1F, 0x52, 0xFF, 0x95, 0xD2, 0xDF, 0x55, 0xED,
    0x54, 0x05, 0x00, 0x10, 0xF1, 0x9F, 0x24, 0x7D, 0xA9, 0xD2, 0xD7, 0x6A, 0x7C, 0x4C, 0x06, 0x00,
    0x10, 0xF1, 0x9F, 0x54, 0xFC, 0x45, 0xA3, 0x14, 0x7F, 0x4A, 0xE5, 0x07, 0x00, 0x10, 0xF1, 0x5F,
    0x15, 0xFF, 0x55, 0xF4, 0x97, 0x54, 0xCE, 0xC4, 0x04, 0x00, 0x10, 0xF1, 0x1F, 0x24, 0xF7, 0x40,
    0x72, 0x5F, 0x45, 0x5D, 0xDD, 0x06, 0x00, 0x10, 0xF1, 0x1F, 0x11, 0xEF, 0xA5, 0xF4, 0x5E, 0x5E,
    0x2D, 0xE5, 0x05, 0x00, 0xFC, 0x97, 0x84, 0x77, 0x54, 0x75, 0x27, 0x02, 0x7F, 0xA9, 0x94, 0x04,
    0x00, 0x10, 0xF1, 0x1F, 0x15, 0xFE, 0xA9, 0xA2, 0x4A, 0x7F, 0x55, 0xF9, 0x07, 0x00, 0x10, 0xF1,
    0x9F, 0x24, 0x5F, 0xD4, 0xF7, 0x45, 0x35, 0x6A, 0x55, 0x01, 0x00, 0x10, 0xF1, 0x1F, 0x55, 0x12,
    0xD5, 0x27, 0xC0, 0x7D, 0x54, 0xF5, 0x07, 0x00, 0x10, 0xF1, 0x1F, 0x11, 0xF5, 0x7D, 0x44, 0x5F,
    0x45, 0xCC, 0xCC, 0x04, 0x00, 0x10, 0xF1, 0x1F, 0x22, 0xFF, 0xB5, 0xB2, 0x55, 0x7F, 0x06, 0xF5,
    0x07, 0x00, 0x10, 0xF1, 0x5F, 0x12, 0xFF, 0xA5, 0xF2, 0x5E, 0x14, 0xFF, 0x49, 0x02, 0x00, 0x10,
    0xF1, 0x9F, 0x4A, 0x9F, 0xD4, 0xF7, 0x49, 0x7D, 0x8A, 0x54, 0x02, 0x00, 0x10, 0xF1, 0x1F, 0x11,
    0xEF, 0xA5, 0xF4, 0x5F, 0x4A, 0x39, 0x55, 0x07, 0x00, 0x10, 0xF1, 0x1F, 0x11, 0x9F, 0xD4, 0xB7,
    0xC9, 0x7F, 0x00, 0xA4, 0x04, 0x00, 0x10, 0xF1, 0x9F, 0x2A, 0xFE, 0xA9, 0x52, 0xDE, 0x2F, 0xA4,
    0xD4, 0x07, 0x00, 0xC0, 0xE1, 0x9F, 0x44, 0x7E, 0x48, 0x14, 0x5F, 0x12, 0x48, 0x19, 0x07, 0x00,
    0xC0, 0x03, 0x81, 0x7F, 0x22, 0xE8, 0xA7, 0x40, 0x7F, 0x09, 0xE0, 0x07, 0x00, 0xC0, 0xE1, 0x9F,
    0x44, 0x7E, 0x48, 0xE4, 0x5F, 0x22, 0x71, 0x30, 0x06, 0x00, 0xC0, 0xF1, 0x5F, 0x44, 0xFD, 0x4C,
    0xE0, 0x4F, 0x6A, 0x06, 0xE4, 0x07, 0x00, 0x40, 0xE0, 0x9F, 0x44, 0xFE, 0x48, 0x20, 0x5F, 0x53,
    0x49, 0xF8, 0x07, 0x00, 0xC0, 0xE1, 0x9F, 0x4A, 0xFA, 0xA9, 0xE2, 0x5F, 0x48, 0x11, 0x31, 0x03,
    0x00, 0xC0, 0xF1, 0x5F, 0x54, 0x55, 0xF4, 0x13, 0xC9, 0x7F, 0x49, 0x18, 0x06, 0x00, 0x3C, 0x93,
    0xDF, 0x13, 0xF8, 0x3D, 0x21, 0xDC, 0x2B, 0xA9, 0x70, 0x06, 0x00, 0xD8, 0x27, 0xC0, 0x7F, 0x55,
    0x3C, 0x51, 0xDE, 0x47, 0x05, 0x7D, 0x03, 0x00, 0x40, 0x00, 0x81, 0x3F, 0x92, 0x48, 0xE2, 0x0F,
    0x24, 0x70, 0x3D, 0x04, 0x00, 0xFC, 0x03, 0xC8, 0x3F, 0x84, 0xFC, 0x52, 0xCA, 0x4F, 0x44, 0xFD,
    0x05, 0x00, 0x90, 0x47, 0xC8, 0x27, 0x95, 0x54, 0xF2, 0x09, 0x21, 0x94, 0xFC, 0x07, 0x00, 0x10,
    0x41, 0xC4, 0x7F, 0x15, 0x55, 0xF5, 0x15, 0x21, 0xD4, 0xFC, 0x04, 0x00, 0x10, 0x42, 0xDF, 0x27,
    0xF5, 0x55, 0xF2, 0x09, 0x79, 0x94, 0x7C, 0x02, 0x00, 0xD0, 0x45, 0xD4, 0x57, 0x75, 0x55, 0xF4,
    0x17, 0x51, 0x54, 0xFD, 0x04, 0x00, 0x90, 0x43, 0xC8, 0x47, 0x55, 0x55, 0xF1, 0x05, 0x49, 0x24,
    0xFD, 0x07, 0x00, 0xFC, 0x47, 0x49, 0x12, 0x7C, 0x5C, 0x47, 0x05, 0x5F, 0x10, 0xFD, 0x07, 0x00,
    0x44, 0xF4, 0x1F, 0x02, 0xFF, 0x49, 0x22, 0x89, 0x3F, 0x10, 0xFD, 0x07, 0x00, 0x10, 0x45, 0xD8,
    0x4F, 0x55, 0x55, 0xF4, 0x11, 0x71, 0x34, 0x7D, 0x04, 0x00, 0x90, 0x47, 0xC2, 0x0F, 0xE5, 0x95,
    0xF2, 0x0B, 0x29, 0xA4, 0xFC, 0x07, 0x00, 0x88, 0x20, 0xDE, 0x17, 0xDB, 0x2D, 0xF1, 0x9C, 0x10,
    0x4A, 0x3C, 0x01, 0x00, 0xD0, 0x47, 0xD0, 0x5F, 0x55, 0x55, 0xF5, 0x15, 0x59, 0x14, 0x7D, 0x06,
    0x00, 0x88, 0x24, 0xD2, 0x7F, 0x2B, 0xAD, 0xF4, 0x9E, 0x48, 0x2A, 0xFD, 0x07, 0x00, 0x08, 0x21,
    0xDF, 0x13, 0x4B, 0xEC, 0xF7, 0x84, 0x10, 0x4A, 0xFC, 0x07, 0x00, 0x10, 0x41, 0xC4, 0x7F, 0x45,
    0x14, 0xF1, 0x1F, 0x45, 0x14, 0xFD, 0x07, 0x00, 0x90, 0x47, 0xD2, 0x7F, 0x25, 0x95, 0xF4, 0x1F,
    0x49, 0x24, 0xFD, 0x07, 0x00, 0x08, 0xA1, 0xDF, 0x43, 0x2B, 0xAC, 0xF6, 0x86, 0x08, 0x2A, 0xBD,
    0x07, 0x00, 0xFC, 0x27, 0x91, 0x1F, 0x91, 0xFD, 0x23, 0x89, 0x3F, 0x10, 0xFD, 0x07, 0x00, 0xD0,
    0x47, 0xD1, 0x77, 0x55, 0x55, 0xF5, 0x15, 0x75, 0x14, 0xFD, 0x07, 0x00, 0x10, 0x41, 0xDF, 0x13,
    0xF5, 0x15, 0xF1, 0x1F, 0x11, 0x54, 0xFC, 0x07, 0x00, 0x90, 0x42, 0xDE, 0x27, 0x95, 0xD4, 0xF7,
    0x09, 0x31, 0xB4, 0x7D, 0x02, 0x00, 0x10, 0x41, 0xDF, 0x2B, 0x15, 0x55, 0xF0, 0x09, 0x29, 0x64,
    0x7C, 0x06, 0x00, 0x90, 0x43, 0xD0, 0x07, 0xF5, 0x55, 0xF0, 0x1F, 0x49, 0x24, 0xFD, 0x07, 0x00,
    0xF0, 0x47, 0xC2, 0x47, 0xF5, 0x55, 0xF1, 0x1F, 0x11, 0x54, 0xFC, 0x07, 0x00, 0xD0, 0x43, 0xC8,
    0x7F, 0x55, 0xD5, 0xF7, 0x15, 0x7D, 0x54, 0x7D, 0x05, 0x00, 0x90, 0x43, 0xC8, 0x47, 0xF5, 0x55,
    0xF4, 0x11, 0x7D, 0xA4, 0x7C, 0x06, 0x00, 0x90, 0xC3, 0xD5, 0x15, 0xFD, 0x55, 0x71, 0x15, 0x2F,
    0x94, 0x6C, 0x05, 0x00, 0xFC, 0x97, 0xD2, 0x7F, 0x04, 0xF8, 0xB7, 0x92, 0x4F, 0x48, 0xFD, 0x03,
    0x00, 0x88, 0xA7, 0xD1, 0x2B, 0xEB, 0x6D, 0xF2, 0x9E, 0x20, 0xFA, 0x3D, 0x02, 0x00, 0xFC, 0x17,
    0xC0, 0x7F, 0x45, 0xF8, 0x27, 0x89, 0x3F, 0x10, 0xFD, 0x07, 0x00, 0x90, 0xF7, 0x02, 0x79, 0x97,
    0xF0, 0x23, 0x89, 0x3F, 0x10, 0xFD, 0x07, 0x00, 0x90, 0x47, 0xD2, 0x7F, 0x15, 0xD4, 0xF7, 0x14,
    0x7D, 0xA4, 0x7C, 0x04, 0x00, 0x68, 0x24, 0xCF, 0x15, 0xED, 0x55, 0x71, 0x85, 0x7C, 0x12, 0xBC,
    0x07, 0x00, 0x28, 0xA0, 0xDF, 0x55, 0x55, 0xF5, 0x75, 0x95, 0x54, 0x6A, 0x3D, 0x07, 0x00, 0x40,
    0xF0, 0x5F, 0x44, 0xAA, 0xF4, 0x25, 0x89, 0x3F, 0x10, 0xFD, 0x07, 0x00, 0xC8, 0x27, 0xC8, 0x13,
    0xFB, 0x2D, 0xF1, 0x9F, 0x54, 0x5A, 0xFD, 0x07, 0x00, 0x50, 0x47, 0xC5, 0x1F, 0xD5, 0x55, 0xF5,
    0x15, 0x5D, 0x54, 0x7D, 0x04, 0x00, 0xD0, 0x47, 0xD1, 0x7F, 0x15, 0xD5, 0xF7, 0x01, 0x7D, 0x54,
    0xBD, 0x06, 0x00, 0x10, 0x41, 0xDF, 0x13, 0xF5, 0x15, 0xF1, 0x1F, 0x45, 0xF4, 0x7D, 0x04, 0x00,
    0x10, 0xC1, 0xDF, 0x41, 0xDD, 0x55, 0xF5, 0x1D, 0x15, 0x54, 0x3D, 0x07, 0x00, 0x10, 0x45, 0xDB,
    0x4B, 0x75, 0x95, 0xF6, 0x12, 0x6D, 0x64, 0xFD, 0x04, 0x00, 0x38, 0x11, 0xC5, 0x7F, 0x51, 0x7D,
    0x15, 0xDF, 0x17, 0x49, 0xDD, 0x07, 0x00, 0x90, 0x40, 0xDF, 0x5F, 0x15, 0xD5, 0xF7, 0x04, 0x7D,
    0x4C, 0xDC, 0x07, 0x00, 0xD0, 0x47, 0xC0, 0x7F, 0x15, 0xD5, 0xF7, 0x15, 0x7D, 0x54, 0x7D, 0x05,
    0x00, 0xD0, 0x47, 0xC0, 0x7F, 0x15, 0xD5, 0xF7, 0x15, 0x7D, 0x54, 0xFD, 0x07, 0x00, 0xE8, 0xA7,
    0xD2, 0x6B, 0x3B, 0x2C, 0xF7, 0x93, 0x52, 0xDA, 0xBC, 0x04, 0x00, 0xFC, 0x83, 0xC8, 0x2F, 0x04,
    0xFD, 0x57, 0xD5, 0x3F, 0x44, 0xFD, 0x07, 0x00, 0x50, 0xC7, 0xD7, 0x75, 0x55, 0xF5, 0x75, 0x1C,
    0x51, 0x7C, 0x9D, 0x04, 0x00, 0x50, 0x45, 0xDF, 0x57, 0xD5, 0x55, 0xF0, 0x1F, 0x19, 0x54, 0x3D,
    0x05, 0x00, 0xD0, 0x43, 0xC9, 0x37, 0x55, 0xD4, 0xF7, 0x15, 0x55, 0x74, 0x7D, 0x06, 0x00, 0x48,
    0xA7, 0xD7, 0x53, 0xFB, 0x2C, 0xF5, 0x97, 0x52, 0xEA, 0x7C, 0x01, 0x00, 0x88, 0xA0, 0xDF, 0x25,
    0x93, 0xEC, 0x77, 0x92, 0x7E, 0x12, 0x3D, 0x03, 0x00, 0x7C, 0x01, 0xC4, 0x7F, 0x51, 0x7D, 0x55,
    0xDF, 0x16, 0x55, 0xD5, 0x07, 0x00, 0xD0, 0x47, 0xC5, 0x7F, 0x55, 0x54, 0xF1, 0x1F, 0x41, 0x54,
    0xBD, 0x06, 0x00, 0xF0, 0x47, 0xD0, 0x7D, 0x15, 0xD5, 0x77, 0x11, 0x7F, 0xA4, 0x7C, 0x04, 0x00,
    0x54, 0x55, 0x95, 0x2A, 0xFF, 0x55, 0x55, 0x15, 0x1F, 0x10, 0xFD, 0x07, 0x00, 0x20, 0xF1, 0x1F,
    0x4A, 0x9F, 0xD0, 0x57, 0x89, 0x3F, 0x10, 0xFD, 0x07, 0x00, 0x50, 0xC5, 0xDF, 0x45, 0xF5, 0x14,
    0xF1, 0x1F, 0x11, 0x54, 0xFC, 0x07, 0x00, 0xD0, 0x47, 0xD5, 0x7F, 0x55, 0xD5, 0xF7, 0x0A, 0x7D,
    0x54, 0x7C, 0x05, 0x00, 0x10, 0x41, 0xDF, 0x57, 0xF5, 0x54, 0xF5, 0x1F, 0x45, 0xE4, 0x7C, 0x04,
    0x00, 0x10, 0x41, 0xDF, 0x2B, 0x55, 0x95, 0xF2, 0x15, 0x11, 0xF4, 0x7D, 0x01, 0x00, 0xF0, 0x47,
    0xCA, 0x7F, 0x15, 0xD5, 0x77, 0x11, 0x7F, 0xA4, 0x7C, 0x04, 0x00, 0xE8, 0xA7, 0xD4, 0x7F, 0x4D,
    0xF5, 0xF5, 0x9C, 0x5E, 0x8A, 0xFD, 0x07, 0x00, 0xD0, 0x47, 0xD5, 0x13, 0xF5, 0x15, 0xF3, 0x16,
    0x15, 0x14, 0xFD, 0x05, 0x00, 0x10, 0x41, 0xDF, 0x27, 0xF5, 0x55, 0xF4, 0x1F, 0x45, 0xFC, 0x1D,
    0x01, 0x00, 0x90, 0xC2, 0xDF, 0x11, 0xFD, 0x95, 0x72, 0x11, 0x2B, 0xF4, 0x7D, 0x02, 0x00, 0xD0,
    0x47, 0xD5, 0x57, 0xF5, 0x55, 0xF5, 0x1F, 0x55, 0xF4, 0x3D, 0x01, 0x00, 0x10, 0xC1, 0xDF, 0x25,
    0xFD, 0x55, 0xF2, 0x1F, 0x19, 0x54, 0x3D, 0x07, 0x00, 0xF8, 0x23, 0x89, 0x3F, 0x10, 0xFD, 0x57,
    0xD5, 0x3F, 0x44, 0xBD, 0x07, 0x00, 0xB8, 0x97, 0xD4, 0x7F, 0x55, 0xFC, 0x27, 0x89, 0x3F, 0x10,
    0xFD, 0x07, 0x00, 0x90, 0x42, 0xDF, 0x13, 0xFD, 0x55, 0xF5, 0x1F, 0x55, 0xBC, 0x4C, 0x05, 0x00,
    0xD0, 0x47, 0xD5, 0x7F, 0x55, 0xD4, 0xF7, 0x15, 0x7D, 0x54, 0x7C, 0x07, 0x00, 0xE8, 0xA2, 0xDE,
    0x4F, 0xAB, 0xED, 0x72, 0x89, 0x2E, 0x6A, 0xDD, 0x04, 0x00, 0x10, 0xC1, 0xDF, 0x25, 0xFD, 0x35,
    0x74, 0x1F, 0x2B, 0x54, 0xBD, 0x05, 0x00, 0xD0, 0x47, 0xC4, 0x7F, 0x55, 0x55, 0xF7, 0x04, 0x7D,
    0x54, 0x7D, 0x05, 0x00, 0x50, 0xC5, 0xCA, 0x7F, 0x55, 0xF5, 0x77, 0x0A, 0x3B, 0xB4, 0xBD, 0x05,
    0x00, 0xF0, 0x23, 0xC4, 0x7F, 0x92, 0xFC, 0x57, 0xD5, 0x3F, 0x44, 0xFD, 0x07, 0x00, 0xFC, 0x87,
    0xC0, 0x7F, 0x44, 0xFC, 0x57, 0xD5, 0x3F, 0x44, 0xFD, 0x07, 0x00, 0xD0, 0x47, 0xC9, 0x7F, 0x55,
    0xD5, 0xF7, 0x05, 0x7D, 0x44, 0xBD, 0x05, 0x00, 0xF8, 0x23, 0x89, 0x3F, 0x54, 0xFD, 0x57, 0xD5,
    0x7F, 0xAA, 0xFC, 0x07, 0x00, 0xBC, 0x57, 0xCA, 0x7F, 0xAA, 0xFC, 0x57, 0xD5, 0x3F, 0x44, 0xFD,
    0x07, 0x00, 0xFC, 0x47, 0xC4, 0x7F, 0x49, 0xF9, 0x53, 0xD5, 0x3F, 0x44, 0xFD, 0x07, 0x00, 0xE8,
    0x52, 0x94, 0x2E, 0xAB, 0xF9, 0x53, 0xD5, 0x3F, 0x44, 0xFD, 0x07, 0x00, 0x40, 0x80, 0x80, 0x3F,
    0xAA, 0xA8, 0xA2, 0x8A, 0x2A, 0xAA, 0xFC, 0x07, 0x00, 0xC8, 0x17, 0x00, 0x01, 0xFA, 0x0D, 0x22,
    0x88, 0x20, 0x82, 0x88, 0x03, 0x00, 0x28, 0x17, 0x01, 0x00, 0xC8, 0x49, 0x34, 0x90, 0x48, 0x12,
    0x29, 0x06, 0x00, 0x48, 0x17, 0x01, 0x0F, 0xD0, 0x49, 0xB4, 0x95, 0x55, 0x12, 0x49, 0x06, 0x00,
    0x48, 0x96, 0x03, 0x04, 0xBA, 0x0D, 0x24, 0x91, 0x4E, 0x12, 0xE9, 0x06, 0x00, 0xE8, 0x16, 0x01,
    0x1F, 0xC8, 0xF9, 0x15, 0x50, 0x5F, 0x45, 0xF5, 0x07, 0x00, 0x48, 0xD6, 0x07, 0x14, 0xFC, 0x29,
    0xB5, 0x97, 0x44, 0x7E, 0x49, 0x06, 0x00, 0xE8, 0x16, 0x01, 0x1F, 0xD4, 0xF9, 0x55, 0x55, 0x5F,
    0x11, 0xF5, 0x06, 0x00, 0xE8, 0x56, 0x01, 0x1F, 0xD6, 0xF5, 0x55, 0x55, 0x5F, 0x29, 0x15, 0x07,
    0x00, 0xF8, 0x57, 0x05, 0x1F, 0xD4, 0xF9, 0x95, 0x52, 0x5F, 0x27, 0xF5, 0x07, 0x00, 0x40, 0xF0,
    0x1F, 0x02, 0x24, 0x98, 0x54, 0x0A, 0x11, 0x84, 0x78, 0x04, 0x00, 0x40, 0xF0, 0x1F, 0x04, 0xFE,
    0x40, 0xF0, 0x1F, 0x25, 0x63, 0x38, 0x06, 0x00, 0x08, 0x26, 0xC6, 0x03, 0x88, 0x91, 0xA1, 0xC0,
    0x01, 0x8A, 0x89, 0x01, 0x00, 0x40, 0xF0, 0x1F, 0x11, 0xFF, 0x11, 0xC1, 0x97, 0x24, 0x63, 0x38,
    0x06, 0x00, 0x40, 0xF0, 0x9F, 0x24, 0x92, 0xF8, 0x43, 0xD1, 0x28, 0x42, 0x38, 0x06, 0x00, 0x40,
    0xF0, 0x1F, 0x04, 0xFF, 0x09, 0xE2, 0x0F, 0x65, 0x63, 0x38, 0x06, 0x00, 0x08, 0x21, 0xDF, 0x51,
    0x44, 0xF1, 0x27, 0xC4, 0x12, 0xA6, 0x68, 0x04, 0x00, 0x88, 0xF7, 0x92, 0x4A, 0xE9, 0x41, 0xF0,
    0x1F, 0x25, 0x63, 0x38, 0x06, 0x00, 0x90, 0xA4, 0xDF, 0x10, 0x42, 0x48, 0xF2, 0x1F, 0x25, 0x63,
    0x38, 0x06, 0x00, 0x48, 0x20, 0xDF, 0x43, 0x78, 0x51, 0x25, 0xD7, 0x05, 0x1A, 0xC9, 0x07, 0x00,
    0xC8, 0x27, 0xD1, 0x47, 0xF8, 0x51, 0x24, 0xD1, 0x7D, 0x0A, 0xC8, 0x07, 0x00, 0x08, 0x21, 0xC4,
    0x7F, 0x48, 0x31, 0xA5, 0xDF, 0x52, 0x4E, 0xE9, 0x07, 0x00, 0x40, 0xF0, 0x1F, 0x11, 0xFE, 0x0C,
    0xE6, 0x0F, 0x65, 0x63, 0x38, 0x06, 0x00, 0x08, 0xA1, 0xDF, 0x53, 0x48, 0xF0, 0xA7, 0xD2, 0x4A,
    0xC2, 0xE8, 0x04, 0x00, 0x88, 0x22, 0xDA, 0x7D, 0x9C, 0x50, 0x22, 0xC9, 0x55, 0x5A, 0xC9, 0x04,
    0x00, 0x90, 0xF2, 0x12, 0x09, 0xFF, 0x11, 0xF1, 0x95, 0x22, 0x53, 0x99, 0x04, 0x00, 0x7C, 0x45,
    0x94, 0x57, 0x55, 0x21, 0xF4, 0x1F, 0x25, 0x63, 0x38, 0x06, 0x00, 0x20, 0xE0, 0x8F, 0x20, 0xFE,
    0x21, 0xF4, 0x17, 0x29, 0x46, 0x74, 0x06, 0x00, 0x40, 0xF0, 0x1F, 0x2A, 0x47, 0x50, 0xF2, 0x5F,
    0x4B, 0xEB, 0xE5, 0x04, 0x00, 0x88, 0x22, 0xD1, 0x03, 0xC8, 0x90, 0xA4, 0xC1, 0x7C, 0x16, 0xC9,
    0x07, 0x00, 0x40, 0xF2, 0x9F, 0x24, 0x54, 0x48, 0xF2, 0x1F, 0x25, 0x63, 0x38, 0x06, 0x00, 0xC8,
    0x27, 0xD4, 0x7F, 0x48, 0xD1, 0x27, 0xC2, 0x7D, 0x1A, 0xC9, 0x07, 0x00, 0x08, 0xA5, 0xDF, 0x11,
    0xFC, 0x31, 0xA5, 0xDF, 0x52, 0xFE, 0x29, 0x05, 0x00, 0x14, 0xF1, 0x1F, 0x11, 0xF7, 0x15, 0xF0,
    0x1F, 0x25, 0x63, 0x38, 0x06, 0x00, 0x84, 0xA0, 0x0A, 0x4A, 0xB1, 0x08, 0xF1, 0x1F, 0x25, 0x63,
    0x38, 0x06, 0x00, 0xE8, 0xA7, 0xD4, 0x7F, 0x48, 0xF1, 0x27, 0xC4, 0x7E, 0x46, 0xE8, 0x07, 0x00,
    0x88, 0xA0, 0xDF, 0x53, 0xF8, 0x31, 0xA5, 0xDF, 0x25, 0xFA, 0x09, 0x02, 0x00, 0x50, 0xF1, 0x5F,
    0x51, 0x7C, 0x40, 0xF0, 0x1F, 0x25, 0x63, 0x38, 0x06, 0x00, 0xA0, 0xF0, 0x1E, 0x0A, 0xEF, 0x91,
    0xF0, 0x1F, 0x25, 0x63, 0x38, 0x06, 0x00, 0xE8, 0xA7, 0xD4, 0x7F, 0x48, 0xF1, 0x27, 0xC4, 0x7E,
    0x66, 0x48, 0x05, 0x00, 0x40, 0xF0, 0x9F, 0x24, 0xFE, 0x4C, 0xE6, 0x8F, 0x6A, 0x45, 0x78, 0x06,
    0x00, 0x14, 0xF5, 0x57, 0x51, 0x5F, 0x51, 0xF4, 0x1F, 0x25, 0x63, 0x38, 0x06, 0x00, 0x48, 0xA2,
    0xCB, 0x25, 0xFC, 0x48, 0xB6, 0x8B, 0x25, 0x92, 0xE8, 0x03, 0x00, 0x88, 0x20, 0xDF, 0x47, 0xF4,
    0x51, 0x24, 0xDF, 0x26, 0x66, 0x68, 0x06, 0x00, 0xE8, 0xA3, 0xC8, 0x3F, 0x88, 0xF0, 0x27, 0xD1,
    0x52, 0x3A, 0x09, 0x03, 0x00, 0x40, 0xF0, 0x9F, 0x24, 0xFB, 0x49, 0xA1, 0x14, 0x25, 0x63, 0x38,
    0x06, 0x00, 0xC8, 0x27, 0xD1, 0x45, 0xF4, 0x31, 0xA1, 0xDF, 0x12, 0x6E, 0x69, 0x05, 0x00, 0x88,
    0xA4, 0xDF, 0x49, 0xA4, 0xF0, 0x27, 0xD1, 0x7E, 0x16, 0xC9, 0x07, 0x00, 0xE8, 0xA7, 0xC0, 0x7F,
    0xA8, 0xB0, 0x25, 0xC8, 0x7E, 0x96, 0x88, 0x02, 0x00, 0x28, 0x27, 0xD5, 0x73, 0x54, 0x11, 0xA7,
    0xC5, 0x75, 0x32, 0x38, 0x07, 0x00, 0xE8, 0xA7, 0xC4, 0x7F, 0x48, 0xF1, 0xA3, 0xC4, 0x7A, 0xAE,
    0x68, 0x06, 0x00, 0x08, 0xA1, 0xDF, 0x53, 0xFC, 0x31, 0xA5, 0xDF, 0x13, 0xFA, 0x19, 0x01, 0x00,
    0xE8, 0xA6, 0xD6, 0x6D, 0x2C, 0xD1, 0x27, 0xD1, 0x7D, 0x1A, 0xC9, 0x07, 0x00, 0x08, 0x21, 0xDF,
    0x57, 0xF4, 0x50, 0xA5, 0xDF, 0x44, 0xE6, 0x68, 0x04, 0x00, 0x40, 0xF0, 0x1F, 0x29, 0xBF, 0xA8,
    0x55, 0x11, 0x2B, 0x43, 0x78, 0x06, 0x00, 0x40, 0xF0, 0x9F, 0x2A, 0xEF, 0x11, 0xF1, 0x1F, 0x25,
    0x63, 0x38, 0x06, 0x00, 0x88, 0xA0, 0xDF, 0x6B, 0x58, 0xB1, 0x27, 0xD5, 0x7E, 0xA6, 0x68, 0x04,
    0x00, 0x48, 0xA2, 0xDF, 0x35, 0x9C, 0xD1, 0x23, 0xC0, 0x7E, 0x52, 0x28, 0x05, 0x00, 0x28, 0xA5,
    0xDF, 0x25, 0x94, 0xF0, 0xA7, 0xD4, 0x7F, 0x4A, 0xE9, 0x07, 0x00, 0xE8, 0xA3, 0xDA, 0x1F, 0xC8,
    0x31, 0xA1, 0xDF, 0x54, 0x56, 0xE9, 0x07, 0x00, 0x88, 0xA2, 0xDF, 0x29, 0xFC, 0x51, 0xA5, 0xDF,
    0x4A, 0xCE, 0xC8, 0x04, 0x00, 0x48, 0xA7, 0xD7, 0x75, 0x54, 0xF1, 0x25, 0xDD, 0x2F, 0xDA, 0xD8,
    0x06, 0x00, 0x10, 0xF1, 0x9D, 0x14, 0xFF, 0x49, 0xF4, 0x1F, 0x25, 0x63, 0x38, 0x06, 0x00, 0xFC,
    0x87, 0xC2, 0x7F, 0x29, 0xA5, 0x54, 0xDE, 0x40, 0x01, 0xFD, 0x07, 0x00, 0xFC, 0x87, 0x82, 0x3F,
    0xAA, 0xF8, 0x83, 0xC0, 0x7F, 0x48, 0xD8, 0x03, 0x00, 0xFC, 0x87, 0xC2, 0x7F, 0x29, 0xA1, 0xE0,
    0x8F, 0x20, 0xFF, 0x41, 0x00, 0x00, 0xFC, 0x87, 0x82, 0x3F, 0xAA, 0xFC, 0x47, 0x91, 0x7C, 0xCB,
    0xC8, 0x04, 0x00, 0xF8, 0x23, 0x88, 0x3F, 0x82, 0xF8, 0x83, 0x02, 0x4A, 0x24, 0x8D, 0x07, 0x00,
    0xC8, 0x27, 0xD1, 0x7F, 0x12, 0x7D, 0x24, 0x9F, 0x28, 0x95, 0x24, 0x06, 0x00, 0xF8, 0x27, 0x49,
    0x5F, 0x45, 0xF0, 0x41, 0x04, 0x5F, 0x28, 0x9D, 0x07, 0x00, 0xC8, 0x27, 0xD1, 0x7D, 0x14, 0x51,
    0x24, 0xDF, 0x28, 0x96, 0x28, 0x06, 0x00, 0xFC, 0x27, 0x51, 0x7F, 0x10, 0x5D, 0x54, 0xDF, 0x33,
    0xB5, 0x54, 0x06, 0x00, 0x90, 0xF7, 0x93, 0x7A, 0x2A, 0xFD, 0x44, 0xDE, 0x37, 0xA6, 0x54, 0x06,
    0x00, 0xD4, 0x57, 0xD1, 0x7F, 0x10, 0x7D, 0x14, 0xDF, 0x33, 0xAA, 0x7C, 0x06, 0x00, 0xFC, 0x27,
    0xD1, 0x7F, 0x15, 0x7D, 0x44, 0xDF, 0x37, 0xA4, 0x7C, 0x06, 0x00, 0x58, 0xA3, 0xCA, 0x7F, 0x45,
    0xF1, 0x41, 0x04, 0x5F, 0x28, 0x9D, 0x07, 0x00, 0xBC, 0x50, 0xDE, 0x07, 0xF5, 0x7D, 0x25, 0x88,
    0x3F, 0x28, 0x9D, 0x07, 0x00, 0xFC, 0xA7, 0xD2, 0x7F, 0x25, 0xFD, 0xA4, 0xDE, 0x2F, 0xA9, 0x7C,
    0x06, 0x00, 0xF0, 0x23, 0xC4, 0x7F, 0x12, 0xF9, 0x27, 0x91, 0x7F, 0x01, 0x05, 0x06, 0x00, 0xB8,
    0x97, 0xD4, 0x57, 0xB5, 0x7D, 0x52, 0xDF, 0x27, 0xF1, 0x65, 0x02, 0x00, 0xB8, 0x90, 0xDE, 0x27,
    0xF5, 0x7C, 0x52, 0xDF, 0x57, 0x29, 0x45, 0x03, 0x00, 0xD8, 0x17, 0xD5, 0x7F, 0x25, 0xFC, 0x57,
    0xD5, 0x5F, 0x51, 0xE5, 0x06, 0x00, 0xF8, 0x03, 0xC0, 0x7F, 0x00, 0xF8, 0x03, 0x80, 0x3F, 0x82,
    0xF8, 0x03, 0x00, 0xDC, 0x07, 0xC8, 0x21, 0x80, 0x1C, 0x02, 0xC8, 0x21, 0x85, 0x9C, 0x03, 0x00,
    0x3C, 0x01, 0xC4, 0x13, 0xC0, 0x3C, 0x05, 0xC4, 0x13, 0x49, 0x3C, 0x01, 0x00, 0x3C, 0x01, 0xC4,
    0x13, 0xF0, 0x3D, 0x01, 0xC4, 0x13, 0x49, 0x3C, 0x01, 0x00, 0xDC, 0x03, 0xCA, 0x29, 0xF8, 0x9C,
    0x02, 0xCA, 0x29, 0x95, 0x5C, 0x06, 0x00, 0xDC, 0x07, 0xC4, 0x11, 0x40, 0x1C, 0x01, 0xC4, 0x11,
    0x45, 0xDC, 0x07, 0x00, 0x1C, 0x02, 0xC8, 0x7F, 0x80, 0x5C, 0x02, 0xCA, 0x21, 0x85, 0x1C, 0x03,
    0x00, 0xDC, 0x07, 0xC4, 0x11, 0x40, 0xDC, 0x07, 0xC4, 0x11, 0x45, 0x1C, 0x01, 0x00, 0x5C, 0x04,
    0xD5, 0x55, 0x50, 0x5D, 0x05, 0xD5, 0x55, 0x15, 0x3D, 0x04, 0x00, 0x1C, 0x01, 0xC4, 0x55, 0x50,
    0x5D, 0x05, 0xD5, 0x55, 0x55, 0xDD, 0x07, 0x00, 0x5C, 0x00, 0xDF, 0x03, 0xF0, 0x1D, 0x02, 0xC4,
    0x49, 0x15, 0xDD, 0x07, 0x00, 0x1C, 0x86, 0xC7, 0x09, 0x20, 0x9C, 0x87, 0xC3, 0x09, 0x25, 0x9D,
    0x07, 0x00, 0xDC, 0x07, 0xD0, 0x41, 0xF0, 0x5D, 0x00, 0xC1, 0x45, 0x15, 0xDD, 0x07, 0x00, 0x5C,
    0x01, 0xC5, 0x55, 0xD8, 0x5C, 0x01, 0xC5, 0x55, 0x55, 0x5D, 0x07, 0x00, 0xDC, 0x07, 0xC8, 0x25,
    0x90, 0xFC, 0x07, 0xCA, 0x25, 0x8D, 0x1C, 0x03, 0x00, 0x9C, 0x03, 0xC8, 0x45, 0x10, 0x3D, 0x01,
    0xC4, 0x49, 0x25, 0xDD, 0x07, 0x00, 0x1C, 0x01, 0xDF, 0x51, 0x40, 0xDD, 0x07, 0xC4, 0x11, 0xA5,
    0x7C, 0x04, 0x00, 0x1C, 0x01, 0xDF, 0x55, 0x50, 0x5D, 0x05, 0xDB, 0x45, 0x15, 0x5D, 0x06, 0x00,
    0x1C, 0x81, 0xDF, 0x09, 0x20, 0x9C, 0x07, 0xD2, 0x45, 0x15, 0x1D, 0x03, 0x00, 0xDC, 0x03, 0xC9,
    0x25, 0x90, 0x1D, 0x80, 0xCF, 0x25, 0x65, 0x7C, 0x06, 0x00, 0x4C, 0x00, 0xDF, 0x12, 0x40, 0xEC,
    0x07, 0xC4, 0x11, 0x45, 0x1C, 0x01, 0x00, 0x1C, 0x06, 0xC7, 0x05, 0xF0, 0x5D, 0x02, 0xCD, 0x65,
    0x8D, 0x1C, 0x02, 0x00, 0x9C, 0x03, 0xD1, 0x33, 0x30, 0x1C, 0x03, 0xC3, 0x41, 0xC5, 0xDC, 0x00,
    0x00, 0x9C, 0x00, 0xC4, 0x7F, 0x40, 0x1C, 0x01, 0xDF, 0x11, 0x45, 0xFC, 0x07, 0x00, 0xDC, 0x07,
    0xC4, 0x11, 0x50, 0x5C, 0x07, 0xC5, 0x15, 0x55, 0xFC, 0x07, 0x00, 0x1C, 0x01, 0xC4, 0x7D, 0x40,
    0x1C, 0x01, 0xDF, 0x45, 0x15, 0xDD, 0x07, 0x00, 0xDC, 0x07, 0xC9, 0x25, 0xF0, 0x5D, 0x02, 0xD1,
    0x4D, 0x05, 0xDC, 0x07, 0x00, 0x5C, 0x00, 0xDF, 0x0B, 0xE0, 0x9D, 0x00, 0xC2, 0x79, 0x25, 0x9C,
    0x00, 0x00, 0xDC, 0x07, 0xD4, 0x49, 0x90, 0x1D, 0x00, 0xDF, 0x45, 0x15, 0xDD, 0x07, 0x00, 0xDC,
    0x07, 0xC4, 0x55, 0xD0, 0x1C, 0x01, 0xC4, 0x7D, 0x45, 0x1C, 0x01, 0x00, 0x9C, 0x07, 0xD2, 0x79,
    0x20, 0x9D, 0x04, 0xDE, 0x49, 0x25, 0xDD, 0x07, 0x00, 0xDC, 0x07, 0xD0, 0x5D, 0x00, 0xDD, 0x05,
    0xD5, 0x55, 0x75, 0x1D, 0x06, 0x00, 0x9C, 0x03, 0xC0, 0x1D, 0x40, 0x7D, 0x03, 0xC5, 0x35, 0x4D,
    0x9D, 0x01, 0x00, 0x5C, 0x00, 0xDF, 0x43, 0x78, 0x5D, 0x05, 0xD7, 0x55, 0x75, 0x1D, 0x03, 0x00,
    0x5C, 0x06, 0xC7, 0x45, 0xF0, 0x5D, 0x04, 0xDF, 0x45, 0x15, 0xDD, 0x07, 0x00, 0x1C, 0x85, 0xDF,
    0x11, 0x40, 0xFC, 0x03, 0xC9, 0x25, 0x7D, 0x1D, 0x04, 0x00, 0x1C, 0x01, 0xDF, 0x11, 0xF0, 0x1D,
    0x04, 0xDF, 0x41, 0x15, 0x9D, 0x06, 0x00, 0x9C, 0x80, 0xDF, 0x43, 0xF8, 0x9C, 0x00, 0xDE, 0x0F,
    0x25, 0x9D, 0x07, 0x00, 0x1C, 0x06, 0xC7, 0x05, 0xF0, 0x5D, 0x80, 0xDE, 0x4B, 0x25, 0x9D, 0x07,
    0x00, 0x9C, 0x03, 0xC9, 0x7F, 0x10, 0xDC, 0x87, 0xD2, 0x6B, 0x25, 0x9C, 0x07, 0x00, 0x9C, 0x03,
    0xD1, 0x03, 0xF0, 0x1D, 0x01, 0xDF, 0x11, 0x45, 0xDC, 0x07, 0x00, 0x1C, 0x01, 0xDF, 0x11, 0xF0,
    0x1D, 0x00, 0xDF, 0x45, 0x15, 0xDD, 0x07, 0x00, 0x1C, 0x06, 0xC7, 0x11, 0xF0, 0x1D, 0x01, 0xDF,
    0x45, 0x15, 0xDD, 0x07, 0x00, 0x1C, 0x81, 0xDF, 0x49, 0x90, 0x5C, 0x01, 0xD2, 0x25, 0x65, 0x7C,
    0x06, 0x00, 0x9C, 0x04, 0xCA, 0x7F, 0x40, 0xDC, 0x07, 0xC4, 0x11, 0xFD, 0x1D, 0x01, 0x00, 0xF0,
    0x31, 0x84, 0x7F, 0xAA, 0xD8, 0x25, 0x80, 0x3E, 0x8A, 0xE4, 0x03, 0x00, 0x9C, 0x80, 0xDF, 0x05,
    0x90, 0xDC, 0x86, 0xCA, 0x21, 0x45, 0xDD, 0x04, 0x00, 0x5C, 0x01, 0xDF, 0x15, 0x40, 0xDC, 0x07,
    0xC4, 0x39, 0x55, 0x3D, 0x01, 0x00, 0x1C, 0x81, 0xDF, 0x29, 0x10, 0xDD, 0x07, 0xC2, 0x7D, 0x15,
    0x1D, 0x03, 0x00, 0x1C, 0x81, 0xDF, 0x11, 0x40, 0xDC, 0x07, 0xC0, 0x2D, 0x2D, 0x9D, 0x03, 0x00,
    0xDC, 0x07, 0xD4, 0x55, 0x20, 0x5D, 0x03, 0xC0, 0x11, 0x15, 0xDD, 0x05, 0x00, 0x9C, 0x87, 0xCA,
    0x25, 0xA8, 0x9C, 0x07, 0xCB, 0x2B, 0xA5, 0x7C, 0x07, 0x00, 0x90, 0xF7, 0x02, 0x79, 0x97, 0xF0,
    0x03, 0xC0, 0x7F, 0x44, 0xF0, 0x01, 0x00, 0x7C, 0x06, 0xC7, 0x15, 0xC8, 0x5D, 0x01, 0xC5, 0x7D,
    0x1D, 0x9C, 0x07, 0x00, 0xDC, 0x07, 0xC4, 0x7F, 0xD0, 0x3C, 0x05, 0xCF, 0x69, 0x15, 0x3D, 0x03,
    0x00, 0xD8, 0x07, 0xC4, 0x3D, 0xA0, 0xDC, 0x07, 0xC0, 0x7D, 0x15, 0xDD, 0x07, 0x00, 0x1C, 0x85,
    0xDF, 0x13, 0x48, 0xFD, 0x85, 0xCA, 0x2B, 0x35, 0x1D, 0x04, 0x00, 0x1C, 0x85, 0xDF, 0x11, 0x50,
    0xFD, 0x05, 0xC9, 0x25, 0x45, 0xDD, 0x04, 0x00, 0xDC, 0x07, 0xC4, 0x55, 0x50, 0x5D, 0x85, 0xCE,
    0x11, 0x45, 0xDC, 0x07, 0x00, 0x1C, 0x07, 0xD5, 0x75, 0x10, 0xDC, 0x07, 0xD4, 0x7F, 0xA5, 0x5C,
    0x04, 0x00, 0x5C, 0x01, 0xDF, 0x13, 0xF0, 0x1D, 0x01, 0xDF, 0x45, 0x15, 0xDD, 0x07, 0x00, 0xDC,
    0x03, 0xC8, 0x7D, 0x50, 0xDD, 0x07, 0xD5, 0x7D, 0x55, 0x5D, 0x05, 0x00, 0x5C, 0x00, 0xDF, 0x03,
    0xF0, 0x5D, 0x85, 0xDF, 0x55, 0xF5, 0x1D, 0x02, 0x00, 0x9C, 0x02, 0xD1, 0x01, 0xF0, 0x5D, 0x04,
    0xDF, 0x29, 0xA5, 0x5C, 0x06, 0x00, 0x9C, 0x02, 0xDF, 0x25, 0xF8, 0x5D, 0x02, 0xDF, 0x25, 0x95,
    0xDC, 0x07, 0x00, 0xDC, 0x07, 0xD5, 0x7D, 0x50, 0xDD, 0x07, 0xC4, 0x7F, 0x65, 0x5C, 0x05, 0x00,
    0x1C, 0x81, 0xDF, 0x43, 0xF0, 0x5C, 0x02, 0xCF, 0x25, 0x95, 0xFC, 0x07, 0x00, 0xEC, 0x87, 0xD2,
    0x7E, 0x28, 0xED, 0x87, 0xD0, 0x5D, 0x55, 0xDD, 0x05, 0x00, 0x9C, 0x07, 0xD2, 0x25, 0x48, 0xDC,
    0x06, 0xD1, 0x6D, 0x15, 0xDD, 0x07, 0x00, 0x1C, 0x81, 0xDF, 0x45, 0xF0, 0x1D, 0x02, 0xC4, 0x7F,
    0x45, 0x9C, 0x01, 0x00, 0x5C, 0x05, 0xD5, 0x29, 0x18, 0x1D, 0x01, 0xD5, 0x55, 0xA5, 0x7C, 0x04,
    0x00, 0xDC, 0x07, 0xC4, 0x7D, 0x50, 0x3D, 0x01, 0xDF, 0x49, 0xE5, 0x7C, 0x04, 0x00, 0x1C, 0x81,
    0xDF, 0x11, 0xF0, 0x1D, 0x81, 0xDF, 0x45, 0xF5, 0x5D, 0x04, 0x00, 0xDC, 0x07, 0xC9, 0x4B, 0x40,
    0xFC, 0x07, 0xD4, 0x7D, 0x45, 0x9C, 0x01, 0x00, 0x1C, 0x81, 0xDF, 0x01, 0xF0, 0x5D, 0x04, 0xDF,
    0x11, 0x55, 0xBD, 0x05, 0x00, 0xDC, 0x83, 0xD0, 0x7D, 0x00, 0xFC, 0x07, 0xD5, 0x7F, 0x55, 0x5D,
    0x05, 0x00, 0x5C, 0x85, 0xDF, 0x55, 0xD0, 0x5D, 0x80, 0xDF, 0x19, 0x55, 0x3D, 0x05, 0x00, 0x1C,
    0x81, 0xDF, 0x25, 0x90, 0xFC, 0x87, 0xD4, 0x7D, 0x55, 0x5D, 0x05, 0x00, 0x5C, 0x02, 0xDB, 0x25,
    0x90, 0xDC, 0x07, 0xD1, 0x7D, 0x15, 0xDD, 0x07, 0x00, 0x1C, 0x81, 0xDF, 0x53, 0xD8, 0x3D, 0x85,
    0xDF, 0x19, 0x55, 0x3D, 0x05, 0x00, 0x9C, 0x03, 0xD1, 0x7B, 0x00, 0xDC, 0x05, 0xD5, 0x5D, 0x55,
    0x5D, 0x05, 0x00, 0x9C, 0x80, 0xDE, 0x55, 0x48, 0x9C, 0x02, 0xD1, 0x7D, 0x15, 0xDD, 0x07, 0x00,
    0x1C, 0x81, 0xDF, 0x49, 0xF8, 0x5D, 0x82, 0xDF, 0x13, 0xFD, 0x1D, 0x01, 0x00, 0xEC, 0x87, 0xD0,
    0x7E, 0x28, 0xED, 0x87, 0xCA, 0x3F, 0x25, 0xFD, 0x07, 0x00, 0x9C, 0x04, 0xDF, 0x49, 0xA0, 0xFC,
    0x07, 0xD1, 0x7F, 0x15, 0xDD, 0x07, 0x00, 0x1C, 0x81, 0xDF, 0x29, 0xA0, 0xDC, 0x07, 0xC9, 0x1D,
    0x8D, 0x9D, 0x01, 0x00, 0x5C, 0x82, 0xDF, 0x11, 0xF8, 0x9D, 0x00, 0xDF, 0x47, 0x15, 0xDD, 0x07,
    0x00, 0x5C, 0x82, 0xDF, 0x25, 0xF0, 0x5C, 0x82, 0xDF, 0x19, 0x55, 0x3D, 0x05, 0x00, 0xDC, 0x03,
    0xC9, 0x3D, 0x90, 0xDC, 0x87, 0xD1, 0x55, 0x35, 0x1D, 0x03, 0x00, 0xFC, 0x87, 0xD4, 0x7F, 0x48,
    0xFD, 0x07, 0xD1, 0x7D, 0x15, 0x5D, 0x06, 0x00, 0x5C, 0xD5, 0xDF, 0x25, 0x4D, 0xD5, 0x77, 0x40,
    0x7F, 0x15, 0xD5, 0x07, 0x00, 0x9C, 0x82, 0xDF, 0x29, 0xF8, 0x5D, 0x00, 0xDE, 0x05, 0x55, 0x3D,
    0x05, 0x00, 0x5C, 0x05, 0xCD, 0x11, 0xF8, 0x1D, 0x81, 0xD5, 0x55, 0x15, 0xBC, 0x07, 0x00, 0x9C,
    0x80, 0xDF, 0x25, 0x90, 0xFC, 0x07, 0xD2, 0x7F, 0x15, 0x3D, 0x03, 0x00, 0x4C, 0xC2, 0xDF, 0x54,
    0xFC, 0x4D, 0xC5, 0xDF, 0x14, 0xDD, 0x5C, 0x05, 0x00, 0x9C, 0x82, 0xDF, 0x29, 0xF8, 0x5D, 0x05,
    0xDF, 0x55, 0xFD, 0x5D, 0x04, 0x00, 0x2C, 0xC4, 0xD3, 0x79, 0x3C, 0x9D, 0xC5, 0xDB, 0x49, 0x2D,
    0xDD, 0x06, 0x00, 0x9C, 0x87, 0xD3, 0x35, 0x78, 0x3C, 0x81, 0xDF, 0x11, 0x55, 0xDD, 0x07, 0x00,
    0xDC, 0x07, 0xCA, 0x7D, 0x10, 0xDD, 0x07, 0xD1, 0x7F, 0xA5, 0x5C, 0x04, 0x00, 0xDC, 0x86, 0xD6,
    0x6D, 0x68, 0x5D, 0x82, 0xD4, 0x0D, 0x85, 0xDD, 0x01, 0x00, 0xFC, 0x07, 0xCA, 0x7D, 0x50, 0xDD,
    0x07, 0xC4, 0x7D, 0x45, 0xDC, 0x07, 0x00, 0x9C, 0x82, 0xDF, 0x29, 0xF8, 0x5D, 0x85, 0xDF, 0x55,
    0xFD, 0x1D, 0x01, 0x00, 0xFC, 0x82, 0xDA, 0x3B, 0x10, 0xDD, 0x87, 0xD1, 0x7D, 0xA5, 0xFC, 0x07,
    0x00, 0xDC, 0x03, 0xC4, 0x7E, 0xA0, 0xFC, 0x47, 0xD5, 0x7F, 0x55, 0xDD, 0x05, 0x00, 0x5C, 0x83,
    0xD6, 0x35, 0x68, 0x1D, 0xC1, 0xDF, 0x55, 0xCD, 0xDC, 0x04, 0x00, 0x2C, 0xC5, 0xDF, 0x15, 0x54,
    0xFD, 0x45, 0xCA, 0x2F, 0x65, 0xFD, 0x04, 0x00, 0xEC, 0x07, 0xCA, 0x7E, 0x50, 0xED, 0x07, 0xC9,
    0x25, 0xFD, 0x1D, 0x01, 0x00, 0x5C, 0x82, 0xDF, 0x55, 0x40, 0xFC, 0x07, 0xD1, 0x7D, 0x15, 0xDD,
    0x07, 0x00, 0x94, 0xF0, 0x5F, 0x55, 0xD7, 0xF0, 0x05, 0xC0, 0x7F, 0x44, 0xF0, 0x01, 0x00, 0x3C,
    0x91, 0xDF, 0x2B, 0xF9, 0x3D, 0x11, 0xC1, 0x7F, 0x82, 0xF8, 0x03, 0x00, 0xFC, 0x07, 0xD5, 0x55,
    0xF8, 0x5D, 0x82, 0xDF, 0x11, 0xFD, 0x1D, 0x01, 0x00, 0x5C, 0x82, 0xDF, 0x11, 0xF0, 0x1D, 0x81,
    0xDF, 0x55, 0xBD, 0x5C, 0x05, 0x00, 0x2C, 0x01, 0xDF, 0x55, 0xF8, 0x8D, 0xC3, 0xD2, 0x7A, 0x15,
    0x9C, 0x07, 0x00, 0x9C, 0x82, 0xDF, 0x25, 0xF8, 0x5D, 0x02, 0xDF, 0x25, 0x65, 0x7C, 0x06, 0x00,
    0xEC, 0x16, 0xD2, 0x7F, 0x92, 0xF4, 0x05, 0x80, 0x3F, 0x82, 0xF8, 0x03, 0x00, 0x1C, 0x81, 0xDF,
    0x11, 0xF8, 0x5D, 0x85, 0xDF, 0x45, 0xF5, 0x3C, 0x04, 0x00, 0xE8, 0x52, 0x94, 0x2E, 0x45, 0xE9,
    0xC2, 0xDF, 0x21, 0x78, 0x1C, 0x06, 0x00, 0xDC, 0x83, 0xC8, 0x7D, 0x50, 0xBD, 0x82, 0xDF, 0x55,
    0xE5, 0x7C, 0x06, 0x00, 0x1C, 0x81, 0xDF, 0x55, 0xF8, 0x9D, 0x82, 0xDF, 0x55, 0x9D, 0xDC, 0x05,
    0x00, 0x5C, 0x85, 0xD2, 0x7F, 0xA8, 0xBC, 0x87, 0xCA, 0x2B, 0x69, 0xFD, 0x04, 0x00, 0xAC, 0x82,
    0xDF, 0x29, 0xF8, 0xBD, 0x82, 0xD7, 0x25, 0xF5, 0x3C, 0x04, 0x00, 0x10, 0x22, 0x13, 0x12, 0x84,
    0x08, 0xD4, 0x0F, 0x21, 0x84, 0xF0, 0x03, 0x00, 0xBC, 0x52, 0x91, 0x02, 0xC5, 0xBC, 0x44, 0xC1,
    0x7F, 0x12, 0xE5, 0x07, 0x00, 0x90, 0xF2, 0x51, 0x04, 0xC4, 0xBC, 0x44, 0xC0, 0x7F, 0x29, 0xBD,
    0x07, 0x00, 0xFC, 0x07, 0x80, 0x3F, 0x82, 0x08, 0xE2, 0x0F, 0x11, 0x24, 0xFC, 0x07, 0x00, 0x48,
    0x22, 0x89, 0x3F, 0x00, 0xFC, 0x27, 0x88, 0x3F, 0x28, 0xFC, 0x07, 0x00, 0x3C, 0x01, 0xDF, 0x13,
    0x49, 0xBC, 0x07, 0x90, 0x2A, 0x4A, 0xDC, 0x06, 0x00, 0x9C, 0x80, 0xDF, 0x41, 0xDD, 0x55, 0xF5,
    0x15, 0x75, 0x55, 0x3C, 0x07, 0x00, 0xBC, 0x57, 0xD0, 0x2B, 0x49, 0xFC, 0x27, 0x88, 0x3F, 0x28,
    0xFC, 0x07, 0x00, 0xEC, 0x56, 0xD5, 0x6E, 0x55, 0xFD, 0x27, 0x88, 0x3F, 0x28, 0xFC, 0x07, 0x00,
    0x54, 0xF2, 0x5F, 0x25, 0xF5, 0x7D, 0x21, 0x9F, 0x57, 0x54, 0xFD, 0x07, 0x00, 0xFC, 0x07, 0x01,
    0x44, 0xAC, 0x8C, 0x01, 0x03, 0x1B, 0xA3, 0x61, 0x00, 0x00, 0xFC, 0x57, 0xC2, 0x15, 0x4D, 0x95,
    0x73, 0x45, 0x33, 0x45, 0xD5, 0x00, 0x00, 0xF0, 0x20, 0xC2, 0x3F, 0x92, 0xF8, 0x83, 0x92, 0x2D,
    0x68, 0xDC, 0x06, 0x00, 0x50, 0x21, 0xC9, 0x7F, 0x48, 0xFC, 0x47, 0xC5, 0x6A, 0x64, 0x6C, 0x06,
    0x00, 0x40, 0xF0, 0x1F, 0x11, 0xFF, 0x05, 0xC4, 0xD7, 0x2A, 0x54, 0x6C, 0x06, 0x00, 0xFC, 0x83,
    0x08, 0x7D, 0x4F, 0xE9, 0x67, 0x95, 0x3A, 0x52, 0xAD, 0x05, 0x00, 0x3C, 0x25, 0x9F, 0x12, 0x45,
    0xF1, 0x67, 0x52, 0x7D, 0x2C, 0x8D, 0x07, 0x00, 0xB0, 0xB0, 0x9E, 0x46, 0x0F, 0xA9, 0xD4, 0x94,
    0x42, 0x09, 0x19, 0x03, 0x00, 0x70, 0xB2, 0x88, 0x7E, 0x8F, 0x28, 0xD3, 0x8A, 0x26, 0x89, 0x18,
    0x03, 0x00, 0xB0, 0xB7, 0x94, 0x4A, 0x9F, 0x29, 0xD0, 0x9E, 0x4A, 0x29, 0x99, 0x07, 0x00, 0xB0,
    0xB7, 0x91, 0x2A, 0xCF, 0xA8, 0xD4, 0x9F, 0x4A, 0x29, 0x99, 0x07, 0x00, 0xF0, 0x77, 0x44, 0x0B,
    0xF6, 0x55, 0x64, 0x5F, 0x45, 0x14, 0xCD, 0x07, 0x00, 0x70, 0xB1, 0x9E, 0x4E, 0xEF, 0xA9, 0xD4,
    0x9E, 0x32, 0xA9, 0x58, 0x06, 0x00, 0xF0, 0x77, 0x55, 0x7F, 0x56, 0xD5, 0x67, 0x44, 0x7D, 0x44,
    0xCC, 0x07, 0x00, 0xB0, 0xB2, 0x9F, 0x2A, 0x0F, 0xE8, 0xD7, 0x94, 0x7E, 0x49, 0xD9, 0x07, 0x00,
    0xF8, 0x23, 0x88, 0x3F, 0x82, 0x08, 0xE2, 0x0F, 0x00, 0x44, 0x0C, 0x06, 0x00, 0x40, 0x00, 0x1F,
    0x04, 0xFC, 0x10, 0xC2, 0x0F, 0x21, 0xFC, 0x0C, 0x06, 0x00, 0xF0, 0x21, 0xC4, 0x3F, 0x82, 0xF8,
    0x23, 0x88, 0x3F, 0x44, 0x0C, 0x06, 0x00, 0x3C, 0x92, 0xC8, 0x7F, 0x89, 0x24, 0xF3, 0x0A, 0x20,
    0x8A, 0x44, 0x03, 0x00, 0xF8, 0x03, 0x01, 0x04, 0xFF, 0x11, 0xC1, 0x07, 0x11, 0x7C, 0x0C, 0x06,
    0x00, 0xD0, 0x21, 0x48, 0x5F, 0x48, 0x98, 0xC0, 0x07, 0x11, 0x7C, 0x0C, 0x06, 0x00, 0x50, 0x26,
    0xC7, 0x44, 0xFE, 0x11, 0xC1, 0x07, 0x11, 0x7C, 0x0C, 0x06, 0x00, 0xDC, 0x57, 0xC1, 0x05, 0xF5,
    0x55, 0xF4, 0x12, 0x28, 0xC5, 0xD4, 0x04, 0x00, 0xF0, 0x21, 0x48, 0x5F, 0x20, 0x10, 0xC1, 0x07,
    0x11, 0x7C, 0x0C, 0x06, 0x00, 0xF8, 0x23, 0xC9, 0x7F, 0x92, 0xF8, 0x43, 0x04, 0x11, 0x7C, 0x0C,
    0x06, 0x00, 0x40, 0xE0, 0x0F, 0x04, 0xFF, 0x09, 0xE2, 0x8F, 0x20, 0xFE, 0x0C, 0x06, 0x00, 0x1C,
    0x51, 0xDF, 0x45, 0x05, 0xDC, 0x57, 0xC4, 0x11, 0x42, 0x94, 0x01, 0x00, 0x90, 0xD0, 0x5E, 0x09,
    0xFF, 0x11, 0xC1, 0x07, 0x11, 0x7C, 0x0C, 0x06, 0x00, 0x80, 0xF4, 0x1F, 0x10, 0x7F, 0x48, 0xE1,
    0x89, 0x24, 0x0E, 0xC5, 0x04, 0x00, 0x40, 0xE0, 0x8F, 0x24, 0xFF, 0x11, 0xC1, 0x07, 0x11, 0x7C,
    0x0C, 0x06, 0x00, 0x1C, 0xD7, 0xC3, 0x09, 0xFD, 0x15, 0x74, 0x09, 0x14, 0x2A, 0x24, 0x07, 0x00,
    0xF8, 0xA7, 0x94, 0x7F, 0x84, 0xF0, 0x43, 0x08, 0x3F, 0x48, 0x18, 0x06, 0x00, 0x90, 0xB4, 0x9F,
    0x10, 0xFE, 0x10, 0xC5, 0x07, 0x11, 0x7C, 0x0C, 0x06, 0x00, 0xA0, 0xE0, 0x0F, 0x2A, 0xFE, 0xA8,
    0xF0, 0x1F, 0x51, 0x7C, 0x0C, 0x06, 0x00, 0x3C, 0x91, 0xC4, 0x73, 0x49, 0x24, 0xF1, 0x1F, 0x44,
    0x15, 0xD5, 0x07, 0x00, 0x9C, 0x50, 0xD1, 0x45, 0xF5, 0x15, 0x70, 0x1F, 0x44, 0x15, 0xD5, 0x07,
    0x00, 0xDC, 0x17, 0x54, 0x4A, 0xFF, 0x10, 0xC1, 0x07, 0x11, 0x7C, 0x0C, 0x06, 0x00, 0x88, 0xF7,
    0x92, 0x4A, 0xFD, 0x11, 0xC1, 0x07, 0x11, 0x7C, 0x0C, 0x06, 0x00, 0x40, 0xF0, 0x1F, 0x15, 0xFF,
    0x11, 0xE1, 0x8F, 0x20, 0x7C, 0x0C, 0x06, 0x00, 0xBC, 0x97, 0xD1, 0x2B, 0xC9, 0xA4, 0xF4, 0x01,
    0x78, 0x2A, 0xA5, 0x07, 0x00, 0x10, 0xA7, 0xC7, 0x70, 0x7E, 0x10, 0xC7, 0x07, 0x11, 0x7C, 0x0C,
    0x06, 0x00, 0x1C, 0xD1, 0xDF, 0x09, 0xF5, 0x75, 0x74, 0x1F, 0x44, 0xF5, 0x55, 0x04, 0x00, 0x1C,
    0xD1, 0xDF, 0x49, 0x95, 0x54, 0x71, 0x12, 0x24, 0x65, 0x74, 0x06, 0x00, 0x44, 0xA0, 0x1F, 0x49,
    0x7E, 0x14, 0xC3, 0x17, 0x11, 0x7C, 0x0C, 0x06, 0x00, 0xFC, 0x87, 0x82, 0x3F, 0xAA, 0xF8, 0x43,
    0x04, 0x11, 0x7C, 0x0C, 0x06, 0x00, 0x1C, 0xD5, 0xDF, 0x15, 0x55, 0xF5, 0x75, 0x09, 0x24, 0x45,
    0xA5, 0x04, 0x00, 0xFC, 0x97, 0xC0, 0x7B, 0x09, 0xE4, 0x77, 0x05, 0x54, 0x95, 0xD4, 0x04, 0x00,
    0xDC, 0xD3, 0xD0, 0x01, 0xFD, 0x15, 0xF0, 0x1F, 0x10, 0x55, 0xB5, 0x05, 0x00, 0x40, 0xF0, 0x5F,
    0x40, 0xBA, 0x44, 0xC5, 0xC7, 0x11, 0x7C, 0x0C, 0x06, 0x00, 0xDC, 0x57, 0xD1, 0x7D, 0x15, 0xD5,
    0x77, 0x01, 0x7E, 0x52, 0xA5, 0x06, 0x00, 0x50, 0xF1, 0x5F, 0x52, 0x7D, 0x11, 0xC1, 0x07, 0x11,
    0x7C, 0x0C, 0x06, 0x00, 0x1C, 0xD1, 0xDF, 0x25, 0x55, 0xF4, 0x77, 0x00, 0x7C, 0x15, 0xD5, 0x07,
    0x00, 0xBC, 0x57, 0xD0, 0x2B, 0x79, 0x1C, 0xD3, 0x17, 0x11, 0x7C, 0x0C, 0x06, 0x00, 0x40, 0xF0,
    0x1F, 0x04, 0xFE, 0xA8, 0xE2, 0x0F, 0x11, 0x7C, 0x0C, 0x06, 0x00, 0x5C, 0xD2, 0xDF, 0x25, 0x65,
    0x55, 0xF2, 0x1F, 0x24, 0x65, 0x75, 0x06, 0x00, 0x7C, 0x55, 0xD4, 0x7F, 0x95, 0xD4, 0x73, 0x09,
    0x24, 0x75, 0x35, 0x04, 0x00, 0xBC, 0x17, 0xC2, 0x7B, 0x85, 0xF0, 0x43, 0x08, 0x3F, 0x44, 0x0C,
    0x06, 0x00, 0xDC, 0x57, 0xC1, 0x7D, 0x15, 0xD4, 0x77, 0x01, 0x7E, 0x95, 0xD4, 0x04, 0x00, 0x9C,
    0x50, 0xDF, 0x49, 0xA5, 0xF4, 0x77, 0x11, 0x7E, 0x15, 0xD5, 0x07, 0x00, 0x90, 0xF7, 0x09, 0x7D,
    0x1F, 0xD5, 0xF7, 0x11, 0x7D, 0xAE, 0x54, 0x04, 0x00, 0x7C, 0x53, 0xC9, 0x7F, 0x55, 0xF5, 0x77,
    0x15, 0x7E, 0x55, 0x54, 0x05, 0x00, 0x9C, 0xD2, 0xDF, 0x29, 0xFD, 0x55, 0x75, 0x1F, 0x54, 0xFD,
    0x55, 0x04, 0x00, 0x40, 0xF0, 0x5F, 0x4A, 0xFE, 0x10, 0xE1, 0x4F, 0x51, 0x7C, 0x0C, 0x06, 0x00,
    0x90, 0xF0, 0x1E, 0x25, 0xFF, 0x28, 0xD5, 0x07, 0x11, 0x7C, 0x0C, 0x06, 0x00, 0x5C, 0xD2, 0xDF,
    0x49, 0xFD, 0x95, 0xF4, 0x1F, 0x44, 0x15, 0xD5, 0x07, 0x00, 0x54, 0xF1, 0x1F, 0x15, 0xFF, 0xA9,
    0xD2, 0x17, 0x11, 0x7C, 0x0C, 0x06, 0x00, 0x9C, 0x53, 0xC9, 0x7F, 0x95, 0xB4, 0x77, 0x00, 0x7C,
    0x15, 0xD5, 0x07, 0x00, 0x40, 0xF0, 0x9F, 0x00, 0xFE, 0x10, 0xE1, 0x8F, 0x2A, 0xFE, 0xAC, 0x06,
    0x00, 0x1C, 0x55, 0xDF, 0x17, 0x75, 0x75, 0x75, 0x0F, 0x24, 0x4A, 0xA5, 0x04, 0x00, 0x1C, 0xD1,
    0xDF, 0x11, 0xFD, 0x55, 0xF5, 0x1F, 0x44, 0xE5, 0x74, 0x04, 0x00, 0xF8, 0xA7, 0x8A, 0x7B, 0x7A,
    0x29, 0xA6, 0x8F, 0x22, 0xF9, 0x14, 0x04, 0x00, 0x90, 0xF0, 0x9E, 0x2E, 0x4F, 0xE8, 0xE6, 0x8E,
    0x2A, 0xEF, 0x50, 0x04, 0x00, 0x40, 0xE0, 0x0F, 0x04, 0xFF, 0xA1, 0xA0, 0x8A, 0x4A, 0x29, 0xD1,
    0x00, 0x00, 0x10, 0xF1, 0x1D, 0x49, 0x3F, 0x29, 0xB5, 0x89, 0x2A, 0x49, 0xB5, 0x04, 0x00, 0x90,
    0xF7, 0x13, 0x79, 0x3F, 0xA8, 0xB7, 0x92, 0x56, 0xC9, 0xB4, 0x04, 0x00, 0x10, 0xF1, 0x1F, 0x11,
    0x44, 0xFC, 0xA7, 0x8A, 0x6A, 0xA9, 0x34, 0x03, 0x00, 0x10, 0xF5, 0x1F, 0x11, 0x5F, 0xA9, 0xB7,
    0x93, 0x7A, 0x29, 0xB5, 0x07, 0x00, 0x40, 0xE0, 0x0F, 0x04, 0xFF, 0x41, 0x40, 0x0F, 0x05, 0x1C,
    0x8C, 0x07, 0x00, 0x10, 0xF4, 0x15, 0x51, 0x5F, 0x11, 0xD7, 0x56, 0x41, 0x07, 0xE4, 0x07, 0x00,
    0x10, 0xF1, 0x05, 0x11, 0xDF, 0x10, 0xD5, 0x45, 0x11, 0x07, 0xE4, 0x07, 0x00, 0x90, 0xF7, 0x13,
    0x49, 0xFF, 0x91, 0xC0, 0x53, 0x79, 0x07, 0xE4, 0x07, 0x00, 0x90, 0xF3, 0x19, 0x19, 0x9F, 0x91,
    0xD1, 0x58, 0x19, 0x07, 0xE4, 0x07, 0x00, 0xD0, 0xF7, 0x14, 0x49, 0x1F, 0x90, 0xD7, 0x52, 0x79,
    0x07, 0xE4, 0x07, 0x00, 0x10, 0xF2, 0x1E, 0x29, 0xBF, 0x91, 0xD2, 0x56, 0x4D, 0x07, 0xE4, 0x07,
    0x00, 0x90, 0xF7, 0x12, 0x79, 0x2F, 0xD1, 0xD7, 0x44, 0x7D, 0x47, 0xE4, 0x07, 0x00, 0x10, 0xF1,
    0x16, 0x15, 0xEF, 0x91, 0xD4, 0x5E, 0x49, 0x07, 0xE4, 0x07, 0x00, 0x50, 0xF5, 0x15, 0x11, 0xFF,
    0x51, 0xD5, 0x55, 0x5D, 0x97, 0xE5, 0x07, 0x00, 0xF0, 0x77, 0x05, 0x7D, 0x5F, 0xD1, 0x55, 0x4D,
    0x57, 0x07, 0xE4, 0x07, 0x00, 0x90, 0xF0, 0x1E, 0x55, 0x2F, 0xD1, 0xD3, 0x52, 0x5D, 0xA7, 0xE4,
    0x07, 0x00, 0xF8, 0x23, 0x88, 0x20, 0xFE, 0x40, 0x40, 0x0F, 0x05, 0x1C, 0x8C, 0x07, 0x00, 0x3C,
    0x93, 0x48, 0x2A, 0xAF, 0x90, 0xC2, 0x4A, 0x49, 0x15, 0x7D, 0x04, 0x00, 0x3C, 0x91, 0x44, 0x12,
    0xCF, 0x51, 0xC1, 0x45, 0x15, 0x55, 0xFC, 0x07, 0x00, 0x3C, 0x91, 0x42, 0x2A, 0x7F, 0x11, 0xC0,
    0x5E, 0x49, 0x25, 0xBD, 0x07, 0x00, 0x3C, 0x95, 0x54, 0x7E, 0x4F, 0x10, 0xC5, 0x4A, 0x25, 0x4D,
    0x9D, 0x04, 0x00, 0xBC, 0x92, 0x5E, 0x26, 0x8F, 0x90, 0xC7, 0x49, 0x21, 0x45, 0xFD, 0x04, 0x00,
    0x3C, 0x91, 0x5F, 0x42, 0x2F, 0x90, 0xC4, 0x4E, 0x09, 0x25, 0xBD, 0x07, 0x00, 0xBC, 0x90, 0x5E,
    0x46, 0xEF, 0x91, 0xC2, 0x4E, 0x09, 0x25, 0xBD, 0x07, 0x00, 0xFC, 0x57, 0x55, 0x55, 0x57, 0xF1,
    0x47, 0x55, 0x55, 0x55, 0x3D, 0x06, 0x00, 0x3C, 0x91, 0x5F, 0x52, 0x4F, 0xD0, 0x47, 0x51, 0x55,
    0x8D, 0x9C, 0x05, 0x00, 0xBC, 0x97, 0x42, 0x7A, 0x2F, 0x91, 0xC4, 0x5F, 0x09, 0x25, 0xFC, 0x07,
    0x00, 0xFC, 0x17, 0x51, 0x7C, 0x1F, 0xD1, 0xC7, 0x45, 0x55, 0x95, 0xFC, 0x04, 0x00, 0x3C, 0x91,
    0x44, 0x7E, 0xAF, 0x90, 0x52, 0x5B, 0x6B, 0xA5, 0x7C, 0x02, 0x00, 0x3C, 0x91, 0x5F, 0x2A, 0x1F,
    0xD1, 0xD7, 0x42, 0x7D, 0x15, 0x3D, 0x03, 0x00, 0xBC, 0x93, 0x48, 0x7E, 0x0F, 0x90, 0xC7, 0x52,
    0x69, 0x25, 0xBC, 0x07, 0x00, 0xBC, 0x97, 0x51, 0x2A, 0xCF, 0x90, 0xD4, 0x41, 0x79, 0x25, 0xFD,
    0x07, 0x00, 0x5C, 0x51, 0x55, 0x37, 0x57, 0x50, 0xD3, 0x55, 0x15, 0x55, 0x3D, 0x07, 0x00, 0xDC,
    0x53, 0x49, 0x25, 0x8F, 0x11, 0xD1, 0x5F, 0x11, 0x55, 0x3D, 0x05, 0x00, 0xFC, 0x17, 0x51, 0x7C,
    0x1F, 0xD0, 0xC7, 0x55, 0x55, 0x75, 0x3D, 0x06, 0x00, 0x1C, 0xD1, 0x55, 0x35, 0x4F, 0xD1, 0xD7,
    0x51, 0x7D, 0x1D, 0xCD, 0x07, 0x00, 0x5C, 0x92, 0x5F, 0x24, 0x6F, 0x51, 0xC2, 0x5F, 0x25, 0x65,
    0x7D, 0x06, 0x00, 0xFC, 0x17, 0x55, 0x7C, 0x5F, 0xD1, 0x47, 0x44, 0x7F, 0x65, 0x7C, 0x05, 0x00,
    0x3C, 0x90, 0x5F, 0x55, 0x57, 0xE9, 0x65, 0x95, 0x54, 0x6A, 0x3D, 0x07, 0x00, 0xBC, 0x97, 0x52,
    0x7A, 0x2F, 0x91, 0xC7, 0x42, 0x79, 0x55, 0xBD, 0x06, 0x00, 0x1C, 0x54, 0x4F, 0x55, 0x0F, 0x11,
    0xD1, 0x5F, 0x11, 0xE5, 0x7C, 0x05, 0x00, 0x5C, 0xD2, 0x5F, 0x15, 0x57, 0x71, 0x43, 0x45, 0x15,
    0x55, 0xFC, 0x07, 0x00, 0x3C, 0x91, 0x5F, 0x2A, 0xFF, 0xA9, 0xE2, 0x9F, 0x4A, 0xCA, 0xDC, 0x04,
    0x00, 0xBC, 0x93, 0x48, 0x7E, 0x5F, 0xD1, 0x47, 0x55, 0x7F, 0x25, 0x7D, 0x06, 0x00, 0xFC, 0x97,
    0x44, 0x7E, 0x5F, 0xD1, 0x47, 0x55, 0x7F, 0x45, 0xFC, 0x07, 0x00, 0x5C, 0x55, 0x55, 0x7D, 0x07,
    0xD0, 0xD7, 0x42, 0x7D, 0x55, 0x7D, 0x05, 0x00, 0xBC, 0x93, 0x48, 0x12, 0xFF, 0x51, 0xC5, 0x44,
    0x7D, 0x65, 0x7C, 0x05, 0x00, 0x3C, 0x91, 0x5F, 0x2A, 0xAF, 0xD0, 0xD7, 0x54, 0x7D, 0x55, 0x7D,
    0x05, 0x00, 0xFC, 0x97, 0x4A, 0x42, 0x2F, 0x50, 0xC6, 0x51, 0x6D, 0x15, 0xFD, 0x07, 0x00, 0x5C,
    0x92, 0x5F, 0x12, 0xFF, 0x11, 0xC1, 0x5F, 0x29, 0x95, 0xBC, 0x07, 0x00, 0xFC, 0x97, 0x4A, 0x52,
    0xAF, 0xD0, 0xC7, 0x44, 0x7D, 0xA5, 0x7C, 0x04, 0x00, 0xDC, 0x57, 0x51, 0x7D, 0x17, 0xD1, 0xD7,
    0x56, 0x6D, 0x6D, 0xDD, 0x06, 0x00, 0x80, 0xF4, 0x5F, 0x12, 0x7F, 0xB5, 0xA2, 0xD4, 0x3C, 0x1C,
    0x8C, 0x07, 0x00, 0xBC, 0x92, 0x5F, 0x2A, 0xEF, 0x10, 0xC1, 0x5F, 0x49, 0x6D, 0xDD, 0x06, 0x00,
    0xBC, 0x92, 0x4A, 0x56, 0x57, 0x29, 0xE2, 0x9A, 0x2A, 0xEA, 0xFC, 0x06, 0x00, 0x3C, 0x95, 0x5F,
    0x02, 0xBF, 0xA9, 0xE4, 0x9B, 0x4A, 0xBA, 0xBD, 0x04, 0x00, 0xDC, 0x52, 0x5A, 0x3B, 0x17, 0xD1,
    0xD7, 0x51, 0x7D, 0xA5, 0xFC, 0x07, 0x00, 0xBC, 0x93, 0x50, 0x7E, 0x57, 0xD1, 0x46, 0x51, 0x7F,
    0x15, 0x9D, 0x06, 0x00, 0xFC, 0x57, 0x45, 0x7F, 0x27, 0xA9, 0xA6, 0x8F, 0x29, 0x52, 0xBD, 0x04,
    0x00, 0x9C, 0xD0, 0x5F, 0x25, 0xFF, 0x49, 0xE2, 0x9F, 0x18, 0x56, 0x2D, 0x07, 0x00, 0x5C, 0xD5,
    0x5F, 0x25, 0x97, 0xF0, 0x47, 0x44, 0x7F, 0xA5, 0x7C, 0x04, 0x00, 0xBC, 0x93, 0x4A, 0x7E, 0x4F,
    0xF1, 0x47, 0x44, 0x7F, 0x55, 0x3C, 0x05, 0x00, 0x5C, 0xD2, 0x5E, 0x55, 0xE7, 0x71, 0x52, 0x5F,
    0x25, 0x35, 0x3C, 0x07, 0x00, 0xFC, 0x57, 0x55, 0x7F, 0x17, 0xF0, 0x47, 0x55, 0x5F, 0x55, 0xFD,
    0x06, 0x00, 0x5C, 0xD2, 0x5F, 0x49, 0xF7, 0x91, 0xC2, 0x5F, 0x49, 0x35, 0xBD, 0x07, 0x00, 0x10,
    0xF1, 0x9F, 0x24, 0xFF, 0x25, 0xD5, 0xD3, 0x38, 0x1C, 0x8C, 0x07, 0x00, 0xBC, 0x90, 0x5F, 0x0A,
    0xFF, 0xC9, 0x65, 0x82, 0x7E, 0x2A, 0xFD, 0x06, 0x00, 0xFC, 0x96, 0x56, 0x6E, 0x2F, 0xD1, 0xC7,
    0x49, 0x7D, 0x95, 0xFC, 0x07, 0x00, 0xDC, 0x56, 0x54, 0x5F, 0xD7, 0xB0, 0x45, 0x54, 0x5F, 0xD5,
    0xBC, 0x01, 0x00, 0xFC, 0x57, 0x49, 0x3D, 0x97, 0xF0, 0x47, 0x55, 0x55, 0xDD, 0xDD, 0x04, 0x00,
    0xFC, 0x57, 0x45, 0x77, 0x57, 0xE9, 0xE7, 0x92, 0x5E, 0x2A, 0xFD, 0x05, 0x00, 0x20, 0xE0, 0x87,
    0x10, 0x7E, 0x09, 0xF3, 0x07, 0x14, 0x4C, 0x8C, 0x01, 0x00, 0x88, 0xF7, 0x50, 0x42, 0xEF, 0xE5,
    0xF0, 0x9E, 0x42, 0x09, 0x35, 0x03, 0x00, 0x88, 0xF3, 0x4A, 0x2A, 0x9F, 0x25, 0xF1, 0x9F, 0x12,
    0xE9, 0x74, 0x05, 0x00, 0x08, 0xF1, 0x55, 0x5A, 0x4F, 0xE4, 0xF7, 0x94, 0x5E, 0x09, 0x35, 0x06,
    0x00, 0xE8, 0xF7, 0x4A, 0x2A, 0xEF, 0x24, 0xF0, 0x9F, 0x52, 0x49, 0xF5, 0x07, 0x00, 0x40, 0xF0,
    0x9F, 0x24, 0xFE, 0x48, 0xE2, 0x0F, 0x04, 0xFF, 0x41, 0x00, 0x00, 0x10, 0xF1, 0x47, 0x15, 0x5F,
    0x54, 0xF1, 0x05, 0x51, 0x7F, 0x11, 0x07, 0x00, 0x10, 0xF1, 0x05, 0x79, 0x5F, 0x55, 0xF5, 0x55,
    0x55, 0x3F, 0x91, 0x04, 0x00, 0xFC, 0x17, 0x91, 0x3F, 0x92, 0x48, 0xE2, 0x8F, 0x24, 0xFF, 0x41,
    0x00, 0x00, 0x90, 0xF7, 0x49, 0x25, 0x9F, 0xD4, 0xF7, 0x09, 0x21, 0x9F, 0x10, 0x02, 0x00, 0x90,
    0xF7, 0x55, 0x5D, 0x5F, 0x55, 0xF5, 0x15, 0x49, 0x3F, 0x91, 0x06, 0x00, 0xD0, 0xF7, 0x41, 0x75,
    0x5F, 0x55, 0xF5, 0x15, 0x15, 0x5F, 0x11, 0x07, 0x00, 0x90, 0xF0, 0x1F, 0x55, 0x5F, 0x55, 0xF1,
    0x45, 0x15, 0xAF, 0x50, 0x04, 0x00, 0x10, 0xF1, 0x45, 0x7D, 0x5F, 0x55, 0xF5, 0x1F, 0x55, 0x5F,
    0xD1, 0x07, 0x00, 0xD0, 0xF7, 0x51, 0x5D, 0x5F, 0x55, 0xF5, 0x15, 0x5D, 0x1F, 0x11, 0x06, 0x00,
    0x90, 0xF2, 0x5F, 0x25, 0x9F, 0xD4, 0xF7, 0x09, 0x21, 0x5F, 0xD1, 0x04, 0x00, 0x10, 0xF5, 0x5F,
    0x25, 0x9F, 0xD4, 0xF3, 0x0A, 0x49, 0x7F, 0x11, 0x04, 0x00, 0x10, 0xF1, 0x5F, 0x25, 0x0F, 0x55,
    0xF0, 0x09, 0x29, 0x67, 0x70, 0x06, 0x00, 0x90, 0xF2, 0x12, 0x09, 0xFF, 0x55, 0xF1, 0x55, 0x25,
    0x5F, 0x91, 0x04, 0x00, 0xD0, 0xF7, 0x44, 0x49, 0xFF, 0x15, 0xF1, 0x1E, 0x11, 0x4F, 0xD0, 0x07,
    0x00, 0xD0, 0xF7, 0x55, 0x55, 0x7F, 0x55, 0xF5, 0x15, 0x5D, 0x5F, 0x11, 0x05, 0x00, 0x90, 0xF3,
    0x49, 0x7D, 0x5F, 0x55, 0xF5, 0x1F, 0x29, 0xBF, 0x50, 0x06, 0x00, 0x10, 0xF5, 0x1F, 0x11, 0xFF,
    0x55, 0xF5, 0x5F, 0x55, 0xFF, 0x51, 0x05, 0x00, 0x90, 0xF7, 0x41, 0x55, 0xBF, 0x54, 0xF5, 0x01,
    0x79, 0x9F, 0x90, 0x07, 0x00, 0xF0, 0x77, 0x42, 0x7F, 0x27, 0xB5, 0x75, 0x1B, 0x5B, 0x27, 0x91,
    0x06, 0x00, 0x50, 0xF5, 0x4A, 0x55, 0x0F, 0xD4, 0xF7, 0x15, 0x7D, 0x5F, 0xD1, 0x07, 0x00, 0xF0,
    0x57, 0x54, 0x7D, 0x54, 0xFD, 0x27, 0x95, 0x55, 0xF9, 0x05, 0x01, 0x00, 0xD0, 0xF7, 0x54, 0x29,
    0x5F, 0x15, 0xF0, 0x1F, 0x51, 0xAF, 0x50, 0x05, 0x00, 0x10, 0xF1, 0x1E, 0x11, 0xFF, 0x59, 0xD3,
    0x17, 0x15, 0xFF, 0x41, 0x00, 0x00, 0xA0, 0xF0, 0x1E, 0x0A, 0xEF, 0x91, 0xF0, 0x9F, 0x24, 0xFF,
    0x41, 0x00, 0x00, 0x90, 0xF3, 0x11, 0x7D, 0x0F, 0xD4, 0xF7, 0x55, 0x7D, 0x5F, 0x51, 0x05, 0x00,
    0xD0, 0xF7, 0x51, 0x7D, 0x0F, 0xD4, 0xF7, 0x11, 0x7D, 0x1F, 0x11, 0x04, 0x00, 0x90, 0xF3, 0x11,
    0x79, 0x1F, 0xD4, 0xF5, 0x55, 0x5D, 0x5F, 0x51, 0x05, 0x00, 0xD0, 0xF7, 0x40, 0x7D, 0x1F, 0xD5,
    0xF7, 0x15, 0x7D, 0x5F, 0xD1, 0x07, 0x00, 0xD0, 0xF7, 0x51, 0x7D, 0xAF, 0xD4, 0x77, 0x0A, 0x7F,
    0x97, 0xD0, 0x04, 0x00, 0x4C, 0xD6, 0xD7, 0x75, 0x39, 0x5D, 0x97, 0xD2, 0x7F, 0x82, 0x04, 0x04,
    0x00, 0x90, 0xF7, 0x13, 0x49, 0x1F, 0x55, 0xE0, 0x5E, 0x4D, 0xCF, 0xD0, 0x04, 0x00, 0x10, 0xF1,
    0x5F, 0x55, 0xEF, 0x15, 0xF1, 0x1F, 0x45, 0x1F, 0xD1, 0x07, 0x00, 0x10, 0xF1, 0x5F, 0x15, 0xFF,
    0x55, 0xF4, 0x1F, 0x49, 0x9F, 0xD0, 0x04, 0x00, 0x10, 0xF5, 0x5F, 0x55, 0xFF, 0x14, 0xF5, 0x1F,
    0x45, 0x2F, 0x11, 0x06, 0x00, 0x48, 0xF1, 0x9F, 0x44, 0x4F, 0xED, 0xF5, 0x8A, 0x2E, 0x6F, 0xA9,
    0x04, 0x00, 0xF0, 0x77, 0x44, 0x7F, 0x97, 0xB4, 0x75, 0x00, 0x7F, 0x57, 0xD1, 0x05, 0x00, 0x50,
    0x75, 0x4D, 0x7F, 0x47, 0xD4, 0x75, 0x1D, 0x57, 0xE7, 0x71, 0x04, 0x00, 0x40, 0xE0, 0x0F, 0x15,
    0xFF, 0xA9, 0xE2, 0x9F, 0x2A, 0xFF, 0x11, 0x01, 0x00, 0xE8, 0x52, 0x95, 0x2E, 0x55, 0xE9, 0x32,
    0x99, 0x3F, 0x82, 0xF8, 0x03, 0x00, 0x40, 0xE0, 0x0F, 0x11, 0x44, 0xFC, 0x07, 0x81, 0x3F, 0x10,
    0x40, 0x00, 0x00, 0x40, 0xF0, 0x9F, 0x20, 0xFE, 0x10, 0xF1, 0x1F, 0x04, 0xFE, 0x40, 0x00, 0x00,
    0x1C, 0xD1, 0x5F, 0x25, 0x97, 0xE4, 0x77, 0x44, 0x7F, 0x45, 0x1C, 0x01, 0x00, 0x10, 0xF1, 0x9F,
    0x12, 0xFA, 0x7D, 0x45, 0xDF, 0x1B, 0x52, 0x29, 0x05, 0x00, 0x50, 0x72, 0x9D, 0x4E, 0x2A, 0xBD,
    0x47, 0xCA, 0x7B, 0xA2, 0x64, 0x02, 0x00, 0x90, 0xF2, 0x9E, 0x4A, 0x2A, 0xBD, 0x47, 0xCA, 0x7B,
    0x92, 0x44, 0x02, 0x00, 0x78, 0x52, 0x9F, 0x4B, 0x28, 0xFD, 0x57, 0xC9, 0x7E, 0x95, 0x6C, 0x02,
    0x00, 0x48, 0xF2, 0x5C, 0x5F, 0x92, 0x3C, 0xA7, 0xCB, 0x75, 0xBA, 0x54, 0x02, 0x00, 0xE8, 0x72,
    0x5C, 0x5F, 0x82, 0xFC, 0x27, 0xC8, 0x7F, 0xAA, 0xE4, 0x02, 0x00, 0xF8, 0x27, 0x80, 0x7F, 0x02,
    0xF8, 0xA7, 0x44, 0x52, 0x89, 0xF0, 0x04, 0x00, 0xFC, 0x17, 0xC0, 0x7F, 0x45, 0x74, 0x16, 0xC8,
    0x7F, 0x85, 0x20, 0x03, 0x00, 0xA0, 0xE0, 0x8F, 0x2A, 0xFE, 0x05, 0xF0, 0x5F, 0x25, 0x64, 0x3C,
    0x06, 0x00, 0xE4, 0x27, 0x44, 0x10, 0xFA, 0x01, 0x31, 0x84, 0x18, 0x05, 0xE4, 0x07, 0x00, 0x44,
    0x20, 0x5F, 0x02, 0xF2, 0x01, 0x31, 0x92, 0x7C, 0x05, 0xE4, 0x07, 0x00, 0xE4, 0x23, 0x09, 0x24,
    0xFB, 0x48, 0x22, 0x89, 0x44, 0x05, 0xE4, 0x07, 0x00, 0x04, 0x21, 0x5D, 0x5E, 0x52, 0x41, 0x31,
    0x91, 0x7C, 0x05, 0xE4, 0x07, 0x00, 0x64, 0xA7, 0x14, 0x52, 0x4B, 0xA9, 0xA5, 0x9D, 0x10, 0x05,
    0xE4, 0x07, 0x00, 0x08, 0x43, 0x43, 0x04, 0xF2, 0x41, 0x72, 0x09, 0x21, 0x0A, 0xC4, 0x07, 0x00,
    0xC4, 0x27, 0x41, 0x7C, 0x12, 0x41, 0x35, 0x8C, 0x4C, 0x05, 0xE4, 0x07, 0x00, 0xE4, 0x27, 0x12,
    0x66, 0x03, 0xE8, 0xA7, 0x90, 0x7E, 0x02, 0xF4, 0x07, 0x00, 0xE4, 0xA7, 0x10, 0x7A, 0x2B, 0xA9,
    0xA7, 0x90, 0x62, 0x02, 0xF4, 0x07, 0x00, 0x44, 0x20, 0x5D, 0x5E, 0x52, 0x41, 0xB5, 0x94, 0x7A,
    0x05, 0xE4, 0x07, 0x00, 0x04, 0xA1, 0x5F, 0x52, 0xFA, 0x29, 0xA5, 0x94, 0x7E, 0x05, 0xE4, 0x07,
    0x00, 0x84, 0x20, 0x5F, 0x44, 0xF2, 0x41, 0x34, 0x91, 0x7C, 0x05, 0xE4, 0x07, 0x00, 0x44, 0x21,
    0x5F, 0x12, 0xFA, 0x01, 0x31, 0x8A, 0x44, 0x05, 0xE4, 0x07, 0x00, 0x04, 0x25, 0x54, 0x7E, 0x42,
    0x40, 0xB3, 0x94, 0x10, 0x05, 0xE4, 0x07, 0x00, 0xE4, 0xA7, 0x50, 0x7A, 0xAA, 0xA1, 0xB7, 0x90,
    0x7E, 0x02, 0xF4, 0x07, 0x00, 0x24, 0x25, 0x4D, 0x10, 0xFA, 0x81, 0x31, 0x95, 0x52, 0x05, 0xE4,
    0x07, 0x00, 0xE4, 0x27, 0x0A, 0x7E, 0x2B, 0x69, 0xA7, 0x90, 0x7E, 0x02, 0xF4, 0x07, 0x00, 0x44,
    0xA0, 0x4F, 0x22, 0xFA, 0x20, 0xB0, 0x8F, 0x22, 0xFA, 0xF4, 0x07, 0x00, 0xC4, 0x27, 0x51, 0x7C,
    0x12, 0xC1, 0x37, 0x89, 0x4C, 0x05, 0xE4, 0x07, 0x00, 0x44, 0x22, 0x45, 0x7E, 0x42, 0xE0, 0x37,
    0x8A, 0x44, 0x05, 0xE4, 0x07, 0x00, 0x44, 0xA1, 0x5D, 0x14, 0xDA, 0x41, 0x31, 0x95, 0x72, 0x02,
    0xF4, 0x07, 0x00, 0xC4, 0x27, 0x01, 0x7C, 0x13, 0xA8, 0xA7, 0x92, 0x78, 0x05, 0xE4, 0x07, 0x00,
    0x44, 0x22, 0x05, 0x7E, 0x43, 0x48, 0x25, 0x9F, 0x10, 0x25, 0xE4, 0x07, 0x00, 0xA4, 0x22, 0x42,
    0x3E, 0x8A, 0xE8, 0xA3, 0x88, 0x32, 0x02, 0xF4, 0x07, 0x00, 0xE4, 0x27, 0x44, 0x7E, 0x92, 0xA0,
    0x37, 0x92, 0x64, 0x05, 0xE4, 0x07, 0x00, 0xE4, 0x27, 0x42, 0x56, 0xE2, 0x60, 0x31, 0x8C, 0x4C,
    0x05, 0xE4, 0x07, 0x00, 0xC4, 0xA3, 0x50, 0x7C, 0x42, 0xE0, 0x37, 0x85, 0x52, 0x05, 0xE4, 0x07,
    0x00, 0xE4, 0x27, 0x55, 0x2A, 0x52, 0xE1, 0x37, 0x84, 0x7E, 0x05, 0xE4, 0x07, 0x00, 0xA4, 0x22,
    0x49, 0x76, 0xB2, 0x60, 0x32, 0x95, 0x4A, 0x05, 0xE4, 0x07, 0x00, 0xE4, 0x27, 0x40, 0x7E, 0x0A,
    0xE1, 0x37, 0x89, 0x7E, 0x02, 0xF4, 0x07, 0x00, 0xC4, 0x27, 0x40, 0x7E, 0x02, 0xC0, 0x37, 0x91,
    0x7C, 0x05, 0xE4, 0x07, 0x00, 0xE4, 0x27, 0x48, 0x7E, 0x4A, 0xE1, 0xB7, 0x94, 0x52, 0x05, 0xE4,
    0x07, 0x00, 0xA4, 0x27, 0x09, 0x2A, 0xF3, 0xA9, 0x22, 0x8A, 0x76, 0x02, 0xF4, 0x07, 0x00, 0x44,
    0xA7, 0x07, 0x74, 0x73, 0x69, 0x25, 0x95, 0x4E, 0x05, 0xE4, 0x07, 0x00, 0xC4, 0x27, 0x11, 0x7C,
    0x43, 0xC8, 0x27, 0x84, 0x7C, 0x05, 0xE4, 0x07, 0x00, 0x84, 0xA0, 0x4F, 0x08, 0xFA, 0xA0, 0xB2,
    0x8F, 0x0C, 0xAA, 0xF4, 0x07, 0x00, 0x44, 0x21, 0x5F, 0x12, 0x42, 0xE0, 0x37, 0x80, 0x7C, 0x12,
    0xF5, 0x07, 0x00, 0xC4, 0xA7, 0x09, 0x18, 0x98, 0xCD, 0x23, 0x84, 0x7E, 0x45, 0xE4, 0x07, 0x00,
    0x84, 0x20, 0x42, 0x7F, 0xAA, 0xE0, 0xB3, 0x8A, 0x7F, 0x22, 0xF4, 0x07, 0x00, 0x04, 0xA1, 0x5F,
    0x50, 0xFA, 0x21, 0x35, 0x8D, 0x5A, 0x05, 0xE4, 0x07, 0x00, 0xE4, 0xA7, 0x54, 0x7E, 0x4A, 0xE1,
    0xB7, 0x92, 0x7A, 0x05, 0xE4, 0x07, 0x00, 0x84, 0x22, 0x5F, 0x24, 0xFA, 0x41, 0x32, 0x89, 0x7C,
    0x05, 0xE4, 0x07, 0x00, 0xE4, 0x27, 0x44, 0x7E, 0xA2, 0x60, 0x37, 0x84, 0x7E, 0x05, 0xE4, 0x07,
    0x00, 0xC4, 0xA3, 0x08, 0x7E, 0x48, 0xED, 0x27, 0x95, 0x72, 0x05, 0xE4, 0x07, 0x00, 0xE4, 0x27,
    0x49, 0x7E, 0x4A, 0xE1, 0xB7, 0x94, 0x7E, 0x05, 0xE4, 0x07, 0x00, 0xE4, 0x23, 0x51, 0x7A, 0xBA,
    0xA0, 0xB5, 0x8B, 0x5A, 0x05, 0xE4, 0x07, 0x00, 0xE4, 0xA7, 0x44, 0x7E, 0x4A, 0xA0, 0xB7, 0x92,
    0x78, 0x25, 0xE5, 0x07, 0x00, 0x44, 0xA2, 0x1F, 0x04, 0xA8, 0x8D, 0x21, 0x8D, 0x52, 0x22, 0xF4,
    0x07, 0x00, 0xE4, 0xA3, 0x0A, 0x3E, 0xAB, 0xE8, 0xA7, 0x92, 0x5A, 0x05, 0xE4, 0x07, 0x00, 0x24,
    0xE1, 0x5F, 0x4A, 0x9A, 0xC0, 0x37, 0x89, 0x36, 0x05, 0xE4, 0x07, 0x00, 0xF4, 0x67, 0x52, 0x7F,
    0xAA, 0xE0, 0xB3, 0x8A, 0x7F, 0x22, 0xF4, 0x07, 0x00, 0xE4, 0x27, 0x51, 0x7C, 0x52, 0xE1, 0x37,
    0x95, 0x54, 0x05, 0xE4, 0x07, 0x00, 0xC4, 0x27, 0x51, 0x74, 0x52, 0xE1, 0xB7, 0x9A, 0x7A, 0x0A,
    0xF5, 0x07, 0x00, 0xC4, 0x23, 0x49, 0x3C, 0x92, 0xC0, 0xB7, 0x95, 0x6C, 0x05, 0xE4, 0x07, 0x00,
    0xE4, 0xA6, 0x52, 0x4A, 0xDA, 0x21, 0xB5, 0x8B, 0x52, 0x05, 0xE4, 0x07, 0x00, 0xC4, 0x27, 0x51,
    0x7C, 0x12, 0xE1, 0x37, 0x84, 0x7C, 0x05, 0xE4, 0x07, 0x00, 0x44, 0x22, 0x45, 0x7E, 0x42, 0xC0,
    0x37, 0x91, 0x7C, 0x15, 0xE5, 0x07, 0x00, 0x04, 0xA1, 0x5F, 0x24, 0x92, 0xE0, 0x37, 0x84, 0x7E,
    0x45, 0xE4, 0x07, 0x00, 0x84, 0xA0, 0x5F, 0x48, 0xFE, 0x41, 0xB2, 0x9F, 0x10, 0x05, 0xE4, 0x07,
    0x00, 0x44, 0xA1, 0x0F, 0x14, 0xFB, 0xA8, 0xE2, 0x9F, 0x22, 0x02, 0xF4, 0x07, 0x00, 0x84, 0xA7,
    0x55, 0x28, 0xFA, 0x01, 0x31, 0x95, 0x7C, 0x05, 0xE4, 0x07, 0x00, 0xF4, 0x27, 0x45, 0x4A, 0xFE,
    0x21, 0xB1, 0x96, 0x57, 0x02, 0xF4, 0x07, 0x00, 0xF4, 0x67, 0x45, 0x7D, 0x56, 0x50, 0xB7, 0x8A,
    0x64, 0x05, 0xE4, 0x07, 0x00, 0x04, 0xA1, 0x5F, 0x10, 0xFA, 0x41, 0x32, 0x8F, 0x54, 0x45, 0xE4,
    0x07, 0x00, 0xE4, 0xA3, 0x0A, 0x7F, 0x8B, 0xE8, 0xA3, 0x80, 0x3E, 0x8A, 0xF4, 0x07, 0x00, 0xE4,
    0x22, 0x1D, 0x5E, 0x53, 0xE9, 0xA2, 0x94, 0x5A, 0x02, 0xF4, 0x07, 0x00, 0xE4, 0x27, 0x49, 0x7E,
    0x4A, 0xE1, 0xB7, 0x92, 0x7A, 0x05, 0xE4, 0x07, 0x00, 0xF4, 0x27, 0x45, 0x7F, 0x56, 0xF1, 0xB7,
    0x88, 0x3E, 0x02, 0xF4, 0x07, 0x00, 0x04, 0xA1, 0x5F, 0x2A, 0xFA, 0xA1, 0xB2, 0x8E, 0x55, 0x05,
    0xE4, 0x07, 0x00, 0xE4, 0xA7, 0x50, 0x7E, 0x4A, 0xC0, 0xB5, 0x84, 0x7E, 0x45, 0xE4, 0x07, 0x00,
    0xA4, 0x24, 0x4F, 0x4A, 0x8A, 0xE0, 0xB7, 0x8A, 0x7C, 0x95, 0xE4, 0x07, 0x00, 0x44, 0xE2, 0x1F,
    0x4A, 0xDB, 0x29, 0xE4, 0x9F, 0x24, 0xA5, 0xE4, 0x07, 0x00, 0xE4, 0x27, 0x4A, 0x7E, 0x52, 0xE1,
    0x33, 0x99, 0x3A, 0x25, 0xE4, 0x07, 0x00, 0xE4, 0x26, 0x52, 0x24, 0xFA, 0x81, 0xB2, 0x9F, 0x24,
    0x05, 0xE4, 0x07, 0x00, 0x04, 0xA1, 0x5F, 0x52, 0xFE, 0x41, 0x32, 0x8F, 0x66, 0x05, 0xE4, 0x07,
    0x00, 0x84, 0xA0, 0x1F, 0x55, 0xFB, 0x38, 0xA6, 0x8F, 0x2A, 0x26, 0xF5, 0x07, 0x00, 0x84, 0x23,
    0x02, 0x7E, 0x2B, 0x68, 0xA5, 0x8E, 0x52, 0x22, 0xF4, 0x07, 0x00, 0xE4, 0xA2, 0x5E, 0x5E, 0xCA,
    0xE1, 0xB2, 0x9E, 0x2E, 0x05, 0xE4, 0x07, 0x00, 0x44, 0xA2, 0x1F, 0x52, 0x7B, 0x49, 0xA3, 0x97,
    0x24, 0x2D, 0xE5, 0x07, 0x00, 0xF4, 0xA7, 0x4A, 0x3E, 0xAA, 0xE0, 0xB7, 0x92, 0x5A, 0x05, 0xE4,
    0x07, 0x00, 0xC4, 0xA7, 0x14, 0x2E, 0xEB, 0xE9, 0xA2, 0x9E, 0x2A, 0x05, 0xE4, 0x07, 0x00, 0xF4,
    0x67, 0x55, 0x7F, 0x92, 0xC0, 0xB7, 0x8A, 0x49, 0x05, 0xE4, 0x07, 0x00, 0xE4, 0x27, 0x49, 0x5A,
    0xDA, 0xA1, 0xB5, 0x9D, 0x5A, 0x05, 0xE4, 0x07, 0x00, 0x84, 0x20, 0x4F, 0x24, 0xFA, 0xA1, 0xB2,
    0x9F, 0x48, 0x95, 0xE4, 0x07, 0x00, 0xE4, 0x27, 0x55, 0x7E, 0xAA, 0x40, 0xB7, 0x87, 0x74, 0x05,
    0xE4, 0x07, 0x00, 0x74, 0x27, 0x40, 0x6E, 0xAA, 0xE0, 0x37, 0x95, 0x7E, 0x95, 0xE4, 0x07, 0x00,
    0xF8, 0x21, 0xC4, 0x3F, 0x91, 0x44, 0xF2, 0x4F, 0x00, 0x01, 0xFD, 0x07, 0x00, 0x48, 0x92, 0x84,
    0x3F, 0x82, 0xFC, 0x17, 0xD1, 0x7F, 0x01, 0xFC, 0x07, 0x00, 0x7C, 0xA7, 0x94, 0x52, 0xDF, 0x28,
    0xA5, 0x94, 0x52, 0xCA, 0x24, 0x01, 0x00, 0xBC, 0xA7, 0xD2, 0x2B, 0x6A, 0xA8, 0xF2, 0x92, 0x4A,
    0xE9, 0xB4, 0x00, 0x00, 0x90, 0xF7, 0x13, 0x29, 0x7F, 0x90, 0x42, 0xD2, 0x4F, 0xE2, 0x88, 0x00,
    0x00, 0xFC, 0x87, 0x92, 0x2A, 0x6A, 0xFC, 0xC2, 0x92, 0x4A, 0xE9, 0xB0, 0x00, 0x00, 0xB0, 0x37,
    0x52, 0x28, 0x7F, 0xA4, 0x92, 0x52, 0x4A, 0xFD, 0x8C, 0x00, 0x00, 0x7C, 0x47, 0x95, 0x54, 0xD9,
    0x00, 0xF5, 0x55, 0x54, 0xD1, 0x7C, 0x01, 0x00, 0x7C, 0x97, 0x54, 0x52, 0xDF, 0x24, 0x15, 0xD5,
    0x55, 0xC0, 0x7C, 0x01, 0x00, 0x10, 0xF7, 0x17, 0x51, 0xDE, 0x4C, 0xE5, 0x95, 0x54, 0xDE, 0x48,
    0x01, 0x00, 0x90, 0xF7, 0x93, 0x2A, 0x71, 0x80, 0xA2, 0x12, 0x49, 0xEA, 0x84, 0x00, 0x00, 0x10,
    0xF7, 0x55, 0x54, 0xDF, 0x44, 0xF5, 0x55, 0x52, 0xD1, 0xBC, 0x01, 0x00, 0x7C, 0x47, 0xD5, 0x5F,
    0xD4, 0x7C, 0x45, 0x94, 0x57, 0xD3, 0x78, 0x01, 0x00, 0x10, 0xF7, 0x97, 0x54, 0xD2, 0xFC, 0x05,
    0xD4, 0x57, 0xD1, 0x7C, 0x01, 0x00, 0x90, 0xF7, 0x53, 0x2A, 0x6F, 0xA0, 0x42, 0xD2, 0x4F, 0xE4,
    0x98, 0x00, 0x00, 0xFC, 0x87, 0xD4, 0x5F, 0xCA, 0xFC, 0xA5, 0xD4, 0x5F, 0xC8, 0xFC, 0x01, 0x00,
    0x10, 0xF7, 0x15, 0x51, 0xD4, 0xFC, 0x25, 0xD5, 0x57, 0xD2, 0x78, 0x01, 0x00, 0x7C, 0x57, 0xD5,
    0x57, 0xC0, 0xFC, 0x25, 0xD4, 0x57, 0xD1, 0x30, 0x01, 0x00, 0x48, 0x97, 0x57, 0x53, 0xFA, 0x24,
    0xD5, 0x97, 0x52, 0xEA, 0x64, 0x01, 0x00, 0x88, 0xE7, 0x53, 0x2A, 0x6B, 0xF8, 0x92, 0xD2, 0x4A,
    0xFE, 0x90, 0x00, 0x00, 0x7C, 0x17, 0xD5, 0x5F, 0xC4, 0x7C, 0x55, 0xD5, 0x55, 0xD1, 0x7C, 0x01,
    0x00, 0x58, 0x47, 0x57, 0x57, 0xE2, 0x78, 0x35, 0x97, 0x57, 0xD4, 0xFC, 0x01, 0x00, 0x28, 0xF7,
    0x57, 0x55, 0xD5, 0x6C, 0x15, 0xD5, 0x5F, 0xCA, 0x44, 0x01, 0x00, 0x54, 0xD7, 0xD4, 0x5F, 0xC4,
    0x5C, 0xD5, 0x97, 0x55, 0xFC, 0x4C, 0x01, 0x00, 0xFC, 0x57, 0x15, 0x51, 0xFF, 0x58, 0x55, 0xD6,
    0x57, 0xD5, 0x7C, 0x01, 0x00, 0xFC, 0xD7, 0xD6, 0x55, 0xED, 0x5C, 0xA5, 0x56, 0x57, 0xEA, 0x24,
    0x01, 0x00, 0xF8, 0x87, 0x82, 0x7F, 0x2A, 0x99, 0x27, 0x90, 0x7F, 0x02, 0xF9, 0x07, 0x00, 0xFC,
    0x47, 0xC8, 0x27, 0x95, 0x6C, 0x12, 0xC9, 0x27, 0x91, 0x7C, 0x03, 0x00, 0x20, 0xF2, 0x1F, 0x12,
    0xFE, 0x49, 0xA5, 0x94, 0x7F, 0x02, 0xF9, 0x07, 0x00, 0xBC, 0x20, 0xDE, 0x47, 0x0B, 0xB5, 0x94,
    0xD4, 0x43, 0x09, 0x3D, 0x03, 0x00, 0xBC, 0x27, 0xD0, 0x43, 0xEB, 0xB5, 0x90, 0xC2, 0x4B, 0x29,
    0xBD, 0x07, 0x00, 0xE4, 0x27, 0x02, 0x7E, 0x29, 0x69, 0x87, 0x10, 0x7E, 0x0A, 0xE5, 0x07, 0x00,
    0x3C, 0x24, 0xD9, 0x6B, 0x4B, 0x35, 0x95, 0xDA, 0x67, 0x09, 0xFD, 0x07, 0x00, 0xBC, 0x24, 0xD2,
    0x7F, 0x2B, 0xB5, 0x94, 0xDE, 0x4B, 0x29, 0xBD, 0x07, 0x00, 0x3C, 0x26, 0xC7, 0x13, 0xFB, 0x35,
    0x91, 0xC6, 0x36, 0x49, 0x3D, 0x01, 0x00, 0xBC, 0x20, 0xDE, 0x47, 0xAB, 0x34, 0x91, 0xDF, 0x4B,
    0x29, 0xBD, 0x07, 0x00, 0xBC, 0x27, 0xD1, 0x2B, 0xCB, 0xB4, 0x94, 0xDE, 0x4F, 0x29, 0xBD, 0x07,
    0x00, 0x5C, 0x25, 0xD5, 0x55, 0xFF, 0x55, 0x55, 0xD5, 0x55, 0x55, 0x3D, 0x04, 0x00, 0x3C, 0x21,
    0xDF, 0x13, 0xFB, 0x35, 0x95, 0xCA, 0x7F, 0x89, 0xBC, 0x03, 0x00, 0xBC, 0x22, 0xDE, 0x27, 0xEB,
    0x35, 0x90, 0xDE, 0x4B, 0x29, 0xBD, 0x07, 0x00, 0xBC, 0x20, 0xD1, 0x7F, 0xAB, 0x74, 0x96, 0xCE,
    0x27, 0x69, 0x7C, 0x06, 0x00, 0x3C, 0x21, 0xDF, 0x2B, 0x5B, 0xF5, 0x97, 0xD4, 0x7F, 0x49, 0x3C,
    0x07, 0x00, 0x3C, 0x21, 0xDF, 0x4B, 0xEB, 0x35, 0x92, 0xC4, 0x7F, 0x89, 0x3C, 0x03, 0x00, 0x3C,
    0x21, 0xDF, 0x2B, 0xAB, 0x74, 0x95, 0xC4, 0x7F, 0x49, 0x3C, 0x01, 0x00, 0xBC, 0x22, 0xDF, 0x2B,
    0xAB, 0xF4, 0x97, 0xD0, 0x7F, 0x09, 0xFD, 0x07, 0x00, 0xBC, 0x27, 0xD2, 0x7B, 0x2B, 0xB5, 0x97,
    0xC9, 0x7B, 0x89, 0xBC, 0x07, 0x00, 0x9C, 0xA0, 0xDF, 0x4B, 0xFB, 0xB5, 0x94, 0xDF, 0x2B, 0x39,
    0xBD, 0x07, 0x00, 0xFC, 0x47, 0xD5, 0x57, 0xB5, 0xED, 0x17, 0xC1, 0x7F, 0x51, 0xFD, 0x07, 0x00,
    0x3C, 0x21, 0xDF, 0x53, 0xFB, 0x35, 0x95, 0xDF, 0x4B, 0x29, 0xBD, 0x07, 0x00, 0xBC, 0x57, 0xD2,
    0x37, 0x29, 0xFD, 0xA7, 0x8A, 0x39, 0x82, 0xF8, 0x03, 0x00, 0xE8, 0xB7, 0x8A, 0x7F, 0x92, 0xFC,
    0xA7, 0x92, 0x79, 0x02, 0xF9, 0x07, 0x00, 0xFC, 0x27, 0xC4, 0x7F, 0x4B, 0xF5, 0x97, 0xC4, 0x7E,
    0x09, 0x7C, 0x05, 0x00, 0x1C, 0xA1, 0xDF, 0x55, 0xFF, 0x95, 0xD2, 0xDF, 0x55, 0x9D, 0xDC, 0x05,
    0x00, 0xEC, 0x96, 0xD2, 0x7F, 0x29, 0x99, 0x23, 0x89, 0x3F, 0x49, 0x99, 0x01, 0x00, 0x00, 0xE3,
    0x83, 0x24, 0x21, 0x41, 0xF0, 0x1F, 0x0E, 0x54, 0x4C, 0x06, 0x00, 0x7C, 0x41, 0x44, 0x7F, 0x54,
    0x7D, 0x45, 0x9F, 0x55, 0x5D, 0xD1, 0x07, 0x00, 0xFC, 0x47, 0x55, 0x57, 0xF4, 0x5D, 0xC2, 0x9F,
    0x11, 0xFD, 0x11, 0x01, 0x00, 0xF8, 0x23, 0x89, 0x3F, 0x92, 0xF8, 0x03, 0x81, 0x3F, 0x10, 0xFC,
    0x07, 0x00, 0xF8, 0x03, 0xC1, 0x7F, 0x92, 0xF8, 0x23, 0x89, 0x3F, 0x10, 0xFC, 0x07, 0x00, 0xFC,
    0x57, 0xC9, 0x17, 0xF5, 0x7D, 0x45, 0xD4, 0x33, 0x44, 0xBC, 0x01, 0x00, 0xF8, 0x23, 0xC8, 0x7F,
    0x92, 0xF8, 0x23, 0x89, 0x3F, 0x10, 0xFC, 0x07, 0x00, 0x7C, 0x41, 0xDC, 0x4F, 0xA6, 0xF4, 0x47,
    0x92, 0x7F, 0x21, 0xF4, 0x07, 0x00, 0xE0, 0x40, 0x84, 0x20, 0x7D, 0x41, 0xE0, 0x0F, 0x04, 0x54,
    0xFC, 0x07, 0x00, 0x38, 0x14, 0xD5, 0x53, 0x44, 0x7D, 0x45, 0x54, 0x55, 0x04, 0x7D, 0x06, 0x00,
    0xB8, 0x17, 0xC8, 0x27, 0x84, 0x7C, 0x42, 0x48, 0x25, 0x84, 0x7C, 0x03, 0x00, 0x50, 0xB1, 0x1B,
    0x11, 0xFE, 0x44, 0xE4, 0x8F, 0x24, 0x54, 0xFC, 0x07, 0x00, 0x38, 0x12, 0xC9, 0x23, 0xE4, 0x7D,
    0x42, 0x48, 0x25, 0x84, 0x7C, 0x02, 0x00, 0xB8, 0x10, 0xDE, 0x47, 0x04, 0xBD, 0x44, 0x54, 0x43,
    0x04, 0x7D, 0x03, 0x00, 0xB8, 0x17, 0xD2, 0x4F, 0x24, 0xFD, 0x44, 0x52, 0x4B, 0x24, 0xFD, 0x07,
    0x00, 0x58, 0x14, 0xD5, 0x57, 0x54, 0x7D, 0x45, 0x55, 0x55, 0x14, 0x3D, 0x04, 0x00, 0xD8, 0x17,
    0xD0, 0x4B, 0x44, 0x7D, 0x42, 0x4A, 0x11, 0xA4, 0x7C, 0x04, 0x00, 0x98, 0x11, 0xC4, 0x7D, 0x54,
    0x5D, 0x45, 0x55, 0x6D, 0x14, 0x5D, 0x06, 0x00, 0x38, 0x11, 0xDF, 0x13, 0x54, 0x7D, 0x45, 0x5F,
    0x15, 0x44, 0x7D, 0x07, 0x00, 0x18, 0x11, 0xCA, 0x45, 0xE4, 0x1C, 0x40, 0x5F, 0x41, 0x84, 0x9C,
    0x01, 0x00, 0x38, 0x11, 0xC4, 0x57, 0x54, 0x3D, 0x41, 0x46, 0x43, 0xC4, 0xFC, 0x00, 0x00, 0xD8,
    0x17, 0xD2, 0x4B, 0x24, 0xFD, 0x47, 0x52, 0x49, 0x24, 0xFD, 0x07, 0x00, 0x58, 0x10, 0xDF, 0x43,
    0x74, 0x3D, 0x44, 0x5C, 0x4D, 0x04, 0x3D, 0x03, 0x00, 0xD8, 0x17, 0xC4, 0x75, 0x54, 0xDC, 0x47,
    0x50, 0x41, 0x04, 0x3D, 0x03, 0x00, 0x98, 0x13, 0xD1, 0x03, 0xF4, 0x3D, 0x40, 0x5F, 0x4B, 0x24,
    0xBD, 0x06, 0x00, 0x38, 0x11, 0xC4, 0x7F, 0x44, 0x3C, 0x41, 0x5F, 0x45, 0x14, 0xFD, 0x07, 0x00,
    0x98, 0x14, 0xDF, 0x09, 0x24, 0x9D, 0x45, 0x4A, 0x25, 0x44, 0xDD, 0x04, 0x00, 0x18, 0x11, 0xDF,
    0x09, 0x5C, 0xDC, 0x47, 0x55, 0x55, 0x54, 0x1D, 0x01, 0x00, 0x18, 0x91, 0xC4, 0x11, 0xF4, 0x5D,
    0x45, 0x5F, 0x55, 0x54, 0xDD, 0x07, 0x00, 0xD8, 0x17, 0xD5, 0x7D, 0x54, 0x5D, 0x45, 0x5F, 0x11,
    0x44, 0x1C, 0x01, 0x00, 0x58, 0x10, 0xDF, 0x43, 0x74, 0x7D, 0x45, 0x57, 0x05, 0x14, 0xFD, 0x07,
    0x00, 0x18, 0x91, 0xDE, 0x49, 0x24, 0xBD, 0x47, 0x52, 0x4B, 0x24, 0xBD, 0x07, 0x00, 0xB8, 0x14,
    0xD2, 0x7F, 0x24, 0xFD, 0x44, 0x5E, 0x4B, 0x24, 0xFD, 0x07, 0x00, 0xB8, 0x13, 0xC8, 0x4B, 0x14,
    0x3D, 0x40, 0x5F, 0x45, 0x14, 0xFD, 0x07, 0x00, 0x58, 0x10, 0xDF, 0x43, 0x74, 0x7D, 0x45, 0x55,
    0x5D, 0x04, 0x3D, 0x03, 0x00, 0x18, 0x11, 0xDF, 0x29, 0x14, 0x1D, 0x40, 0x52, 0x53, 0xC4, 0xDC,
    0x04, 0x00, 0x98, 0x17, 0xD1, 0x29, 0xC4, 0x9C, 0x44, 0x5F, 0x47, 0x14, 0xDD, 0x07, 0x00, 0xD8,
    0x17, 0xD1, 0x7F, 0x14, 0xFD, 0x47, 0x45, 0x55, 0x94, 0xFC, 0x04, 0x00, 0xD8, 0x17, 0xD1, 0x5F,
    0x14, 0xFD, 0x45, 0x55, 0x55, 0x74, 0x7D, 0x06, 0x00, 0xE8, 0x13, 0xD1, 0x03, 0xF4, 0x3D, 0x41,
    0x5F, 0x11, 0x44, 0xFC, 0x07, 0x00, 0x58, 0x11, 0xDF, 0x17, 0x44, 0xFC, 0x47, 0x44, 0x3B, 0x54,
    0x3D, 0x01, 0x00, 0xB8, 0x10, 0xDE, 0x47, 0xA4, 0x3C, 0x41, 0x5E, 0x4D, 0x24, 0xBD, 0x07, 0x00,
    0xC8, 0x96, 0x04, 0x1F, 0x90, 0xF9, 0x35, 0x91, 0x56, 0x12, 0xF9, 0x06, 0x00, 0x98, 0x90, 0xDF,
    0x49, 0xA4, 0xFC, 0x47, 0x42, 0x7D, 0x0C, 0x9D, 0x03, 0x00, 0x58, 0x13, 0xC9, 0x43, 0xF4, 0x5C,
    0x42, 0x4F, 0x29, 0xA4, 0x5C, 0x06, 0x00, 0x18, 0x11, 0xCD, 0x57, 0x44, 0xFC, 0x47, 0x51, 0x7D,
    0x14, 0x7D, 0x06, 0x00, 0x58, 0x12, 0xC5, 0x7F, 0x44, 0xFD, 0x47, 0x44, 0x7F, 0x54, 0x3D, 0x05,
    0x00, 0x18, 0x11, 0xD5, 0x55, 0x54, 0xBD, 0x43, 0x44, 0x7D, 0x44, 0xFC, 0x07, 0x00, 0xD8, 0x17,
    0xD1, 0x45, 0xF4, 0x1D, 0x41, 0x5F, 0x45, 0x14, 0xDD, 0x07, 0x00, 0x18, 0x11, 0xDF, 0x2B, 0xA4,
    0xDC, 0x47, 0x44, 0x7B, 0x44, 0x3C, 0x01, 0x00, 0x98, 0x17, 0xD1, 0x2B, 0xE4, 0x7D, 0x42, 0x5E,
    0x23, 0xF4, 0x3D, 0x02, 0x00, 0x78, 0x51, 0xC5, 0x7F, 0x54, 0x5D, 0xC5, 0x55, 0x4D, 0x14, 0x7D,
    0x03, 0x00, 0x18, 0x15, 0xDF, 0x13, 0xF4, 0x7D, 0x45, 0x5F, 0x55, 0xF4, 0x7D, 0x05, 0x00, 0xD8,
    0x17, 0xD1, 0x7F, 0x54, 0xDC, 0xC7, 0x44, 0x7D, 0x14, 0xFD, 0x07, 0x00, 0xE8, 0x97, 0xD4, 0x57,
    0x2A, 0xFD, 0xA7, 0xD2, 0x6A, 0xFA, 0x3D, 0x04, 0x00, 0xB8, 0x17, 0xD2, 0x7D, 0x44, 0xDC, 0x47,
    0x55, 0x39, 0x54, 0xBD, 0x05, 0x00, 0xB8, 0x12, 0xDF, 0x27, 0xF4, 0x7D, 0x42, 0x5F, 0x25, 0x94,
    0xFC, 0x07, 0x00, 0xE8, 0x17, 0xC4, 0x7F, 0x54, 0xFD, 0x47, 0x55, 0x7F, 0x44, 0xFC, 0x07, 0x00,
    0xD8, 0x17, 0xC9, 0x4B, 0x44, 0xFC, 0x47, 0x54, 0x7D, 0x44, 0xBC, 0x01, 0x00, 0x18, 0x91, 0xDF,
    0x43, 0xF4, 0x3D, 0x41, 0x5D, 0x15, 0x74, 0x3C, 0x06, 0x00, 0x58, 0x92, 0xDF, 0x25, 0x64, 0x5D,
    0xC2, 0x5F, 0x25, 0x64, 0x7D, 0x06, 0x00, 0xB8, 0x10, 0xDF, 0x47, 0xF4, 0x7D, 0x44, 0x5F, 0x11,
    0xF4, 0x7D, 0x05, 0x00, 0xB8, 0x12, 0xDF, 0x2B, 0xF4, 0x7D, 0x45, 0x5F, 0x55, 0x54, 0xFD, 0x07,
    0x00, 0xD8, 0x13, 0xC9, 0x3F, 0x94, 0xFC, 0x43, 0x41, 0x7F, 0x54, 0xBD, 0x06, 0x00, 0xB8, 0x12,
    0xDF, 0x2B, 0xA4, 0xFC, 0x47, 0x51, 0x7D, 0x14, 0xFD, 0x07, 0x00, 0xD8, 0x17, 0xC8, 0x11, 0xF4,
    0x3D, 0x41, 0x5F, 0x57, 0x54, 0xDD, 0x07, 0x00, 0x18, 0x11, 0xDF, 0x13, 0xF4, 0x3D, 0x41, 0x5F,
    0x4B, 0xB4, 0xBC, 0x05, 0x00, 0x18, 0x91, 0xDF, 0x55, 0xF4, 0x5D, 0xC5, 0x5F, 0x19, 0x54, 0x3D,
    0x05, 0x00, 0xD8, 0x13, 0xC9, 0x3B, 0xA4, 0xFC, 0x47, 0x55, 0x55, 0x74, 0x3D, 0x06, 0x00, 0x08,
    0xD1, 0xDF, 0x2B, 0xFA, 0xBD, 0xE2, 0xDF, 0x4A, 0xCE, 0xCC, 0x04, 0x00, 0xE8, 0x97, 0xD4, 0x5F,
    0x4A, 0xFD, 0xA0, 0xDC, 0x5E, 0x8A, 0xBC, 0x05, 0x00, 0x58, 0x97, 0xD7, 0x45, 0xBC, 0x5D, 0xC1,
    0x5F, 0x11, 0xA4, 0x7C, 0x04, 0x00, 0xF8, 0x11, 0xD5, 0x55, 0x7A, 0x5D, 0x23, 0xC5, 0x16, 0xB2,
    0x7C, 0x04, 0x00, 0xE8, 0x17, 0xD5, 0x21, 0xFC, 0x9D, 0xC0, 0x5F, 0x25, 0x74, 0x3C, 0x06, 0x00,
    0x18, 0x91, 0xDF, 0x53, 0xF2, 0x3D, 0xA5, 0xDF, 0x12, 0x1A, 0x9C, 0x07, 0x00, 0xD8, 0x17, 0xC4,
    0x7F, 0x54, 0xFD, 0x47, 0x55, 0x7D, 0x44, 0xFC, 0x07, 0x00, 0x48, 0xD2, 0xDF, 0x11, 0xF2, 0x1D,
    0xE1, 0xDF, 0x10, 0xA6, 0x6C, 0x04, 0x00, 0x98, 0x90, 0xDF, 0x25, 0x94, 0xFC, 0x47, 0x52, 0x7F,
    0x14, 0x3D, 0x03, 0x00, 0x18, 0x91, 0xDF, 0x2B, 0x14, 0xBD, 0x43, 0x51, 0x7F, 0x14, 0xDD, 0x07,
    0x00, 0xB8, 0x14, 0xCA, 0x7F, 0x14, 0xFD, 0x47, 0x51, 0x7D, 0xA4, 0x7C, 0x04, 0x00, 0x98, 0x10,
    0xCF, 0x25, 0xF4, 0x5D, 0x40, 0x5F, 0x41, 0x54, 0xBD, 0x06, 0x00, 0x18, 0x91, 0xDF, 0x25, 0xF4,
    0x5C, 0x42, 0x49, 0x7F, 0xA4, 0x5C, 0x04, 0x00, 0x98, 0x10, 0xDF, 0x47, 0x14, 0xFD, 0x47, 0x44,
    0x7F, 0x44, 0x5C, 0x05, 0x00, 0x58, 0x11, 0xDF, 0x17, 0xD4, 0xDD, 0xC2, 0x5E, 0x29, 0x64, 0xFD,
    0x04, 0x00, 0x18, 0x91, 0xDF, 0x55, 0xFA, 0x4D, 0xE5, 0xDF, 0x12, 0x1A, 0x9C, 0x07, 0x00, 0xD8,
    0x17, 0xD5, 0x7D, 0x54, 0xDD, 0x47, 0x4A, 0x5F, 0x44, 0x5C, 0x05, 0x00, 0x18, 0x91, 0xDF, 0x25,
    0x92, 0xFC, 0xA7, 0xD4, 0x7E, 0x2A, 0xBD, 0x07, 0x00, 0xFC, 0x97, 0xD4, 0x7F, 0x49, 0xF4, 0x37,
    0x49, 0x5F, 0x92, 0xFC, 0x07, 0x00, 0xF8, 0x97, 0xD2, 0x5F, 0xCA, 0xFC, 0xA5, 0xC2, 0x7E, 0x22,
    0xFC, 0x07, 0x00, 0xB8, 0x96, 0xD6, 0x2F, 0x62, 0xBC, 0xA4, 0xDF, 0x4A, 0x6A, 0x9D, 0x06, 0x00,
    0x58, 0x95, 0xDF, 0x45, 0xF4, 0x1C, 0x41, 0x5F, 0x11, 0x44, 0xDC, 0x07, 0x00, 0xB8, 0x13, 0xCA,
    0x2B, 0xF4, 0x7D, 0x45, 0x5F, 0x25, 0x64, 0x7C, 0x06, 0x00, 0x18, 0x91, 0xDF, 0x29, 0xA4, 0xDC,
    0x47, 0x45, 0x7D, 0x94, 0xBC, 0x07, 0x00, 0x38, 0x11, 0xDF, 0x2B, 0xA4, 0xFC, 0x47, 0x51, 0x7D,
    0xA4, 0x7C, 0x06, 0x00, 0xD8, 0x17, 0xCA, 0x7F, 0x54, 0xFD, 0x47, 0x40, 0x7F, 0x44, 0x5C, 0x05,
    0x00, 0x38, 0x11, 0xDF, 0x57, 0xF4, 0x5C, 0xC5, 0x5F, 0x45, 0xE4, 0x7C, 0x04, 0x00, 0x98, 0x90,
    0xCF, 0x69, 0xFC, 0x5C, 0xC5, 0x5D, 0x41, 0xDC, 0x5D, 0x05, 0x00, 0x18, 0x91, 0xDF, 0x25, 0xFC,
    0x5D, 0xC2, 0x5F, 0x19, 0x54, 0x3D, 0x07, 0x00, 0x38, 0x11, 0xDF, 0x2B, 0xA4, 0xFC, 0x47, 0x55,
    0x7D, 0x44, 0xFC, 0x07, 0x00, 0x18, 0x91, 0xDF, 0x52, 0xFA, 0x2D, 0xA5, 0xDF, 0x2A, 0xB6, 0xAD,
    0x02, 0x00, 0xF8, 0x17, 0xD5, 0x7F, 0x14, 0xFC, 0x47, 0x55, 0x5F, 0x54, 0xFD, 0x06, 0x00, 0xF8,
    0x17, 0xC4, 0x7F, 0x44, 0x7D, 0x47, 0x44, 0x7D, 0x54, 0xDD, 0x07, 0x00, 0xE8, 0x15, 0xC5, 0x7F,
    0x4A, 0xFD, 0x25, 0xC9, 0x2E, 0x52, 0xFD, 0x04, 0x00, 0xD8, 0x17, 0xD5, 0x57, 0xF4, 0xBD, 0x42,
    0x5F, 0x11, 0xF4, 0x3D, 0x01, 0x00, 0x58, 0x95, 0xDF, 0x2B, 0xA4, 0xFC, 0x47, 0x55, 0x7D, 0x54,
    0xFD, 0x07, 0x00, 0xD8, 0x17, 0xC4, 0x7F, 0x44, 0xBD, 0x43, 0x40, 0x7D, 0x54, 0xFD, 0x05, 0x00,
    0xF8, 0x51, 0xDD, 0x0F, 0xE4, 0x9D, 0xC0, 0x5F, 0x55, 0x54, 0xFD, 0x07, 0x00, 0xBC, 0x57, 0xC1,
    0x7F, 0x49, 0xFD, 0x27, 0xC9, 0x7F, 0x54, 0xFC, 0x07, 0x00, 0x98, 0x12, 0xD7, 0x37, 0x74, 0x7D,
    0x47, 0x47, 0x6B, 0xA4, 0xBC, 0x04, 0x00, 0x18, 0x91, 0xDF, 0x2A, 0xFA, 0x5D, 0x22, 0xDB, 0x25,
    0xB2, 0x5D, 0x05, 0x00, 0xC8, 0x93, 0xD0, 0x7F, 0x54, 0xFD, 0x47, 0x40, 0x7F, 0x54, 0x5D, 0x05,
    0x00, 0x18, 0x91, 0xDF, 0x55, 0xFC, 0x9D, 0xC2, 0x5F, 0x55, 0x9C, 0xDC, 0x04, 0x00, 0xE8, 0x17,
    0xD5, 0x7F, 0xAA, 0xDC, 0xA7, 0xCA, 0x7F, 0xAA, 0xAC, 0x07, 0x00, 0xA8, 0x92, 0xDF, 0x29, 0xFC,
    0x5D, 0xC2, 0x57, 0x25, 0xF4, 0x3C, 0x04, 0x00, 0xE8, 0x52, 0x94, 0x2E, 0xEF, 0xE9, 0x62, 0x4D,
    0x5F, 0x92, 0xFC, 0x07, 0x00, 0xD4, 0xF3, 0x99, 0x3A, 0x9F, 0xD4, 0x71, 0x59, 0x3F, 0x92, 0xFC,
    0x07, 0x00, 0xF8, 0x23, 0x80, 0x3F, 0x02, 0xFC, 0xA7, 0x88, 0x14, 0x2A, 0x1C, 0x07, 0x00, 0xBC,
    0x97, 0xD2, 0x7B, 0x29, 0xBD, 0x17, 0x50, 0x40, 0x01, 0x05, 0x06, 0x00, 0xBC, 0x97, 0xD2, 0x7B,
    0x29, 0xBD, 0x17, 0x50, 0x5F, 0x01, 0x05, 0x06, 0x00, 0xBC, 0x97, 0xD2, 0x7B, 0x29, 0xBD, 0x17,
    0x51, 0x44, 0x29, 0x15, 0x05, 0x00, 0xBC, 0x97, 0xD2, 0x7B, 0x01, 0x85, 0xD4, 0x57, 0x4C, 0x29,
    0x95, 0x06, 0x00, 0xBC, 0x97, 0xD2, 0x7B, 0x01, 0xF5, 0x95, 0x52, 0x5F, 0x29, 0x95, 0x06, 0x00,
    0xBC, 0x97, 0xD2, 0x7B, 0x01, 0xF5, 0x15, 0x51, 0x5F, 0x11, 0xF5, 0x05, 0x00, 0xBC, 0x97, 0xD2,
    0x7B, 0x11, 0xF5, 0x15, 0x51, 0x4E, 0x55, 0x45, 0x04, 0x00, 0xBC, 0x97, 0xD2, 0x7B, 0x29, 0xFD,
    0x57, 0x54, 0x5F, 0x45, 0x95, 0x05, 0x00, 0xBC, 0x97, 0xD2, 0x7B, 0x01, 0xF5, 0x55, 0x54, 0x5F,
    0x45, 0xF5, 0x05, 0x00, 0xBC, 0x97, 0xD2, 0x7B, 0x11, 0xF5, 0x95, 0x52, 0x44, 0x29, 0x15, 0x05,
    0x00, 0xBC, 0x97, 0xD2, 0x7B, 0x39, 0x5D, 0xD7, 0x57, 0x55, 0x7D, 0x45, 0x06, 0x00, 0xBC, 0x97,
    0xD2, 0x7B, 0x11, 0xF5, 0x95, 0x50, 0x55, 0x29, 0x55, 0x05, 0x00, 0xBC, 0x97, 0xD2, 0x7B, 0x39,
    0xBD, 0x97, 0x53, 0x5B, 0xAB, 0xE5, 0x04, 0x00, 0xBC, 0x97, 0xD2, 0x7B, 0x29, 0xFD, 0x97, 0x52,
    0x5F, 0xAB, 0xE5, 0x04, 0x00, 0xBC, 0x97, 0xD2, 0x7B, 0x29, 0xFD, 0x97, 0xD2, 0x69, 0x45, 0xD5,
    0x06, 0x00, 0xBC, 0x97, 0xD2, 0x7B, 0x11, 0xF5, 0x15, 0x51, 0x5F, 0x11, 0xF5, 0x05, 0x00, 0xBC,
    0x97, 0xD2, 0x7B, 0x11, 0xF5, 0x55, 0x55, 0x5F, 0x51, 0xF5, 0x06, 0x00, 0xBC, 0x97, 0xD2, 0x7B,
    0x29, 0xFD, 0x97, 0x52, 0x5F, 0x45, 0xF5, 0x05, 0x00, 0xBC, 0x97, 0xD2, 0x7B, 0x29, 0xF5, 0x55,
    0x54, 0x5F, 0x29, 0x95, 0x05, 0x00, 0xBC, 0x97, 0xD2, 0x7B, 0x39, 0x95, 0x14, 0x51, 0x5B, 0x45,
    0xF5, 0x05, 0x00, 0xBC, 0x97, 0xD2, 0x7B, 0x01, 0xE5, 0x94, 0x52, 0x5F, 0x55, 0xF5, 0x05, 0x00,
    0xBC, 0x97, 0xD2, 0x7B, 0x51, 0xF5, 0x95, 0x52, 0x45, 0x7D, 0x45, 0x04, 0x00, 0xBC, 0x97, 0xD2,
    0x7B, 0x45, 0xCD, 0x54, 0x52, 0x7E, 0x55, 0xCD, 0x05, 0x00, 0xBC, 0x97, 0xD2, 0x7B, 0x55, 0xA5,
    0x74, 0x5D, 0x4E, 0x11, 0xB5, 0x05, 0x00, 0xBC, 0x97, 0xD2, 0x7B, 0x11, 0xFD, 0x57, 0x55, 0x5F,
    0x55, 0x4D, 0x06, 0x00, 0xBC, 0x97, 0xD2, 0x7B, 0x11, 0xF5, 0x95, 0x52, 0x4A, 0x7D, 0xA5, 0x04,
    0x00, 0xBC, 0x97, 0xD2, 0x7B, 0x11, 0xFD, 0x97, 0xD2, 0x7F, 0x55, 0xFD, 0x07, 0x00, 0xBC, 0x97,
    0xD2, 0x7B, 0x29, 0xFD, 0x57, 0x51, 0x5F, 0x41, 0x55, 0x05, 0x00, 0xBC, 0x97, 0xD2, 0x7B, 0x45,
    0xAD, 0x56, 0xD5, 0x7F, 0x29, 0x95, 0x06, 0x00, 0xBC, 0x97, 0xD2, 0x7F, 0x55, 0xF5, 0x55, 0x55,
    0x55, 0xFF, 0x45, 0x04, 0x00, 0xBC, 0x97, 0xD2, 0x7B, 0x49, 0xFD, 0x57, 0x52, 0x7F, 0x57, 0x75,
    0x05, 0x00, 0x20, 0xC0, 0x0F, 0x21, 0xFC, 0x10, 0xC0, 0x0F, 0x21, 0xFF, 0x41, 0x00, 0x00, 0x1C,
    0xD6, 0x47, 0x11, 0x43, 0xF4, 0x57, 0xC4, 0x10, 0x41, 0x04, 0x01, 0x00, 0xDC, 0x57, 0x41, 0x05,
    0xF3, 0x55, 0xD4, 0xD2, 0x2A, 0xC1, 0xE4, 0x04, 0x00, 0xDC, 0x57, 0x40, 0x01, 0xFB, 0x95, 0x52,
    0xCA, 0x28, 0x91, 0x34, 0x06, 0x00, 0x5C, 0x52, 0x49, 0x7F, 0x93, 0x54, 0xD2, 0x5F, 0x25, 0x93,
    0x24, 0x02, 0x00, 0x1C, 0xD1, 0x5F, 0x09, 0x23, 0xD4, 0x57, 0xD1, 0x42, 0x09, 0x05, 0x03, 0x00,
    0xDC, 0x57, 0x51, 0x7D, 0x13, 0x55, 0x54, 0xDF, 0x44, 0x11, 0xE5, 0x07, 0x00, 0xFC, 0x57, 0x48,
    0x3D, 0xD3, 0x54, 0x53, 0xCD, 0x3D, 0x81, 0x04, 0x03, 0x00, 0x9C, 0xD0, 0x5F, 0x41, 0x13, 0x54,
    0x56, 0xC7, 0x04, 0x11, 0xC5, 0x07, 0x00, 0x9C, 0x54, 0x52, 0x7D, 0x1B, 0xD5, 0x54, 0xD5, 0x44,
    0x11, 0x45, 0x06, 0x00, 0xDC, 0x57, 0x44, 0x7D, 0x53, 0x55, 0x55, 0xDB, 0x45, 0x05, 0xF4, 0x07,
    0x00, 0xDC, 0x57, 0x44, 0x09, 0xF3, 0x55, 0x54, 0xDF, 0x44, 0x11, 0xC5, 0x07, 0x00, 0x9C, 0xD7,
    0x51, 0x29, 0x63, 0x74, 0x56, 0xCF, 0x24, 0xF9, 0x05, 0x02, 0x00, 0xDC, 0x57, 0x51, 0x7D, 0x13,
    0xD5, 0x57, 0xC5, 0x54, 0x91, 0xC4, 0x04, 0x00, 0x5C, 0x52, 0x5F, 0x25, 0x93, 0xD4, 0x56, 0xC4,
    0x7C, 0x41, 0xE4, 0x07, 0x00, 0x1C, 0xD1, 0x5F, 0x11, 0xDB, 0x55, 0x55, 0xCF, 0x12, 0xA1, 0x64,
    0x04, 0x00, 0x1C, 0x51, 0x5F, 0x11, 0xF3, 0x15, 0x51, 0x5D, 0x15, 0x53, 0xA4, 0x07, 0x00, 0x9C,
    0xD0, 0x5F, 0x41, 0xF3, 0x15, 0xD0, 0xDF, 0x14, 0x51, 0x35, 0x07, 0x00, 0x1C, 0xD1, 0x5F, 0x55,
    0xF3, 0x55, 0x55, 0xDF, 0x10, 0xF9, 0x05, 0x01, 0x00, 0x9C, 0x53, 0x51, 0x03, 0xFB, 0x15, 0xD1,
    0xDF, 0x10, 0x49, 0x95, 0x05, 0x00, 0x1C, 0xD1, 0x5F, 0x25, 0x93, 0xF4, 0x57, 0xC0, 0x7C, 0x11,
    0xC5, 0x07, 0x00, 0xDC, 0xD3, 0x50, 0x7D, 0x03, 0xD4, 0x57, 0xC8, 0x7E, 0x91, 0xE4, 0x05, 0x00,
    0xDC, 0x57, 0x44, 0x7F, 0x53, 0xF5, 0x57, 0xD5, 0x7E, 0x41, 0xE4, 0x07, 0x00, 0x1C, 0xD1, 0x5F,
    0x55, 0xF3, 0x55, 0x55, 0xDF, 0x18, 0x51, 0x35, 0x05, 0x00, 0x9C, 0x50, 0x5F, 0x55, 0xF3, 0x55,
    0x55, 0x5F, 0x29, 0xFB, 0x05, 0x02, 0x00, 0x1C, 0xD1, 0x5F, 0x11, 0xFB, 0x55, 0xD1, 0xDE, 0x24,
    0x61, 0x64, 0x06, 0x00, 0x5C, 0x50, 0x5F, 0x43, 0x7B, 0x95, 0xD4, 0xDF, 0x48, 0x29, 0xE5, 0x03,
    0x00, 0x9C, 0x57, 0x52, 0x25, 0x43, 0xD4, 0x56, 0xD1, 0x6C, 0x11, 0xC5, 0x07, 0x00, 0x1C, 0x51,
    0x5F, 0x11, 0xF3, 0x95, 0x52, 0xD5, 0x7D, 0x41, 0xC4, 0x07, 0x00, 0xDC, 0x53, 0x49, 0x3D, 0x93,
    0xD4, 0x57, 0xC1, 0x7E, 0x51, 0xA5, 0x06, 0x00, 0xDC, 0x57, 0x55, 0x7D, 0x53, 0xD5, 0x57, 0xC4,
    0x7E, 0x29, 0xA5, 0x05, 0x00, 0x9C, 0xD7, 0x51, 0x29, 0x53, 0xD4, 0xD7, 0xC4, 0x7C, 0x41, 0xE4,
    0x07, 0x00, 0x5C, 0x52, 0x45, 0x7F, 0x53, 0x34, 0x55, 0xCE, 0x54, 0x4D, 0xC5, 0x00, 0x00, 0x1C,
    0xD1, 0x5F, 0x09, 0xF3, 0x35, 0x51, 0xDF, 0x44, 0xF1, 0x45, 0x04, 0x00, 0x9C, 0x50, 0x5F, 0x45,
    0x13, 0xD5, 0x57, 0x44, 0x7D, 0x43, 0xC4, 0x07, 0x00, 0x5C, 0x52, 0x5B, 0x25, 0x93, 0xD4, 0x57,
    0xD1, 0x7C, 0x11, 0xC5, 0x07, 0x00, 0xFC, 0x57, 0x49, 0x3D, 0x03, 0xF4, 0x57, 0xD5, 0x63, 0x75,
    0x95, 0x04, 0x00, 0x9C, 0x53, 0x4A, 0x7D, 0x13, 0xD5, 0x57, 0xD1, 0x7C, 0xA1, 0x64, 0x04, 0x00,
    0x9C, 0xD3, 0x48, 0x5D, 0x03, 0xD5, 0xD3, 0xD0, 0x7E, 0x51, 0xE5, 0x07, 0x00, 0x5C, 0x55, 0x55,
    0x13, 0xF3, 0x55, 0x54, 0xDF, 0x10, 0x49, 0x95, 0x05, 0x00, 0xFC, 0x56, 0x52, 0x5B, 0x93, 0xB4,
    0x57, 0xC0, 0x7E, 0x49, 0x94, 0x05, 0x00, 0x1C, 0xD1, 0x5F, 0x25, 0xFB, 0x55, 0x54, 0xDF, 0x44,
    0xF9, 0x05, 0x01, 0x00, 0x3C, 0x53, 0x51, 0x3B, 0xA3, 0x55, 0xD3, 0xDA, 0x36, 0x15, 0x94, 0x07,
    0x00, 0xFC, 0x57, 0x44, 0x7B, 0xB3, 0x94, 0xD7, 0xD2, 0x6A, 0x15, 0x94, 0x07, 0x00, 0xDC, 0xD3,
    0x50, 0x7D, 0x03, 0xD4, 0x57, 0xD5, 0x7C, 0xA1, 0x64, 0x05, 0x00, 0xDC, 0x57, 0x49, 0x5B, 0x43,
    0xF4, 0x57, 0xD0, 0x7C, 0x89, 0xE4, 0x05, 0x00, 0x5C, 0xD7, 0x47, 0x7B, 0x3B, 0x15, 0xD7, 0xC7,
    0x72, 0x79, 0x24, 0x07, 0x00, 0x10, 0xF1, 0x9F, 0x51, 0xF5, 0x3D, 0x05, 0xDF, 0x5B, 0xD4, 0xB4,
    0x05, 0x00, 0x90, 0xE0, 0xDF, 0x08, 0xFE, 0x88, 0xF0, 0x1F, 0x11, 0x38, 0x1C, 0x07, 0x00, 0x40,
    0x20, 0x49, 0x56, 0x20, 0xF0, 0x37, 0x82, 0x3F, 0x22, 0xF8, 0x07, 0x00, 0xFC, 0x97, 0x4A, 0x2A,
    0xF5, 0x5D, 0xD2, 0x5F, 0x25, 0x95, 0xD4, 0x07, 0x00, 0x88, 0xF2, 0x9F, 0x24, 0xFA, 0x45, 0x52,
    0x1F, 0x25, 0x92, 0xFC, 0x07, 0x00, 0xBC, 0x52, 0x5F, 0x25, 0xF5, 0x7D, 0x42, 0x9F, 0x25, 0x95,
    0xD8, 0x07, 0x00, 0x90, 0xE0, 0xCF, 0x04, 0xFE, 0x48, 0xF0, 0x1F, 0x16, 0x94, 0x4C, 0x04, 0x00,
    0xFC, 0x07, 0x80, 0x7F, 0x02, 0xF9, 0xA7, 0x84, 0x7E, 0x4D, 0xE4, 0x07, 0x00, 0x84, 0xF2, 0x5F,
    0x25, 0xF4, 0x7D, 0x42, 0x1F, 0x25, 0x9A, 0xC4, 0x07, 0x00, 0x90, 0xE0, 0xCF, 0x04, 0xFE, 0x48,
    0xF0, 0x5E, 0x4A, 0x39, 0x05, 0x06, 0x00, 0x90, 0x42, 0x1F, 0x25, 0xFD, 0x55, 0x52, 0x5F, 0x25,
    0x9D, 0xCC, 0x07, 0x00, 0x40, 0xF0, 0x1F, 0x29, 0xFA, 0x55, 0x22, 0xDF, 0x27, 0x94, 0xCC, 0x07,
    0x00, 0xFC, 0x52, 0xDE, 0x2B, 0xE5, 0xBD, 0x52, 0xDE, 0x2B, 0xA9, 0xBC, 0x07, 0x00, 0xBC, 0x12,
    0xDF, 0x27, 0xF4, 0x7D, 0x52, 0xDF, 0x27, 0x94, 0xFC, 0x07, 0x00, 0x28, 0xF5, 0x5E, 0x2D, 0xEF,
    0x95, 0xF2, 0x1F, 0x11, 0x38, 0x1C, 0x07, 0x00, 0x88, 0xE2, 0x5F, 0x25, 0xFF, 0x49, 0xE2, 0x5F,
    0x25, 0x9F, 0xC8, 0x07, 0x00, 0x90, 0xF2, 0x5F, 0x25, 0xFA, 0x51, 0xF2, 0x1F, 0x25, 0x9E, 0xD4,
    0x07, 0x00, 0xBC, 0x52, 0x9F, 0x2A, 0xEA, 0x95, 0xA2, 0xDE, 0x2D, 0xA2, 0xA4, 0x07, 0x00, 0x90,
    0xF2, 0x9F, 0x2A, 0xE5, 0xFD, 0x42, 0xDE, 0x2F, 0xA5, 0xB4, 0x07, 0x00, 0xA8, 0xF2, 0x5F, 0x25,
    0xFF, 0x51, 0xF2, 0x1F, 0x25, 0x9A, 0xC4, 0x07, 0x00, 0xFC, 0x07, 0xC1, 0x7F, 0x11, 0x55, 0x15,
    0x51, 0x55, 0x11, 0x45, 0x06, 0x00, 0xF8, 0x03, 0xC1, 0x7F, 0x55, 0xF9, 0x03, 0xC8, 0x7F, 0x80,
    0xF8, 0x03, 0x00, 0xF8, 0x03, 0xC1, 0x7F, 0x55, 0x41, 0xF0, 0x1F, 0x11, 0x38, 0x1C, 0x07, 0x00,
    0xF8, 0x03, 0xC1, 0x7F, 0x55, 0xF9, 0x03, 0xC0, 0x7F, 0x44, 0xF8, 0x02, 0x00, 0xF8, 0x03, 0xC1,
    0x7F, 0x55, 0xE5, 0x45, 0x88, 0x7F, 0x91, 0x40, 0x03, 0x00, 0xF8, 0x03, 0xC1, 0x7F, 0x55, 0xF9,
    0x23, 0x89, 0x3F, 0x92, 0xF8, 0x03, 0x00, 0xF8, 0x03, 0xC1, 0x7F, 0x55, 0xF1, 0x37, 0x92, 0x2F,
    0x02, 0xF9, 0x07, 0x00, 0xF8, 0x03, 0xC1, 0x7F, 0x55, 0xF9, 0x23, 0x89, 0x3F, 0x10, 0x81, 0x07,
    0x00, 0xF8, 0x03, 0xC1, 0x7F, 0x55, 0x65, 0x06, 0xC1, 0x7F, 0x29, 0xA5, 0x06, 0x00, 0xF8, 0x03,
    0xC1, 0x7F, 0x55, 0x49, 0xF2, 0x9F, 0x20, 0xFE, 0x08, 0x02, 0x00, 0xF8, 0x03, 0xC1, 0x7F, 0x11,
    0xD9, 0x43, 0xC4, 0x7C, 0x46, 0xE4, 0x07, 0x00, 0xF8, 0x03, 0xC1, 0x7F, 0x55, 0xF9, 0x23, 0x80,
    0x7F, 0x45, 0x74, 0x06, 0x00, 0xF8, 0x03, 0xC1, 0x7F, 0x55, 0xF9, 0x57, 0x8A, 0x7F, 0x92, 0xF8,
    0x01, 0x00, 0xF8, 0x03, 0xC1, 0x7F, 0x55, 0xF1, 0x33, 0x82, 0x7F, 0x22, 0xF8, 0x07, 0x00, 0xF8,
    0x03, 0xC1, 0x7F, 0x55, 0xF9, 0x83, 0xC2, 0x73, 0x7C, 0x0C, 0x06, 0x00, 0xF8, 0x03, 0xC1, 0x7F,
    0x55, 0xA1, 0xF0, 0x1E, 0x0A, 0xEF, 0x91, 0x00, 0x00, 0xF8, 0x03, 0xC1, 0x7F, 0x55, 0xA5, 0x27,
    0x42, 0x7E, 0x0A, 0xE5, 0x07, 0x00, 0xF8, 0x03, 0xC1, 0x7F, 0x55, 0x09, 0xE2, 0x8E, 0x20, 0x7C,
    0x0D, 0x07, 0x00, 0xF8, 0x03, 0xC1, 0x7F, 0x55, 0x11, 0xF1, 0x1F, 0x19, 0xD6, 0x34, 0x05, 0x00,
    0xF8, 0x03, 0xC1, 0x7F, 0x55, 0x91, 0xF7, 0x13, 0x79, 0x2E, 0xD5, 0x07, 0x00, 0xF8, 0x03, 0xC1,
    0x7F, 0x55, 0x41, 0xF0, 0x5E, 0x48, 0xCF, 0xC4, 0x04, 0x00, 0xF8, 0x03, 0xC1, 0x7F, 0x55, 0xBD,
    0x43, 0xD1, 0x7F, 0x26, 0x55, 0x03, 0x00, 0xF8, 0x03, 0xC1, 0x7F, 0x55, 0xE5, 0xA7, 0x4A, 0x7F,
    0x42, 0xE4, 0x07, 0x00, 0xF8, 0x03, 0xC1, 0x7F, 0x55, 0xB9, 0x93, 0xD1, 0x3B, 0x35, 0xBD, 0x07,
    0x00, 0xF8, 0x03, 0xC1, 0x7F, 0x55, 0xA9, 0xF7, 0x93, 0x7A, 0x3F, 0x91, 0x06, 0x00, 0xF8, 0x03,
    0xC1, 0x7F, 0x55, 0x3D, 0x91, 0xDF, 0x2B, 0xF9, 0x3D, 0x01, 0x00, 0xF8, 0x03, 0xC1, 0x7F, 0x55,
    0xFD, 0xA7, 0x4A, 0x55, 0xFE, 0x0C, 0x02, 0x00, 0xF8, 0x03, 0xC1, 0x7F, 0x55, 0xA9, 0x53, 0x95,
    0x7D, 0x45, 0xD8, 0x07, 0x00, 0xF8, 0x03, 0xC1, 0x7F, 0x55, 0xF9, 0xA7, 0x8A, 0x5D, 0xA9, 0xF4,
    0x07, 0x00, 0xF8, 0x03, 0xC1, 0x7F, 0x55, 0xB9, 0x03, 0xD2, 0x7B, 0x59, 0xBD, 0x06, 0x00, 0xF8,
    0x03, 0xC1, 0x7F, 0x55, 0xF9, 0xA3, 0xCA, 0x7F, 0x54, 0xFC, 0x07, 0x00, 0x40, 0xE0, 0x0F, 0x04,
    0xFF, 0x09, 0xE2, 0x8F, 0x20, 0xFE, 0x08, 0x02, 0x00, 0x08, 0x21, 0xDF, 0x13, 0xF4, 0x15, 0xD1,
    0x1F, 0x45, 0xF7, 0x41, 0x04, 0x00, 0x10, 0xF1, 0x1F, 0x45, 0xEF, 0x11, 0xF1, 0x5D, 0x14, 0x7F,
    0x24, 0x06, 0x00, 0xD0, 0xF7, 0x09, 0x49, 0x5F, 0x90, 0xF7, 0x54, 0x7E, 0x4F, 0xA4, 0x01, 0x00,
    0xA0, 0xF0, 0x1E, 0x0A, 0xEF, 0xA1, 0xF0, 0x02, 0x7A, 0x24, 0x8C, 0x00, 0x00, 0x48, 0xE0, 0x4F,
    0x04, 0xFF, 0x11, 0xF1, 0x1F, 0x0A, 0xEF, 0x91, 0x00, 0x00, 0x40, 0xF0, 0x5F, 0x12, 0xFF, 0xAD,
    0xD2, 0x5D, 0x14, 0xDF, 0x25, 0x01, 0x00, 0xFC, 0x07, 0xC1, 0x7F, 0x45, 0xF5, 0x55, 0x54, 0x5F,
    0x45, 0xFD, 0x07, 0x00, 0xFC, 0x87, 0xD2, 0x7F, 0x25, 0xF5, 0x54, 0x5E, 0x2F, 0xA5, 0x7C, 0x06,
    0x00, 0xFC, 0x97, 0xD4, 0x7F, 0x49, 0xBC, 0x92, 0xD2, 0x7F, 0xAA, 0xF8, 0x03, 0x00, 0x10, 0xF1,
    0x1F, 0x11, 0xFE, 0x48, 0xE2, 0x0F, 0x04, 0xFF, 0x41, 0x00, 0x00, 0x28, 0xF1, 0x87, 0x54, 0xDF,
    0x54, 0xF1, 0x05, 0x55, 0x5F, 0x51, 0x07, 0x00, 0xA8, 0xF7, 0x95, 0x52, 0x5F, 0xD5, 0xF7, 0x03,
    0x09, 0x3F, 0x91, 0x07, 0x00, 0xA8, 0xF7, 0x93, 0x4A, 0xFF, 0x95, 0xF4, 0x13, 0x79, 0x1F, 0x90,
    0x07, 0x00, 0x28, 0xF1, 0x9F, 0x54, 0x5F, 0x55, 0xF5, 0x1F, 0x11, 0xAF, 0x50, 0x04, 0x00, 0x28,
    0xF2, 0x9F, 0x22, 0xFF, 0x55, 0xF2, 0x1F, 0x21, 0x9F, 0x90, 0x07, 0x00, 0x28, 0xF1, 0x9F, 0x42,
    0x2F, 0xD4, 0xF7, 0x09, 0x25, 0x67, 0x70, 0x06, 0x00, 0xDC, 0x23, 0x89, 0x2C, 0xDF, 0x11, 0xF1,
    0x9F, 0x24, 0xFF, 0x41, 0x00, 0x00, 0x28, 0xF1, 0x95, 0x32, 0x5F, 0xD4, 0xF7, 0x11, 0x7D, 0x1F,
    0x51, 0x06, 0x00, 0x48, 0xF0, 0x9F, 0x4A, 0x6F, 0x95, 0xF4, 0x1F, 0x49, 0x6F, 0x91, 0x06, 0x00,
    0xA8, 0xF3, 0x89, 0x12, 0xFF, 0x55, 0xF5, 0x04, 0x7D, 0x6F, 0x50, 0x05, 0x00, 0xE8, 0x71, 0x85,
    0x54, 0x7F, 0x55, 0xF3, 0x05, 0x15, 0xBF, 0x50, 0x04, 0x00, 0xE8, 0xF7, 0x84, 0x7E, 0x5F, 0xD5,
    0xF7, 0x15, 0x7D, 0x5F, 0xD0, 0x06, 0x00, 0xE8, 0xF7, 0x94, 0x7E, 0x0F, 0xD4, 0xF7, 0x15, 0x7D,
    0x57, 0xF1, 0x07, 0x00, 0x28, 0xF2, 0x9F, 0x52, 0x5F, 0xD5, 0xF7, 0x09, 0x7D, 0x9F, 0x90, 0x07,
    0x00, 0xE8, 0xF7, 0x88, 0x7C, 0x5F, 0xD5, 0xF3, 0x1A, 0x35, 0x5F, 0xD0, 0x07, 0x00, 0x40, 0xE0,
    0x0F, 0x22, 0xFF, 0x11, 0xE1, 0x8F, 0x04, 0xFF, 0x41, 0x00, 0x00, 0x88, 0xF7, 0x95, 0x54, 0x5F,
    0xA9, 0xF5, 0x54, 0x51, 0x5F, 0x91, 0x06, 0x00, 0x88, 0xF0, 0x9F, 0x48, 0xFF, 0x55, 0xF2, 0x9F,
    0x12, 0xFF, 0x09, 0x01, 0x00, 0x90, 0xF7, 0x8B, 0x44, 0x5F, 0xA8, 0xF6, 0x53, 0x79, 0x3F, 0x91,
    0x07, 0x00, 0xA0, 0x80, 0xC2, 0x7B, 0x28, 0xBC, 0x87, 0xC2, 0x7B, 0x28, 0xFC, 0x07, 0x00, 0x40,
    0xE0, 0x0F, 0x11, 0x44, 0xFC, 0x27, 0x88, 0x3F, 0x82, 0xF8, 0x03, 0x00, 0xD0, 0xF7, 0x94, 0x4A,
    0x9A, 0x3D, 0x90, 0xDE, 0x4B, 0x29, 0xBD, 0x07, 0x00, 0xD0, 0xF3, 0x89, 0x7E, 0x0A, 0xFD, 0x97,
    0xD0, 0x7F, 0x91, 0x3C, 0x04, 0x00, 0xE8, 0x97, 0xD4, 0x3F, 0x4A, 0xFD, 0x47, 0xC4, 0x7F, 0x82,
    0xF8, 0x03, 0x00, 0xFC, 0x07, 0x81, 0x3F, 0x82, 0xF8, 0x23, 0x88, 0x3F, 0x44, 0x0C, 0x06, 0x00,
    0xE0, 0x77, 0x84, 0x7E, 0x0A, 0xE9, 0xA7, 0x90, 0x7E, 0xA3, 0x60, 0x04, 0x00, 0xE0, 0x17, 0x44,
    0x7E, 0x0F, 0xE5, 0x97, 0x50, 0x7E, 0xA7, 0x60, 0x04, 0x00, 0xE0, 0x77, 0x84, 0x7E, 0x0A, 0xE9,
    0xA7, 0x90, 0x7E, 0xA7, 0x60, 0x04, 0x00, 0xE4, 0x57, 0x44, 0x7D, 0x15, 0xD5, 0x57, 0x51, 0x7D,
    0xA5, 0x64, 0x04, 0x00, 0xF0, 0x27, 0x44, 0x7E, 0x0C, 0xE9, 0x97, 0x10, 0x7F, 0xA2, 0x64, 0x04,
    0x00, 0xC0, 0xF7, 0x84, 0x7C, 0x12, 0xFD, 0x27, 0x91, 0x7C, 0xA7, 0x60, 0x04, 0x00, 0xD8, 0x47,
    0x44, 0x7E, 0x15, 0xD1, 0x27, 0x91, 0x7E, 0xA9, 0x7C, 0x04, 0x00, 0xFC, 0x87, 0x04, 0x7D, 0x1F,
    0xE9, 0x67, 0x91, 0x7C, 0xA2, 0x6C, 0x04, 0x00, 0xDC, 0x07, 0x04, 0x7C, 0x1F, 0xD1, 0x67, 0x51,
    0x7F, 0xA1, 0x60, 0x04, 0x00, 0xF8, 0x47, 0x44, 0x7E, 0x09, 0xFD, 0xA7, 0x90, 0x7E, 0x91, 0x34,
    0x04, 0x00, 0xD0, 0xF7, 0x04, 0x7D, 0x15, 0xD5, 0xF7, 0x51, 0x7D, 0xA4, 0x70, 0x04, 0x00, 0xD0,
    0xF7, 0x45, 0x7D, 0x15, 0xFD, 0x17, 0x51, 0x7D, 0xAC, 0x4C, 0x04, 0x00, 0xD8, 0x17, 0xC4, 0x7F,
    0x10, 0xFD, 0x27, 0x91, 0x7E, 0xA6, 0x68, 0x04, 0x00, 0xC8, 0xF7, 0x84, 0x7C, 0x1F, 0xC1, 0x77,
    0x51, 0x7D, 0xA5, 0x7C, 0x04, 0x00, 0xFC, 0x57, 0x42, 0x7F, 0x0B, 0xED, 0xB7, 0x50, 0x7F, 0xA5,
    0x7C, 0x04, 0x00, 0xFC, 0x07, 0xC2, 0x7F, 0x09, 0xE5, 0xF7, 0x90, 0x7E, 0xAA, 0x7C, 0x04, 0x00,
    0x90, 0xF7, 0x05, 0x79, 0x35, 0xD5, 0xE7, 0x12, 0x79, 0xAA, 0x44, 0x04, 0x00, 0xD8, 0x97, 0xC4,
    0x7F, 0x10, 0xFD, 0x47, 0xD1, 0x7F, 0xA9, 0x7C, 0x04, 0x00, 0xFC, 0x07, 0x84, 0x7E, 0x15, 0xE9,
    0x07, 0xD1, 0x7F, 0xA4, 0x7C, 0x04, 0x00, 0xFC, 0x47, 0xC4, 0x7F, 0x24, 0xB9, 0x57, 0x93, 0x7A,
    0xAA, 0x64, 0x04, 0x00, 0xD0, 0xD7, 0x44, 0x7D, 0x1F, 0xD1, 0xD7, 0x91, 0x7D, 0xAC, 0x4C, 0x04,
    0x00, 0xFC, 0x57, 0xC4, 0x7F, 0x15, 0xFD, 0x47, 0xD1, 0x7F, 0xA4, 0x74, 0x04, 0x00, 0xBC, 0x97,
    0xC4, 0x7B, 0x29, 0xBD, 0x47, 0x44, 0x4B, 0x07, 0xE4, 0x07, 0x00, 0xC8, 0xF7, 0x44, 0x7D, 0x12,
    0xD5, 0x87, 0xD1, 0x7D, 0xA5, 0x7C, 0x04, 0x00, 0xFC, 0x57, 0xC5, 0x7F, 0x10, 0xFD, 0x27, 0xD1,
    0x7F, 0x91, 0x30, 0x04, 0x00, 0xD0, 0xF7, 0x44, 0x7D, 0x0A, 0xFD, 0x57, 0xD1, 0x7E, 0xA4, 0x6C,
    0x04, 0x00, 0xD4, 0x57, 0xC5, 0x7F, 0x20, 0xFD, 0x27, 0xD2, 0x7F, 0xA5, 0x54, 0x04, 0x00, 0xFC,
    0x57, 0xC4, 0x7F, 0x11, 0xFD, 0x17, 0xD1, 0x7F, 0xA4, 0x74, 0x04, 0x00, 0xD0, 0xF7, 0x04, 0x7D,
    0x1F, 0xC5, 0xF7, 0x11, 0x7C, 0xAA, 0x44, 0x04, 0x00, 0xD4, 0x47, 0xC4, 0x7F, 0x16, 0xD5, 0xF7,
    0x11, 0x7D, 0xA6, 0x64, 0x04, 0x00, 0xFC, 0x07, 0xC4, 0x7F, 0x11, 0xFD, 0x57, 0xD1, 0x7F, 0xA5,
    0x7C, 0x04, 0x00, 0xD0, 0xF7, 0x44, 0x7D, 0x1D, 0xC5, 0xF7, 0x91, 0x7C, 0xA2, 0x7C, 0x04, 0x00,
    0xFC, 0x17, 0xC5, 0x7F, 0x15, 0xE9, 0x57, 0xD1, 0x7F, 0xA0, 0x54, 0x04, 0x00, 0xD4, 0xF7, 0x44,
    0x7D, 0x2C, 0x4D, 0xC3, 0x17, 0x15, 0xFF, 0x41, 0x00, 0x00, 0xB8, 0x27, 0xC4, 0x7F, 0x25, 0xFD,
    0x57, 0xD2, 0x7F, 0x95, 0xFC, 0x04, 0x00, 0xF8, 0x23, 0x88, 0x3E, 0xA2, 0xE8, 0xA3, 0x8A, 0x3E,
    0xA2, 0xF5, 0x05, 0x00, 0xE8, 0xA7, 0xD0, 0x7F, 0x28, 0xE5, 0x97, 0x0A, 0x3E, 0x27, 0xF1, 0x07,
    0x00, 0x7C, 0x12, 0xC5, 0x77, 0x15, 0x7C, 0x57, 0xD5, 0x77, 0x14, 0xBC, 0x07, 0x00, 0x7C, 0x17,
    0xC9, 0x77, 0x95, 0x7C, 0x57, 0xD5, 0x77, 0x14, 0xBC, 0x07, 0x00, 0x7C, 0x17, 0xD5, 0x77, 0x55,
    0xFD, 0x57, 0xC9, 0x57, 0x14, 0xBC, 0x07, 0x00, 0x7C, 0x17, 0xD5, 0x7F, 0x55, 0xFC, 0x57, 0xD5,
    0x57, 0xB4, 0xBC, 0x07, 0x00, 0x7C, 0x11, 0xDB, 0x47, 0xB5, 0x7D, 0x54, 0xDF, 0x27, 0x74, 0x3C,
    0x06, 0x00, 0xFC, 0x47, 0xD1, 0x7F, 0x55, 0xFD, 0x07, 0xD5, 0x3F, 0x44, 0xD5, 0x07, 0x00, 0xF8,
    0x85, 0xCC, 0x55, 0x54, 0x50, 0xF4, 0x0F, 0x55, 0x52, 0x48, 0x06, 0x00, 0xE0, 0x40, 0x85, 0x3F,
    0x83, 0xF9, 0x23, 0x88, 0x3F, 0x42, 0x3C, 0x06, 0x00, 0xB8, 0x13, 0xCA, 0x2B, 0xA9, 0xBC, 0x92,
    0xCA, 0x2B, 0xA5, 0x6C, 0x06, 0x00, 0x88, 0xE3, 0x91, 0x7C, 0x15, 0xD5, 0x47, 0x11, 0x7E, 0x94,
    0xCC, 0x04, 0x00, 0x38, 0x11, 0xDF, 0x13, 0x49, 0x3D, 0x95, 0xDF, 0x13, 0x45, 0x2D, 0x07, 0x00,
    0xD8, 0x17, 0xC4, 0x13, 0x49, 0xFC, 0x97, 0xC4, 0x13, 0x45, 0xEC, 0x07, 0x00, 0x98, 0x10, 0xDE,
    0x17, 0x49, 0xFC, 0x97, 0xD4, 0x53, 0x25, 0xAD, 0x06, 0x00, 0xD8, 0x17, 0xC1, 0x07, 0xF1, 0x7D,
    0x14, 0xD5, 0x57, 0xC9, 0xDC, 0x04, 0x00, 0xB8, 0x10, 0xDE, 0x57, 0x51, 0x7D, 0x11, 0xC5, 0x17,
    0xA9, 0x5C, 0x04, 0x00, 0x38, 0x11, 0xD2, 0x4B, 0xE9, 0x3D, 0x90, 0xDE, 0x4B, 0x25, 0xAD, 0x07,
    0x00, 0xD8, 0x97, 0xD0, 0x5D, 0x05, 0xDD, 0x55, 0xD5, 0x55, 0x79, 0x1D, 0x06, 0x00, 0xB8, 0x10,
    0xDE, 0x47, 0xE9, 0xBD, 0x92, 0xCE, 0x0B, 0x25, 0xAD, 0x07, 0x00, 0xB8, 0x10, 0xDE, 0x17, 0xF1,
    0x7D, 0x15, 0xD5, 0x57, 0xC9, 0x5D, 0x01, 0x00, 0x18, 0x11, 0xDF, 0x2B, 0x19, 0x3D, 0x90, 0xC9,
    0x2B, 0x65, 0x6C, 0x06, 0x00, 0x58, 0x12, 0xC5, 0x7F, 0xA9, 0xBC, 0x92, 0xDF, 0x2B, 0xA5, 0x6C,
    0x02, 0x00, 0x98, 0x90, 0xDF, 0x43, 0xE9, 0xBD, 0x94, 0xD2, 0x7B, 0x05, 0x2D, 0x06, 0x00, 0x10,
    0xF1, 0x1F, 0x04, 0xFF, 0x11, 0xE1, 0x5F, 0x25, 0x64, 0x3C, 0x06, 0x00, 0xD8, 0x17, 0xD2, 0x7B,
    0x29, 0xBD, 0x97, 0xD2, 0x4B, 0xF5, 0x2D, 0x04, 0x00, 0xB8, 0x27, 0x90, 0x2B, 0xCB, 0xF0, 0x75,
    0x04, 0x5F, 0xA4, 0x3C, 0x07, 0x00, 0xD8, 0x17, 0xC9, 0x4B, 0x49, 0xBC, 0x90, 0xDF, 0x25, 0x75,
    0x2C, 0x06, 0x00, 0x88, 0xD3, 0xD5, 0x15, 0xFD, 0x5D, 0x51, 0xD5, 0x2E, 0x95, 0x6C, 0x05, 0x00,
    0x98, 0x13, 0xD1, 0x03, 0xF9, 0x3D, 0x91, 0xDF, 0x13, 0x55, 0xAD, 0x05, 0x00, 0xD8, 0x17, 0xD1,
    0x7F, 0x11, 0xFD, 0x17, 0xC9, 0x6F, 0x95, 0xEC, 0x06, 0x00, 0x58, 0x92, 0xDF, 0x25, 0x69, 0x5D,
    0x92, 0xDF, 0x25, 0x65, 0x6D, 0x06, 0x00, 0xB8, 0x17, 0xD2, 0x27, 0x49, 0xFC, 0x96, 0xD0, 0x6F,
    0x11, 0xDD, 0x07, 0x00, 0x18, 0x11, 0xDF, 0x4B, 0xE9, 0xBD, 0x90, 0xDE, 0x4B, 0x25, 0xAD, 0x07,
    0x00, 0xD8, 0x17, 0xD5, 0x7D, 0x55, 0xFD, 0x57, 0xC1, 0x55, 0x99, 0xDC, 0x04, 0x00, 0x98, 0x90,
    0xDF, 0x53, 0xF9, 0x3D, 0x95, 0xDF, 0x2B, 0x31, 0xBD, 0x07, 0x00, 0x68, 0x97, 0xD4, 0x53, 0x29,
    0xFD, 0x97, 0xD4, 0x7F, 0x49, 0xED, 0x07, 0x00, 0x18, 0x11, 0xDB, 0x43, 0xB9, 0x3D, 0x94, 0xDF,
    0x2B, 0x65, 0x6C, 0x06, 0x00, 0x98, 0x13, 0xCA, 0x2B, 0xF9, 0x3D, 0x95, 0xDF, 0x4B, 0xC1, 0xDC,
    0x04, 0x00, 0x58, 0x93, 0xD6, 0x35, 0x6D, 0x1D, 0xD1, 0xDF, 0x55, 0xC9, 0xDC, 0x04, 0x00, 0x18,
    0x11, 0xDF, 0x2B, 0xF9, 0xBD, 0x92, 0xDF, 0x1B, 0x51, 0x3D, 0x07, 0x00, 0xFC, 0x97, 0xC4, 0x7F,
    0xA9, 0xF4, 0x65, 0x4C, 0x5F, 0x44, 0x7C, 0x06, 0x00, 0x98, 0x13, 0xC9, 0x7F, 0x95, 0xDC, 0xD7,
    0xD5, 0x7D, 0xA1, 0x5C, 0x06, 0x00, 0x08, 0x42, 0xC4, 0x7F, 0x08, 0xF8, 0x23, 0x88, 0x3F, 0x82,
    0xF8, 0x03, 0x00, 0xF8, 0x03, 0xC1, 0x7F, 0x54, 0xF8, 0x33, 0x98, 0x3F, 0x82, 0xF8, 0x03, 0x00,
    0xBC, 0x40, 0xDF, 0x47, 0xF6, 0x75, 0x14, 0xDF, 0x27, 0x61, 0x7C, 0x06, 0x00, 0xFC, 0x43, 0xD9,
    0x1B, 0x95, 0xFD, 0x53, 0x85, 0x3F, 0x83, 0xF9, 0x03, 0x00, 0xF8, 0x27, 0x81, 0x3F, 0x12, 0xF8,
    0x23, 0x81, 0x7F, 0x00, 0xA5, 0x06, 0x00, 0xFC, 0x57, 0xD0, 0x43, 0x25, 0x95, 0xF2, 0x0A, 0x12,
    0xAB, 0x70, 0x04, 0x00, 0xE4, 0xA7, 0x04, 0x7E, 0x48, 0xE0, 0xA7, 0x84, 0x7E, 0x01, 0xA5, 0x06,
    0x00, 0x3C, 0x55, 0xC4, 0x7D, 0x45, 0x14, 0xF1, 0x04, 0x2A, 0xAB, 0x70, 0x04, 0x00, 0x3C, 0x51,
    0xC5, 0x77, 0x75, 0x75, 0x75, 0x05, 0x05, 0x15, 0xD9, 0x07, 0x00, 0x7C, 0x54, 0xD5, 0x57, 0x55,
    0x55, 0xF5, 0x15, 0x54, 0x13, 0x31, 0x04, 0x00, 0x7C, 0x54, 0xCA, 0x13, 0xA5, 0x54, 0xF4, 0x0A,
    0x12, 0xAB, 0x70, 0x04, 0x00, 0xBC, 0x50, 0xC4, 0x7F, 0x45, 0x14, 0xF1, 0x1F, 0x12, 0x4B, 0xF0,
    0x07, 0x00, 0x90, 0xF7, 0x93, 0x54, 0xCE, 0xEC, 0x25, 0x81, 0x7F, 0x00, 0x55, 0x03, 0x00, 0x7C,
    0x50, 0xDF, 0x43, 0x75, 0x55, 0xF5, 0x15, 0x5E, 0x0B, 0x31, 0x03, 0x00, 0x88, 0xF7, 0x92, 0x7E,
    0x25, 0xF0, 0x43, 0x02, 0x7F, 0x02, 0xA5, 0x06, 0x00, 0x3C, 0x55, 0xDA, 0x4F, 0x25, 0x95, 0xF6,
    0x12, 0x4A, 0x2B, 0xB1, 0x06, 0x00, 0x3C, 0x51, 0xDF, 0x57, 0x55, 0x55, 0xF7, 0x06, 0x12, 0xAB,
    0x70, 0x04, 0x00, 0x3C, 0x51, 0xDF, 0x47, 0x25, 0x94, 0xF6, 0x06, 0x0A, 0x2B, 0xB1, 0x07, 0x00,
    0xFC, 0x57, 0xD5, 0x57, 0x55, 0xD5, 0xF6, 0x11, 0x44, 0xF3, 0x31, 0x04, 0x00, 0xBC, 0x54, 0xCA,
    0x7F, 0xA5, 0x94, 0xF2, 0x1F, 0x2A, 0xAB, 0x70, 0x02, 0x00, 0x3C, 0x51, 0xDF, 0x4B, 0xA5, 0x14,
    0xF1, 0x12, 0x26, 0x6B, 0x70, 0x06, 0x00, 0xBC, 0x57, 0xD1, 0x2B, 0xC5, 0x94, 0xF4, 0x1F, 0x4A,
    0x2B, 0xB1, 0x07, 0x00, 0xBC, 0x50, 0xD1, 0x7F, 0xA5, 0x54, 0xF6, 0x0E, 0x26, 0x6B, 0x70, 0x06,
    0x00, 0xFC, 0x57, 0xD5, 0x7F, 0x55, 0xD5, 0xF7, 0x02, 0x7C, 0x13, 0x31, 0x03, 0x00, 0x3C, 0x51,
    0xDF, 0x13, 0xA5, 0x54, 0xF4, 0x1F, 0x52, 0x7B, 0x31, 0x06, 0x00, 0xBC, 0x80, 0xDE, 0x27, 0x54,
    0xE8, 0x37, 0x81, 0x7F, 0x00, 0x55, 0x03, 0x00, 0xFC, 0x57, 0xC0, 0x7F, 0x15, 0xD5, 0xF7, 0x15,
    0x7C, 0x53, 0x31, 0x05, 0x00, 0xFC, 0x97, 0x92, 0x3F, 0x28, 0xFC, 0x27, 0x49, 0x7F, 0x00, 0x55,
    0x03, 0x00, 0x5C, 0xD5, 0xDF, 0x29, 0x5D, 0xD5, 0x73, 0x45, 0x7D, 0x05, 0xB5, 0x06, 0x00, 0xFC,
    0x57, 0xD5, 0x2B, 0x55, 0xD5, 0xF7, 0x15, 0x3E, 0x4B, 0xF1, 0x07, 0x00, 0xFC, 0x57, 0xD5, 0x7F,
    0x55, 0xD5, 0xF7, 0x0A, 0x7E, 0x4B, 0x70, 0x05, 0x00, 0xFC, 0x87, 0x82, 0x3F, 0x82, 0xFC, 0x27,
    0x49, 0x7F, 0x00, 0x55, 0x03, 0x00, 0xFC, 0x57, 0xCA, 0x7F, 0x55, 0xD5, 0xF7, 0x00, 0x7E, 0x4B,
    0x70, 0x05, 0x00, 0xFC, 0x57, 0xD5, 0x57, 0xD5, 0x55, 0xF0, 0x1F, 0x54, 0x53, 0xF1, 0x07, 0x00,
    0xFC, 0x57, 0xC2, 0x7F, 0x95, 0xB4, 0x75, 0x00, 0x7F, 0x55, 0xD9, 0x05, 0x00, 0xBC, 0x53, 0xD1,
    0x7B, 0x05, 0xD4, 0xF7, 0x15, 0x7E, 0xAB, 0x70, 0x05, 0x00, 0x94, 0xF0, 0x5F, 0x55, 0xD7, 0xF8,
    0x25, 0x81, 0x7F, 0x00, 0x55, 0x03, 0x00, 0xFC, 0x57, 0xD5, 0x57, 0xF5, 0x95, 0xF2, 0x1F, 0x12,
    0xFB, 0x31, 0x01, 0x00, 0xFC, 0x57, 0xD5, 0x5F, 0xD5, 0xD4, 0xF4, 0x0E, 0x56, 0xEB, 0x70, 0x05,
    0x00, 0x7C, 0x57, 0xC4, 0x7F, 0x95, 0xD4, 0xF7, 0x09, 0x7C, 0x53, 0xF1, 0x07, 0x00, 0xBC, 0x52,
    0xDB, 0x2B, 0xF5, 0x55, 0xF5, 0x1F, 0x2A, 0xFB, 0x31, 0x04, 0x00, 0x7C, 0x57, 0xC0, 0x6F, 0x95,
    0xF4, 0x77, 0x15, 0x7D, 0x9D, 0xD8, 0x06, 0x00, 0xF0, 0x41, 0x07, 0x15, 0xFF, 0x05, 0xC4, 0x07,
    0x11, 0x7C, 0x10, 0x01, 0x00, 0x38, 0xA1, 0x84, 0x7E, 0x0F, 0x84, 0xE3, 0x8A, 0x2A, 0xAE, 0x68,
    0x06, 0x00, 0x78, 0x27, 0x95, 0x56, 0x7F, 0x85, 0xE0, 0x9F, 0x54, 0xDE, 0xC8, 0x04, 0x00, 0x38,
    0xA1, 0x84, 0x7A, 0x4F, 0x04, 0xE1, 0x9E, 0x4A, 0x2E, 0xA9, 0x07, 0x00, 0x78, 0x21, 0x9F, 0x4A,
    0xAF, 0x44, 0xE1, 0x93, 0x22, 0x6E, 0x68, 0x06, 0x00, 0xB8, 0xA7, 0x91, 0x2A, 0xCF, 0xA4, 0xE4,
    0x9F, 0x4A, 0x2E, 0xA9, 0x07, 0x00, 0x78, 0x21, 0x9F, 0x56, 0xFF, 0x44, 0xE5, 0x9F, 0x4A, 0xEE,
    0x68, 0x04, 0x00, 0x5C, 0xD2, 0x5F, 0x15, 0xFF, 0x45, 0xF1, 0x5C, 0x29, 0xFF, 0x55, 0x02, 0x00,
    0x3C, 0x51, 0x5F, 0x2B, 0xF7, 0x65, 0x75, 0x5D, 0x55, 0x37, 0x34, 0x07, 0x00, 0xF8, 0x27, 0x95,
    0x7E, 0x4F, 0xC5, 0xE7, 0x91, 0x7C, 0x9E, 0xC8, 0x07, 0x00, 0x40, 0xF0, 0x1F, 0x11, 0x7C, 0x00,
    0xF0, 0x5F, 0x51, 0x7D, 0x05, 0x06, 0x00, 0x78, 0x26, 0x86, 0x63, 0x62, 0x78, 0xB7, 0x00, 0x3E,
    0x0F, 0xE1, 0x07, 0x00, 0x78, 0x26, 0x86, 0x67, 0x62, 0x7C, 0x46, 0x42, 0x7B, 0x25, 0xBC, 0x07,
    0x00, 0x78, 0x26, 0x86, 0x63, 0x62, 0x7C, 0x26, 0x0B, 0x73, 0x32, 0x34, 0x07, 0x00, 0x78, 0x26,
    0x86, 0x67, 0x62, 0x4C, 0xE6, 0x8F, 0x24, 0xFF, 0x09, 0x02, 0x00, 0x78, 0x26, 0x86, 0x63, 0x62,
    0x7C, 0x07, 0xC1, 0x7F, 0x82, 0xF8, 0x03, 0x00, 0x78, 0x26, 0x86, 0x63, 0x62, 0x7C, 0x16, 0x90,
    0x3F, 0x54, 0x4C, 0x06, 0x00, 0x78, 0x26, 0x86, 0x63, 0x62, 0x7C, 0x46, 0x95, 0x11, 0x2D, 0xD1,
    0x07, 0x00, 0x78, 0x26, 0x86, 0x63, 0x62, 0x7C, 0x46, 0xD6, 0x4B, 0xE9, 0xBD, 0x04, 0x00, 0x78,
    0x26, 0x86, 0x63, 0x62, 0x7C, 0x26, 0x57, 0x45, 0xE2, 0x64, 0x04, 0x00, 0x78, 0x26, 0x86, 0x63,
    0x62, 0x7C, 0x96, 0x96, 0x21, 0x7C, 0x0C, 0x06, 0x00, 0xBC, 0x57, 0xD4, 0x7B, 0x45, 0x15, 0xF5,
    0x5E, 0x40, 0x01, 0x05, 0x06, 0x00, 0xBC, 0x57, 0xD4, 0x7B, 0x55, 0xFD, 0x17, 0x51, 0x5F, 0x55,
    0x55, 0x05, 0x00, 0xBC, 0x57, 0xD4, 0x7B, 0x45, 0xFD, 0x97, 0xD2, 0x7F, 0x29, 0x15, 0x05, 0x00,
    0x48, 0xF2, 0x9D, 0x2A, 0xFF, 0x95, 0xA5, 0xD8, 0x1B, 0x11, 0x7D, 0x03, 0x00, 0xFC, 0x07, 0x80,
    0x3F, 0x82, 0xFC, 0x97, 0xD2, 0x79, 0x3D, 0x45, 0x06, 0x00, 0x20, 0xE0, 0x8F, 0x24, 0xFE, 0x48,
    0xE2, 0x0F, 0x2A, 0x24, 0x8D, 0x07, 0x00, 0x08, 0xF5, 0x59, 0x4D, 0x5F, 0x55, 0xF4, 0x1D, 0x4D,
    0x06, 0xF4, 0x07, 0x00, 0x80, 0xF0, 0x1F, 0x4A, 0xFF, 0xA9, 0x94, 0x5F, 0x29, 0x37, 0xB1, 0x07,
    0x00, 0x88, 0xA0, 0xDF, 0x53, 0xF9, 0x3D, 0x95, 0x5F, 0x2A, 0x3F, 0xA1, 0x07, 0x00, 0x08, 0xF2,
    0x5F, 0x25, 0xFF, 0x55, 0xF2, 0x9D, 0x2A, 0x0A, 0xE5, 0x07, 0x00, 0xBC, 0x40, 0xDF, 0x57, 0xF6,
    0x55, 0xF5, 0x9F, 0x14, 0x6E, 0x65, 0x07, 0x00, 0x80, 0xF0, 0x5F, 0x22, 0xFF, 0x55, 0xB5, 0x4A,
    0x3E, 0x51, 0x35, 0x07, 0x00, 0xFC, 0x97, 0xD4, 0x7B, 0x49, 0xFC, 0x53, 0x15, 0x1F, 0x28, 0x9D,
    0x07, 0x00, 0xF0, 0x21, 0xC2, 0x3F, 0x92, 0xF8, 0x23, 0x89, 0x3F, 0x92, 0x94, 0x04, 0x00, 0xF0,
    0x23, 0xC4, 0x3F, 0x92, 0xF8, 0xA3, 0x4A, 0x5F, 0x82, 0xF8, 0x03, 0x00, 0x38, 0x15, 0xD4, 0x7F,
    0x45, 0xFC, 0x52, 0xCA, 0x2F, 0xA0, 0x54, 0x06, 0x00, 0xB8, 0x90, 0xDE, 0x47, 0x75, 0x7D, 0x55,
    0xD7, 0x07, 0x10, 0xD5, 0x07, 0x00, 0x38, 0x11, 0xDF, 0x0B, 0xF5, 0x7D, 0x54, 0xDF, 0x47, 0xF0,
    0x55, 0x04, 0x00, 0x38, 0x11, 0xDF, 0x2B, 0x15, 0x3D, 0x50, 0xC9, 0x2B, 0x60, 0x54, 0x06, 0x00,
    0xB8, 0x94, 0xCA, 0x7F, 0x95, 0xFC, 0x57, 0xC9, 0x27, 0xE0, 0x55, 0x02, 0x00, 0xD8, 0x17, 0xD5,
    0x7F, 0x55, 0xFD, 0x57, 0xC4, 0x7F, 0x40, 0xD4, 0x07, 0x00, 0x84, 0xA0, 0x4A, 0x4A, 0xB4, 0x08,
    0xF1, 0x8F, 0x24, 0xFE, 0xA4, 0x04, 0x00, 0xB8, 0x17, 0xD2, 0x7B, 0x25, 0xFD, 0x57, 0xD1, 0x7F,
    0x10, 0xD5, 0x07, 0x00, 0x38, 0x91, 0xDF, 0x03, 0xF5, 0x7D, 0x54, 0xDF, 0x13, 0x60, 0x55, 0x05,
    0x00, 0xF8, 0x97, 0xD4, 0x5F, 0x49, 0xFD, 0x95, 0xD4, 0x5B, 0xD8, 0x35, 0x01, 0x00, 0xF8, 0x11,
    0xD5, 0x57, 0x75, 0x7D, 0x53, 0xC5, 0x17, 0xB0, 0x54, 0x04, 0x00, 0xD8, 0x17, 0xD5, 0x7F, 0x55,
    0x7D, 0x55, 0xDF, 0x13, 0x10, 0xD5, 0x05, 0x00, 0xD8, 0x17, 0xD5, 0x7F, 0x55, 0x7C, 0x53, 0xD7,
    0x17, 0xE0, 0x54, 0x05, 0x00, 0xB8, 0x94, 0xDF, 0x2B, 0xF5, 0xBD, 0x54, 0xCB, 0x7B, 0x20, 0xD5,
    0x07, 0x00, 0xB8, 0x17, 0xD5, 0x7B, 0x55, 0x9D, 0xD7, 0xC5, 0x7D, 0x50, 0xB4, 0x07, 0x00, 0xB8,
    0x93, 0xCA, 0x2F, 0xF5, 0x7D, 0x55, 0xDF, 0x27, 0x60, 0x54, 0x06, 0x00, 0xF8, 0x97, 0xC4, 0x7F,
    0x55, 0xFD, 0x57, 0xC0, 0x7F, 0x50, 0x34, 0x05, 0x00, 0xB4, 0x40, 0xDE, 0x4F, 0x55, 0x7D, 0x53,
    0x93, 0x24, 0xFE, 0xA4, 0x04, 0x00, 0x58, 0x92, 0xDF, 0x11, 0xFD, 0x5D, 0xD5, 0xDF, 0x45, 0x10,
    0xD5, 0x07, 0x00, 0xE8, 0x97, 0xC4, 0x7B, 0x55, 0xFD, 0x52, 0xC9, 0x2F, 0x50, 0x35, 0x05, 0x00,
    0x58, 0x15, 0xCD, 0x7F, 0x55, 0xFC, 0x55, 0xDD, 0x57, 0xE0, 0x55, 0x04, 0x00, 0xE8, 0x17, 0xD5,
    0x55, 0xDD, 0x9D, 0xD0, 0xDD, 0x55, 0x50, 0xF5, 0x07, 0x00, 0x38, 0x97, 0xC4, 0x7F, 0x95, 0xFC,
    0x57, 0xC9, 0x7F, 0x50, 0xD5, 0x07, 0x00, 0x20, 0xE0, 0x87, 0x10, 0x7E, 0x08, 0xE1, 0x1F, 0x40,
    0x2A, 0x55, 0x03, 0x00, 0x88, 0xA0, 0xCF, 0x23, 0xFA, 0x28, 0xA2, 0x9F, 0x42, 0x51, 0xA5, 0x06,
    0x00, 0xFC, 0x93, 0x48, 0x2F, 0xA5, 0xF4, 0x52, 0x4A, 0x5F, 0x41, 0x55, 0x05, 0x00, 0x80, 0x70,
    0x4F, 0x25, 0xF5, 0x54, 0x52, 0x5F, 0x41, 0x57, 0xA1, 0x06, 0x00, 0x40, 0xF2, 0x1F, 0x09, 0x7E,
    0x08, 0xE7, 0x87, 0x10, 0xFE, 0x55, 0x05, 0x00, 0x90, 0x40, 0xCF, 0x27, 0xF5, 0x54, 0xA2, 0x9F,
    0x42, 0x59, 0x95, 0x06, 0x00, 0xBC, 0x40, 0x4F, 0x25, 0xF5, 0x7C, 0x42, 0x9F, 0x41, 0x55, 0xB9,
    0x06, 0x00, 0x98, 0x90, 0xCF, 0x23, 0xF8, 0x3C, 0xA2, 0x9F, 0x42, 0x56, 0xA9, 0x06, 0x00, 0x08,
    0xF1, 0x5F, 0x42, 0x2F, 0xA4, 0xF6, 0x06, 0x0A, 0x2B, 0xB1, 0x07, 0x00, 0xB8, 0xA7, 0x52, 0x3F,
    0x86, 0xF5, 0x43, 0x08, 0x7F, 0x02, 0x55, 0x05, 0x00, 0x88, 0x20, 0xCF, 0x27, 0xF2, 0x48, 0x72,
    0x5F, 0x41, 0x55, 0xBD, 0x06, 0x00, 0xF8, 0x23, 0xC9, 0x7F, 0xC4, 0xF8, 0x55, 0x04, 0x7F, 0x00,
    0x55, 0x05, 0x00, 0xBC, 0x50, 0x4F, 0x25, 0xFF, 0x54, 0x52, 0xDF, 0x43, 0x54, 0xB1, 0x06, 0x00,
    0x84, 0xE0, 0x0F, 0x2A, 0xE9, 0xA8, 0xC2, 0x1F, 0x40, 0x2A, 0xA5, 0x06, 0x00, 0x98, 0x90, 0x0F,
    0x22, 0xFF, 0x20, 0xF2, 0x5F, 0x42, 0x51, 0xBD, 0x06, 0x00, 0xBC, 0x90, 0xCF, 0x23, 0xF8, 0x3C,
    0x92, 0xDF, 0x43, 0x59, 0xB5, 0x06, 0x00, 0x30, 0xB1, 0x8F, 0x2A, 0xFF, 0xA8, 0xA2, 0xDF, 0x43,
    0x5A, 0x5D, 0x03, 0x00, 0x94, 0xF0, 0x4F, 0x25, 0xF4, 0x7C, 0x02, 0xDF, 0x43, 0x59, 0xBD, 0x06,
    0x00, 0x9C, 0x00, 0xCF, 0x27, 0xF4, 0x70, 0x52, 0x5F, 0x45, 0x5D, 0x8D, 0x06, 0x00, 0x90, 0xF0,
    0x8F, 0x29, 0xF5, 0xFC, 0x52, 0xDE, 0x47, 0x65, 0x71, 0x06, 0x00, 0x7C, 0x50, 0xCF, 0x27, 0xF5,
    0x54, 0xF2, 0x5F, 0x45, 0x55, 0xB5, 0x06, 0x00, 0x54, 0xF0, 0x4F, 0x25, 0xF5, 0x7C, 0x92, 0xDF,
    0x43, 0x59, 0xBD, 0x06, 0x00, 0x88, 0xF0, 0x4F, 0x25, 0xF7, 0x50, 0x22, 0xDF, 0x43, 0x52, 0xAD,
    0x06, 0x00, 0x54, 0xA5, 0xCA, 0x7F, 0x45, 0xF1, 0x41, 0x04, 0x7F, 0x00, 0x55, 0x05, 0x00, 0x90,
    0xF0, 0x4F, 0x24, 0xF2, 0x7C, 0x52, 0xDF, 0x43, 0x55, 0xBD, 0x06, 0x00, 0x70, 0x71, 0x9F, 0x4A,
    0xEF, 0x95, 0xF0, 0x1F, 0x41, 0x55, 0xBD, 0x06, 0x00, 0x20, 0xF1, 0x5F, 0x45, 0xFF, 0x55, 0xD0,
    0x1F, 0x40, 0x55, 0xA5, 0x06, 0x00, 0x7C, 0x91, 0x4E, 0x2A, 0xEF, 0x84, 0xF2, 0x5F, 0x45, 0x75,
    0x7D, 0x06, 0x00, 0x10, 0x22, 0xC4, 0x7B, 0x42, 0xFC, 0x27, 0x89, 0x7F, 0x00, 0x55, 0x05, 0x00,
    0xFC, 0x97, 0x4A, 0x7D, 0xA7, 0xF4, 0x57, 0x08, 0x7F, 0x02, 0xA5, 0x06, 0x00, 0xBC, 0x97, 0xD2,
    0x37, 0x24, 0xF5, 0x37, 0x84, 0x7F, 0x02, 0x55, 0x03, 0x00, 0x6C, 0x91, 0xDE, 0x4E, 0xE9, 0xED,
    0x60, 0xDD, 0x46, 0x6C, 0x4D, 0x06, 0x00, 0xE8, 0x52, 0x94, 0x2E, 0xEF, 0xE9, 0x42, 0x04, 0x7F,
    0x00, 0x55, 0x05, 0x00, 0x38, 0x25, 0xDF, 0x17, 0x75, 0x6D, 0x55, 0xC9, 0x3E, 0x55, 0xFD, 0x04,
    0x00, 0xD8, 0x23, 0xD0, 0x7F, 0x0D, 0xEC, 0xD7, 0xD4, 0x7E, 0xA5, 0x7C, 0x05, 0x00, 0xBC, 0x50,
    0xDE, 0x17, 0xE9, 0x7D, 0x55, 0xDA, 0x3F, 0xAA, 0xFC, 0x07, 0x00, 0x40, 0xF0, 0x5F, 0x12, 0xFF,
    0x25, 0xF5, 0x5F, 0x11, 0x75, 0x35, 0x07, 0x00, 0xFC, 0x97, 0xC4, 0x7F, 0x49, 0xFD, 0x97, 0x44,
    0x7F, 0x44, 0x0C, 0x07, 0x00, 0xFC, 0x97, 0xC4, 0x7F, 0x49, 0x74, 0x27, 0xC9, 0x7F, 0x54, 0x4C,
    0x06, 0x00, 0x10, 0xF5, 0x5F, 0x51, 0xDF, 0x55, 0xF5, 0x5F, 0x02, 0xAD, 0xEC, 0x04, 0x00, 0x10,
    0xF1, 0x9F, 0x2A, 0xFF, 0xA5, 0xF4, 0x5F, 0x11, 0x75, 0x39, 0x07, 0x00, 0xBC, 0x07, 0x80, 0x77,
    0xAA, 0xF8, 0x27, 0x95, 0x7F, 0x45, 0x74, 0x07, 0x00, 0xFC, 0x97, 0xC4, 0x7F, 0x49, 0x7C, 0x15,
    0xDD, 0x4F, 0x52, 0x65, 0x06, 0x00, 0x50, 0xF5, 0x45, 0x79, 0x5F, 0xD4, 0xF5, 0x5D, 0x55, 0xED,
    0x6D, 0x04, 0x00, 0x40, 0xF0, 0x1F, 0x2D, 0x5B, 0x51, 0xB2, 0x17, 0x11, 0x38, 0x1C, 0x07, 0x00,
    0x10, 0xF1, 0x5F, 0x13, 0xF6, 0x35, 0x41, 0xCB, 0x4A, 0x0C, 0xCC, 0x07, 0x00, 0x48, 0x70, 0x9F,
    0x4A, 0x6B, 0x89, 0xF4, 0x5F, 0x4D, 0x6E, 0x85, 0x06, 0x00, 0xE8, 0x77, 0x82, 0x7E, 0x57, 0xC9,
    0x75, 0x55, 0x7F, 0x06, 0xE4, 0x07, 0x00, 0x80, 0xF0, 0x5F, 0x22, 0xFF, 0x25, 0xD2, 0xCD, 0x6A,
    0x99, 0x24, 0x02, 0x00, 0x40, 0xF0, 0x5F, 0x12, 0xFF, 0x35, 0xB3, 0x55, 0x0A, 0x95, 0xF8, 0x07,
    0x00, 0x40, 0xF0, 0x5F, 0x22, 0xFF, 0x55, 0xB5, 0x4A, 0x7C, 0x1F, 0xC4, 0x07, 0x00, 0x10, 0xF1,
    0x1F, 0x11, 0xFF, 0x49, 0xE2, 0x8F, 0x24, 0xFE, 0x04, 0x04, 0x00, 0xF8, 0x03, 0xC1, 0x7F, 0x92,
    0xA4, 0x44, 0xC5, 0x64, 0x54, 0x6C, 0x06, 0x00, 0xBC, 0x40, 0xDE, 0x57, 0x26, 0x75, 0x42, 0xC6,
    0x64, 0x74, 0x6C, 0x06, 0x00, 0x7C, 0x41, 0xC4, 0x77, 0x56, 0x34, 0x61, 0x5F, 0x4B, 0x36, 0x95,
    0x07, 0x00, 0xF8, 0x63, 0x8D, 0x2E, 0x92, 0xF8, 0x03, 0xC1, 0x7F, 0x00, 0xA4, 0x04, 0x00, 0x7C,
    0x53, 0xD3, 0x06, 0xF5, 0x7D, 0x40, 0xDE, 0x47, 0x00, 0x55, 0x03, 0x00, 0x7C, 0x55, 0xD5, 0x17,
    0xF5, 0x7D, 0x41, 0xC4, 0x2F, 0xA0, 0x54, 0x04, 0x00, 0x90, 0xB4, 0x9F, 0x10, 0xFE, 0x50, 0x45,
    0xC5, 0x7F, 0x00, 0xA4, 0x04, 0x00, 0x7C, 0x51, 0xD5, 0x56, 0xF5, 0x7D, 0x41, 0xC4, 0x57, 0x50,
    0xD5, 0x07, 0x00, 0xBC, 0xD1, 0xC5, 0x7A, 0x55, 0xBD, 0x45, 0xD1, 0x53, 0x78, 0x15, 0x03, 0x00,
    0x7C, 0x51, 0xC5, 0x76, 0x55, 0x7C, 0x41, 0xDF, 0x47, 0x10, 0xD5, 0x07, 0x00, 0x3C, 0x51, 0xDF,
    0x12, 0xF5, 0x3D, 0x40, 0xDF, 0x47, 0x10, 0xD5, 0x07, 0x00, 0x50, 0xF1, 0x5F, 0x51, 0xFE, 0x48,
    0x42, 0xC5, 0x7F, 0x00, 0xA4, 0x04, 0x00, 0x7C, 0x51, 0xDF, 0x26, 0x95, 0xFC, 0x47, 0xD2, 0x7F,
    0x20, 0xD5, 0x07, 0x00, 0x58, 0xD1, 0x1F, 0x48, 0x7C, 0x59, 0x95, 0x4A, 0x3F, 0x01, 0x55, 0x05,
    0x00, 0x7C, 0x51, 0xDF, 0x13, 0xF5, 0x7D, 0x45, 0xDF, 0x4B, 0xE0, 0x54, 0x04, 0x00, 0xBC, 0x47,
    0xC9, 0x1F, 0xAA, 0xBD, 0x93, 0xD2, 0x7B, 0x29, 0xE0, 0x07, 0x00, 0xF4, 0x55, 0x54, 0x5F, 0x45,
    0xFD, 0x87, 0xC2, 0x7B, 0xAA, 0xA4, 0x02, 0x00, 0x10, 0xF1, 0x1F, 0x11, 0x5F, 0xC4, 0xF7, 0x91,
    0x2A, 0x6A, 0x7C, 0x06, 0x00, 0xBC, 0x47, 0xC4, 0x7B, 0xA9, 0xE8, 0xF1, 0x1C, 0x0E, 0xC7, 0xE1,
    0x00, 0x00, 0xBC, 0x47, 0xC4, 0x7B, 0xA9, 0x28, 0xF1, 0x9F, 0x04, 0xFF, 0x41, 0x00, 0x00, 0x9C,
    0x13, 0xC8, 0x39, 0x81, 0xFC, 0x13, 0xC9, 0x2D, 0x11, 0xDD, 0x05, 0x00, 0x6C, 0x11, 0xDF, 0x56,
    0xF1, 0x7D, 0x55, 0xD5, 0x7F, 0x15, 0xB4, 0x07, 0x00, 0xEC, 0x17, 0xD5, 0x76, 0x51, 0xFD, 0x57,
    0xD5, 0x37, 0x35, 0xB5, 0x07, 0x00, 0x20, 0xC0, 0x0F, 0x21, 0xFE, 0x49, 0xE4, 0x1F, 0x12, 0xFF,
    0x11, 0x01, 0x00, 0x90, 0xE7, 0x89, 0x24, 0x92, 0xFC, 0x57, 0xCA, 0x2F, 0x94, 0x4C, 0x02, 0x00,
    0x40, 0xF0, 0x9F, 0x2A, 0x55, 0x59, 0xD2, 0x1F, 0x21, 0xFE, 0x08, 0x02, 0x00, 0x40, 0xF0, 0x9F,
    0x2A, 0x55, 0xF1, 0x21, 0x88, 0x3F, 0x91, 0x54, 0x03, 0x00, 0xC8, 0x23, 0xC1, 0x7F, 0x28, 0x54,
    0xF5, 0x5F, 0x4A, 0x55, 0xFD, 0x07, 0x00, 0xB0, 0x52, 0xCA, 0x2B, 0xE8, 0xAD, 0xD2, 0xCA, 0x2A,
    0xED, 0x7C, 0x06, 0x00, 0xB4, 0x57, 0xD2, 0x7F, 0x2A, 0x95, 0xB4, 0x5E, 0x49, 0x2B, 0xFD, 0x07,
    0x00, 0xB4, 0x53, 0xD0, 0x07, 0xEA, 0x55, 0xB0, 0x5F, 0x55, 0x5B, 0x7D, 0x01, 0x00, 0xB4, 0x50,
    0xDE, 0x47, 0x7A, 0x55, 0xB5, 0x55, 0x5D, 0x1B, 0x7D, 0x03, 0x00, 0xF4, 0x57, 0xD1, 0x7F, 0x1A,
    0xD5, 0xB7, 0x45, 0x55, 0x9B, 0xFC, 0x04, 0x00, 0xB4, 0x57, 0xD2, 0x4B, 0xEA, 0x15, 0xB1, 0x5D,
    0x15, 0x7B, 0x3C, 0x06, 0x00, 0xB4, 0x57, 0xC4, 0x7F, 0x2A, 0xD5, 0xB7, 0x40, 0x7D, 0x1B, 0xFD,
    0x07, 0x00, 0xF4, 0x57, 0xC4, 0x7F, 0x4A, 0xD5, 0xB7, 0x44, 0x7F, 0x2B, 0xBD, 0x05, 0x00, 0xF4,
    0x57, 0xD1, 0x7F, 0x9A, 0xD4, 0xB7, 0x45, 0x7D, 0x4B, 0xFC, 0x07, 0x00, 0x88, 0xF7, 0x42, 0x79,
    0x0F, 0x81, 0xF7, 0x42, 0x7A, 0x2F, 0xA4, 0x07, 0x00, 0x80, 0xE0, 0x9F, 0x2A, 0xBE, 0x09, 0xE4,
    0x5B, 0x29, 0xBD, 0x90, 0x06, 0x00, 0x10, 0xF7, 0x91, 0x72, 0x5F, 0x44, 0xE7, 0x0F, 0x11, 0xFF,
    0x09, 0x02, 0x00, 0xF0, 0x21, 0xC2, 0x3F, 0xAA, 0xBC, 0xA7, 0xD3, 0x7B, 0x2A, 0xEC, 0x07, 0x00,
    0x40, 0x00, 0x01, 0x04, 0x10, 0x40, 0x00, 0x01, 0x04, 0x00, 0x40, 0x00, 0x00, 0x00, 0x40, 0x84,
    0x0A, 0x24, 0x40, 0x80, 0x04, 0x2A, 0x44, 0x00, 0x00, 0x00, 0x00, 0x00, 0x01, 0x0A, 0x28, 0x60,
    0x42, 0x0A, 0x11, 0xB8, 0x00, 0x00, 0x00, 0x00, 0x02, 0x04, 0x10, 0x20, 0x80, 0x00, 0x02, 0x10,
    0x40, 0x00, 0x02, 0x00, 0x08, 0x40, 0x00, 0x01, 0x08, 0x20, 0x80, 0x00, 0x01, 0x04, 0x08, 0x00,
    0x00, 0x00, 0x00, 0x00, 0x00, 0x30, 0xC0, 0x00, 0x02, 0x04, 0x00, 0x00, 0x00, 0x00, 0x00, 0x04,
    0x08, 0x10, 0x20, 0x40, 0x80, 0x00, 0x01, 0x02, 0x04, 0x00, 0x00, 0x00, 0x00, 0x03, 0x0C, 0x00,
    0x00, 0x00, 0x00, 0x0C, 0x30, 0x00, 0x00, 0x00, 0x00, 0x00, 0x03, 0x0C, 0x00, 0x00, 0x00, 0x03,
    0x0C, 0x20, 0x40, 0x00, 0x00, 0x00, 0x00, 0x00, 0x00, 0x0E, 0x44, 0x04, 0x0E, 0x00, 0x00, 0x00,
    0x00,
};

static const FontUTF8 utf8_10x10_font = { utf8_10x10_map, utf8_10x10_data, utf8_10x10_COUNT, utf8_10x10_WIDTH, utf8_10x10_HEIGHT };
